,-1,0,1,3,5,7,9,11,13,15,17,19,21,23,25,27,29,31,33,35,37,39,41,43,45,47,49,51,53,55,57,59,61,63,65,67,69,71,73,75,77,79,81,83,85,87,89,91,93,95,97,99,101,103,105,107,109,111,113,115,117,119,121,123,125,127,129,131,133,135,137,139,141,143,145,147,149,151,153,155,157,159,161,163,165,167,169,171,173,175,177,179,181,183,185,187,189,191,193,195,197,199,201,203,205,207,209
-1,0.0,42.63198471069336,82.03530883789062,104.63878631591797,98.2625732421875,106.52090454101562,81.36229705810547,82.87791442871094,86.79509735107422,115.05667877197266,137.1877899169922,109.64218139648438,112.52340698242188,123.23455047607422,126.73681640625,95.56554412841797,118.86817932128906,105.0553970336914,100.73036193847656,89.38014221191406,88.31454467773438,106.5047836303711,72.50322723388672,73.31964874267578,68.78993225097656,68.65845489501953,45.331050872802734,71.34921264648438,153.09153747558594,126.78939819335938,117.938720703125,105.82111358642578,108.54080200195312,131.01837158203125,87.9219741821289,88.58013916015625,57.5005989074707,120.14421844482422,93.16170501708984,106.4629898071289,63.659690856933594,86.92462158203125,86.97233581542969,78.6300048828125,104.36038208007812,91.11551666259766,60.47271728515625,85.59193420410156,67.0282974243164,74.0999755859375,94.95991516113281,85.17281341552734,68.82500457763672,50.14662551879883,67.77108001708984,71.40946197509766,48.62024688720703,39.565330505371094,39.834503173828125,40.09288024902344,49.73970031738281,34.73513412475586,109.46765899658203,115.12969207763672,101.33928680419922,99.51185607910156,127.24323272705078,107.07048797607422,115.32804107666016,118.11082458496094,127.29016876220703,153.9695281982422,144.6625518798828,126.65629577636719,130.03176879882812,87.54847717285156,85.49998474121094,69.80493927001953,68.52999877929688,154.54928588867188,119.77728271484375,140.45584106445312,111.22993469238281,102.94680786132812,54.28389358520508,72.84671020507812,67.1757583618164,90.22986602783203,84.05213165283203,54.396690368652344,54.41092300415039,71.66217041015625,40.7410774230957,63.55790710449219,64.67426300048828,62.75994873046875,71.7105484008789,72.56881713867188,80.45832824707031,51.75722122192383,59.115169525146484,113.323486328125,101.30427551269531,96.48121643066406,87.56770324707031,93.8825912475586,101.38726806640625
0,42.631988525390625,0.0,48.79207992553711,73.88052368164062,80.55825805664062,65.13031768798828,39.13805389404297,61.71941375732422,83.94682312011719,100.40169525146484,110.44556427001953,108.66413879394531,121.66859436035156,94.19945526123047,86.19599914550781,109.49513244628906,129.4009552001953,131.6153106689453,139.25363159179688,125.64850616455078,127.30369567871094,145.96990966796875,82.86495971679688,105.99524688720703,94.9840087890625,85.43114471435547,71.56358337402344,108.15718078613281,111.9971694946289,84.36904907226562,75.76810455322266,63.195533752441406,149.67373657226562,123.05851745605469,47.36924743652344,46.125057220458984,98.91339111328125,146.86549377441406,134.56321716308594,134.02542114257812,105.06897735595703,128.33392333984375,112.25589752197266,117.39733123779297,123.7821044921875,120.00862884521484,96.99662780761719,105.16545867919922,109.35464477539062,108.333984375,114.45040130615234,107.49213409423828,98.43684387207031,89.4935531616211,82.855224609375,91.89444732666016,90.4917221069336,78.12721252441406,67.76337432861328,81.98503875732422,91.1538314819336,54.35847091674805,132.94496154785156,134.81004333496094,66.1515121459961,71.79254913330078,90.43872833251953,68.92310333251953,81.52818298339844,98.23641204833984,99.23686218261719,115.70427703857422,125.73492431640625,124.05650329589844,144.95297241210938,55.77425003051758,48.52410888671875,52.601646423339844,39.743038177490234,114.34011840820312,149.64149475097656,101.46337890625,70.37212371826172,144.3483123779297,94.60987854003906,112.78850555419922,108.5772705078125,131.63137817382812,125.18507385253906,20.390941619873047,31.442962646484375,61.48524475097656,35.8721923828125,32.35224533081055,22.412216186523438,68.48921203613281,81.4005126953125,71.76709747314453,83.12698364257812,64.30853271484375,58.732330322265625,107.34571075439453,116.87347412109375,98.80433654785156,98.92669677734375,78.12786102294922,80.37593078613281
1,82.03531646728516,48.79207992553711,0.0,25.382497787475586,41.78339767456055,29.345760345458984,20.87618064880371,26.965087890625,60.86969757080078,58.07539367675781,63.224613189697266,77.35245513916016,77.43782806396484,45.79236602783203,44.84600067138672,91.88034057617188,81.0065689086914,85.45356750488281,94.48181915283203,101.58367156982422,106.19194793701172,98.66620635986328,74.8049545288086,114.32453918457031,100.13925170898438,85.55469512939453,84.70565032958984,118.5365219116211,73.4217529296875,50.606502532958984,57.77979278564453,42.5877571105957,110.0783920288086,80.14530944824219,56.258880615234375,40.37567901611328,120.4126968383789,138.0726776123047,152.7765350341797,150.324951171875,125.93571472167969,149.18861389160156,160.03021240234375,147.2281494140625,154.84368896484375,165.7603302001953,141.16429138183594,153.4053497314453,139.73031616210938,154.79150390625,162.69032287597656,155.3976593017578,145.87338256835938,131.38629150390625,131.27670288085938,139.8791961669922,121.66354370117188,119.9732437133789,115.19993591308594,120.65512084960938,115.84666442871094,102.21650695800781,145.1784210205078,143.369873046875,84.63349914550781,98.00496673583984,90.59453582763672,77.2662582397461,97.71168518066406,130.91375732421875,111.79642486572266,99.07721710205078,118.67438507080078,138.949951171875,117.47283935546875,83.90504455566406,67.21512603759766,94.61956024169922,76.94489288330078,82.20236206054688,111.53191375732422,85.39508819580078,64.35502624511719,138.606689453125,113.30960845947266,123.54200744628906,129.30120849609375,131.5792999267578,121.33212280273438,59.79602813720703,27.767030715942383,41.20830154418945,84.12138366699219,18.754152297973633,40.45471954345703,62.41960525512695,130.19256591796875,117.25169372558594,128.50877380371094,112.88886260986328,105.83755493164062,146.80599975585938,165.29498291015625,143.9592742919922,147.6776885986328,118.27664947509766,115.52131652832031
3,104.63878631591797,73.88053131103516,25.382497787475586,0.0,29.86736488342285,29.365299224853516,41.237831115722656,28.776521682739258,59.05558395385742,39.084957122802734,38.87201690673828,59.96937561035156,56.01322937011719,20.520790100097656,27.245811462402344,78.90768432617188,55.636497497558594,60.81317901611328,69.23487854003906,78.33438110351562,81.17595672607422,73.29613494873047,79.9299087524414,98.13636016845703,105.75061798095703,91.70462036132812,97.07398223876953,95.11101531982422,57.95661163330078,42.00225830078125,59.57195281982422,50.31507873535156,85.29730987548828,57.40104675292969,74.25228881835938,57.859806060791016,134.2382049560547,122.4712905883789,127.46443176269531,135.8086395263672,124.8086166381836,135.87753295898438,153.9866485595703,143.9886474609375,142.68267822265625,151.60397338867188,161.50469970703125,160.8091583251953,151.25592041015625,157.11993408203125,151.80917358398438,157.3926544189453,168.74411010742188,150.78089904785156,156.1081085205078,164.58950805664062,139.1559295654297,143.52557373046875,139.8404998779297,140.187744140625,132.43508911132812,126.86947631835938,132.05303955078125,131.1167449951172,100.7447280883789,116.25637817382812,93.13884735107422,86.83595275878906,105.3734130859375,141.3053741455078,113.03810119628906,89.5339126586914,108.5513687133789,133.15773010253906,101.0781021118164,104.42478942871094,86.9117431640625,117.98963928222656,99.91182708740234,69.14581298828125,91.48368072509766,78.3775405883789,72.64010620117188,116.27312469482422,112.17778015136719,98.40804290771484,115.5130615234375,106.28141021728516,96.00694274902344,84.40457153320312,50.22787857055664,47.79421615600586,109.46650695800781,43.12583541870117,63.5274543762207,71.10492706298828,155.17269897460938,141.47999572753906,152.72679138183594,137.76620483398438,131.01426696777344,165.14501953125,157.23606872558594,167.93507385253906,172.62277221679688,140.49571228027344,135.0705108642578
5,98.26255798339844,80.55826568603516,41.78340148925781,29.867366790771484,0.0,59.1056022644043,62.605018615722656,19.02547264099121,29.811405181884766,19.860376358032227,48.124874114990234,35.81694793701172,41.169281005859375,30.558666229248047,52.98619842529297,53.7575798034668,56.59325408935547,51.348060607910156,62.021602630615234,64.00442504882812,72.43500518798828,70.77033233642578,52.8055534362793,79.72900390625,79.0460205078125,65.07891845703125,77.38037872314453,81.9967041015625,79.0233154296875,69.50010681152344,88.78910827636719,80.06978607177734,87.07667541503906,66.76812744140625,97.77057647705078,82.13090515136719,117.77239227294922,138.06556701660156,122.35661315917969,143.39981079101562,115.08522033691406,129.31419372558594,158.33702087402344,136.7586212158203,160.3605194091797,148.887939453125,146.4408416748047,178.08428955078125,139.5968017578125,150.414306640625,169.4274444580078,169.09571838378906,160.710693359375,136.266357421875,156.73829650878906,164.53929138183594,123.50852966308594,131.28517150878906,136.7616729736328,126.73441314697266,116.23390197753906,126.16222381591797,148.61705017089844,148.62521362304688,125.92485046386719,138.63978576660156,121.83563995361328,116.37832641601562,134.59425354003906,170.15493774414062,139.86550903320312,113.78902435302734,129.0618438720703,152.8584442138672,116.44661712646484,123.58429718017578,108.21759033203125,132.1913299560547,115.41741943359375,92.0134048461914,102.05763244628906,104.91996002197266,102.13247680664062,115.7735595703125,99.85555267333984,89.97059631347656,108.20051574707031,102.50479125976562,89.55516815185547,97.48475646972656,49.44554901123047,29.0647029876709,115.29054260253906,49.71268844604492,79.26969146728516,47.79579162597656,157.02525329589844,152.16378784179688,163.523681640625,138.7191619873047,138.9982147216797,185.38116455078125,175.30636596679688,179.20103454589844,173.92886352539062,156.34408569335938,154.93272399902344
7,106.5208969116211,65.13031768798828,29.34575653076172,29.36529541015625,59.10559844970703,0.0,25.992258071899414,52.56296920776367,87.08971405029297,65.73943328857422,48.63186264038086,87.14430236816406,80.44927978515625,40.47529220581055,21.549488067626953,106.18211364746094,67.29084014892578,81.53753662109375,85.42866516113281,100.3743896484375,98.27852630615234,81.97547149658203,103.69060516357422,119.6214599609375,129.47640991210938,114.74566650390625,113.6479721069336,115.29286193847656,48.49076843261719,21.522804260253906,31.811481475830078,20.97711753845215,88.78756713867188,58.05453109741211,47.26712417602539,32.36262130737305,148.8548583984375,110.09317779541016,132.45082092285156,122.23818969726562,138.42869567871094,144.11595153808594,139.69920349121094,155.52276611328125,126.2471694946289,137.65676879882812,162.12693786621094,144.57699584960938,164.41078186035156,157.96701049804688,135.42832946777344,142.50326538085938,158.42141723632812,154.3809814453125,146.6417999267578,156.24066162109375,148.66000366210938,142.8319091796875,132.72828674316406,146.45443725585938,143.6654815673828,119.02722930908203,117.06517028808594,114.83302307128906,71.6042251586914,87.96052551269531,66.25463104248047,57.94806671142578,77.10803985595703,113.36437225341797,87.48353576660156,69.81778717041016,89.49102783203125,111.49055480957031,90.04801177978516,78.29432678222656,60.26893615722656,98.90704345703125,79.80584716796875,54.29695129394531,86.70111083984375,57.15391159057617,43.83193588256836,113.73176574707031,131.6153106689453,113.9576187133789,127.9019775390625,111.65364837646484,106.67170715332031,69.88147735595703,55.30351257324219,70.01467895507812,96.88811492919922,44.78289031982422,48.30256271362305,91.68134307861328,144.07708740234375,125.2552490234375,136.36102294921875,127.90387725830078,116.6817626953125,137.1985626220703,138.67022705078125,148.39669799804688,162.00559997558594,117.71241760253906,106.41799926757812
9,81.36229705810547,39.1380615234375,20.876182556152344,41.23784255981445,62.60501480102539,25.992259979248047,0.0,46.74638748168945,79.54669189453125,78.43418884277344,72.4831314086914,98.22189331054688,97.07137298583984,59.799190521240234,47.057926177978516,109.91914367675781,91.65907287597656,101.40927124023438,107.71501922607422,119.35077667236328,120.49687957763672,107.36941528320312,90.58425903320312,127.1583251953125,113.40658569335938,99.5727310180664,93.85810852050781,131.29205322265625,73.03274536132812,45.42766571044922,42.74106979370117,26.890241622924805,114.6847152709961,83.92048645019531,35.384761810302734,19.538232803344727,126.87488555908203,129.1329345703125,155.28167724609375,140.97747802734375,132.89048767089844,156.14512634277344,151.24859619140625,154.18292236328125,144.33628845214844,156.31448364257812,136.1346893310547,143.75091552734375,144.1618194580078,147.41326904296875,153.035888671875,146.3313446044922,137.51614379882812,128.57408142089844,121.31387329101562,130.64065551757812,125.46977233886719,117.04224395751953,106.84268188476562,120.8219985961914,121.13291931152344,93.28803253173828,135.70205688476562,133.05174255371094,63.75731658935547,77.2687759399414,72.99847412109375,57.06774139404297,77.34607696533203,110.13932037353516,94.10894012451172,86.8044204711914,105.78140258789062,121.69619750976562,110.92435455322266,63.79079818725586,46.64057922363281,77.36084747314453,59.00579833984375,76.7579116821289,111.13641357421875,71.33390808105469,45.99283981323242,138.1564178466797,120.75829315185547,136.93540954589844,136.25938415527344,137.4997100830078,132.05740356445312,45.978614807128906,34.28834533691406,58.09796142578125,72.02133178710938,23.733802795410156,24.117759704589844,76.71241760253906,118.98959350585938,102.71460723876953,113.88488006591797,102.60973358154297,92.68610382080078,127.49292755126953,146.7017822265625,128.38638305664062,136.84852600097656,99.28826904296875,95.22450256347656
11,82.87791442871094,61.719398498535156,26.965085983276367,28.77652359008789,19.025470733642578,52.56296920776367,46.746395111083984,0.0,34.57590866088867,38.85094451904297,61.968528747558594,51.72728729248047,60.091957092285156,42.57141876220703,55.97623062133789,65.68477630615234,71.70549774169922,69.95543670654297,79.8553237915039,82.96302795410156,90.99433135986328,87.16393280029297,51.56752395629883,91.2464599609375,77.80799102783203,63.11371994018555,68.5947494506836,98.86553192138672,86.50105285644531,70.67422485351562,83.47766876220703,68.62500762939453,102.74687194824219,80.818359375,81.60066223144531,66.17208099365234,107.74529266357422,149.96728515625,140.0448455810547,161.03404235839844,111.07378387451172,134.12950134277344,164.875,132.42079162597656,171.41262817382812,156.56600952148438,134.6138458251953,161.1351318359375,129.08309936523438,148.24105834960938,170.46713256835938,162.15452575683594,148.50347900390625,124.13441467285156,139.3097686767578,147.1809844970703,111.9823989868164,117.76824951171875,120.7677993774414,114.07243347167969,105.1517333984375,108.86834716796875,160.0858917236328,159.85366821289062,109.44993591308594,121.57333374023438,117.23474884033203,103.58406066894531,123.4814453125,154.5501251220703,138.50318908691406,118.21939086914062,137.2584228515625,161.84323120117188,128.30995178222656,106.29170989990234,91.63031768798828,113.24349212646484,97.26156616210938,97.88272857666016,116.89024353027344,107.0630111694336,91.17697143554688,132.83949279785156,97.67534637451172,108.41615295410156,114.06759643554688,120.09722900390625,107.26412200927734,78.7090835571289,31.288965225219727,19.05701446533203,97.27702331542969,31.2278995513916,61.51118469238281,42.36772918701172,139.50042724609375,133.38275146484375,144.74264526367188,121.27201843261719,120.4115982055664,166.81869506835938,173.35104370117188,160.4103240966797,156.46136474609375,137.61167907714844,137.12081909179688
13,86.79508209228516,83.94682312011719,60.869693756103516,59.05558776855469,29.8114070892334,87.08973693847656,79.54670715332031,34.575904846191406,0.0,32.69853973388672,71.65228271484375,25.36529541015625,42.97942352294922,57.221435546875,82.72484588623047,31.140727996826172,70.84534454345703,55.52238464355469,68.10677337646484,57.40861892700195,72.44953918457031,81.23573303222656,24.342060089111328,58.52891540527344,50.020423889160156,37.190982818603516,53.998939514160156,66.37897491455078,104.31853485107422,99.28652954101562,118.05358123779297,103.0749740600586,98.89852142333984,86.75572967529297,112.66838073730469,98.29437255859375,93.87920379638672,145.0744171142578,120.0604019165039,143.1773223876953,93.51978302001953,115.78089904785156,146.72256469726562,115.25140380859375,173.30445861816406,138.2220458984375,123.45310974121094,158.77894592285156,116.0087661743164,132.148681640625,168.455078125,155.95217895507812,137.77720642089844,113.3132095336914,151.08587646484375,146.4318389892578,100.40113830566406,109.65867614746094,120.13079071044922,103.90311431884766,92.93467712402344,119.61369323730469,155.75100708007812,167.5775909423828,139.8511199951172,150.5803680419922,151.46121215820312,136.61447143554688,154.1988067626953,181.75918579101562,169.6407928466797,138.47808837890625,151.8052520751953,174.12039184570312,134.0935821533203,134.75465393066406,121.90623474121094,136.48959350585938,123.17790985107422,117.32819366455078,115.76463317871094,134.4741668701172,124.76737976074219,120.89439392089844,76.1770248413086,82.08609771728516,93.78421020507812,107.36737060546875,93.63419342041016,103.59114837646484,53.444557189941406,22.50730323791504,114.34751892089844,59.04661178588867,90.20796203613281,25.480243682861328,153.10968017578125,152.54269409179688,161.67510986328125,133.80641174316406,137.7828826904297,191.28347778320312,182.77757263183594,177.7863311767578,169.41676330566406,162.0723419189453,163.608154296875
15,115.05665588378906,100.40172576904297,58.07539749145508,39.0849609375,19.860376358032227,65.73943328857422,78.4341812133789,38.8509407043457,32.69853973388672,0.0,39.00804901123047,21.40487289428711,21.308908462524414,28.26173210144043,55.090431213378906,40.4615364074707,40.88478088378906,31.589868545532227,43.076168060302734,44.194541931152344,52.76357650756836,53.909095764160156,55.5364875793457,63.12434768676758,67.2392578125,67.13225555419922,86.4764175415039,62.2254753112793,71.89323425292969,72.81302642822266,93.96043395996094,86.07626342773438,70.981689453125,54.63754653930664,112.7605972290039,96.74366760253906,102.20623779296875,121.29598236083984,103.43179321289062,124.50968933105469,95.25216674804688,110.31409454345703,139.37026977539062,117.0098876953125,148.4639129638672,129.95120239257812,137.74978637695312,165.02828979492188,120.73737335205078,131.40086364746094,157.5041961669922,150.12896728515625,143.12559509277344,128.2174835205078,174.42453002929688,163.2360382080078,114.15216827392578,126.61767578125,140.1712646484375,119.7228775024414,104.56916046142578,144.99571228027344,135.69174194335938,136.63206481933594,136.2982635498047,152.13246154785156,123.07940673828125,122.04130554199219,136.00778198242188,169.09788513183594,138.88916015625,105.95063018798828,120.00946807861328,142.74745178222656,103.36190032958984,141.9661102294922,125.02684020996094,151.8179473876953,134.5152130126953,84.86744689941406,86.34053039550781,104.86774444580078,107.76112365722656,96.98640441894531,80.04566955566406,70.44136047363281,89.09075927734375,83.65489959716797,70.57963562011719,117.00725555419922,69.1592788696289,43.443546295166016,134.75360107421875,69.3405532836914,98.20002746582031,57.89875411987305,175.90670776367188,171.97702026367188,183.3369140625,157.55262756347656,158.6533660888672,181.09103393554688,163.75135803222656,198.4919891357422,190.96482849121094,175.81878662109375,165.8059539794922
17,137.1877899169922,110.44556427001953,63.224605560302734,38.87202453613281,48.12487030029297,48.631858825683594,72.48311614990234,61.96852493286133,71.65226745605469,39.0080451965332,0.0,55.987892150878906,39.25684356689453,20.28748893737793,27.15188980102539,71.98860931396484,19.34015655517578,35.198387145996094,37.429115295410156,54.02552032470703,50.56401824951172,36.256046295166016,94.20977783203125,72.02651977539062,86.23255157470703,99.69068145751953,104.78703308105469,67.2717056274414,32.975650787353516,40.04368591308594,62.43229675292969,63.72874069213867,46.908599853515625,18.849843978881836,90.91932678222656,80.29847717285156,104.41141510009766,90.06092071533203,90.08918762207031,103.54402160644531,91.38534545898438,99.5672607421875,122.19102478027344,108.71944427490234,112.2801513671875,117.16387939453125,129.11749267578125,130.02044677734375,117.44677734375,120.93245697021484,121.34708404541016,125.86155700683594,132.4075469970703,131.46356201171875,153.7052764892578,141.77687072753906,117.38780975341797,129.8898162841797,143.46080017089844,122.97956085205078,107.78971862792969,156.69342041015625,100.55325317382812,100.54986572265625,102.86815643310547,115.44831085205078,86.1578140258789,88.21085357666016,99.15464782714844,130.11883544921875,99.89637756347656,66.95313262939453,81.11714172363281,104.73360443115234,68.41568756103516,117.97624206542969,101.74122619628906,143.80706787109375,125.60030364990234,45.913936614990234,55.0305061340332,67.69938659667969,77.07594299316406,77.98141479492188,83.16443634033203,66.44352722167969,80.96849822998047,68.85755920410156,59.954872131347656,118.28691864013672,89.00457763671875,77.07911682128906,144.5044708251953,81.92650604248047,96.4264907836914,95.58834838867188,173.1963653564453,169.7052459716797,175.94659423828125,172.19508361816406,163.93002319335938,143.29000854492188,127.21056365966797,160.83099365234375,154.44847106933594,146.56190490722656,128.8843994140625
19,109.64218139648438,108.6641616821289,77.35246276855469,59.969383239746094,35.816951751708984,87.14429473876953,98.22189331054688,51.72728729248047,25.365299224853516,21.404870986938477,55.98788070678711,0.0,19.46803855895996,49.358978271484375,76.20378875732422,19.192569732666016,49.904701232910156,31.286434173583984,43.48653030395508,33.72486877441406,47.10273361206055,56.73482894897461,39.37350845336914,44.3900032043457,45.83437728881836,46.285545349121094,69.72857666015625,49.37724304199219,87.48783111572266,93.37355041503906,115.2758560180664,107.48113250732422,74.41082763671875,65.99333190917969,133.27423095703125,117.2798843383789,88.71217346191406,120.06622314453125,101.5999526977539,122.90438842773438,83.22467803955078,102.74112701416016,133.5548858642578,105.1787109375,153.76324462890625,124.8711166381836,123.32571411132812,159.27700805664062,108.27607727050781,121.18833923339844,160.64532470703125,143.91282653808594,133.48739624023438,113.76316833496094,159.71690368652344,148.62376403808594,99.75332641601562,111.98401641845703,125.37489318847656,105.14473724365234,90.50016021728516,138.56642150878906,134.26800537109375,145.0493927001953,157.26736450195312,170.55128479003906,141.40321350097656,142.54981994628906,154.3632049560547,180.1902313232422,151.5911865234375,118.34610748291016,130.82391357421875,152.9014129638672,111.72215270996094,157.27491760253906,143.15719604492188,161.10923767089844,147.1192626953125,98.67446899414062,92.5323486328125,122.6402816772461,129.08726501464844,95.88621520996094,66.30049896240234,62.398033142089844,79.80278778076172,82.35919189453125,68.52381134033203,127.64979553222656,77.70156860351562,47.35523223876953,139.6103515625,81.02298736572266,112.38878631591797,47.17186737060547,178.03033447265625,177.80764770507812,186.631103515625,156.25697326660156,162.96131896972656,191.0709686279297,172.96859741210938,202.7205810546875,185.33792114257812,186.40478515625,181.94056701660156
21,112.52338409423828,121.66858673095703,77.4378433227539,56.01323318481445,41.16928482055664,80.44927215576172,97.07138061523438,60.09196090698242,42.979434967041016,21.308908462524414,39.25684356689453,19.46803855895996,0.0,40.138423919677734,63.827293395996094,33.0578498840332,30.552196502685547,12.696534156799316,25.315662384033203,24.217185974121094,32.47151184082031,38.27115249633789,57.20173645019531,43.62873077392578,53.047080993652344,61.36833190917969,76.69239044189453,41.266746520996094,69.54415893554688,79.27523040771484,101.663818359375,100.25617218017578,55.92113494873047,46.96959686279297,127.6668701171875,112.8118896484375,81.05000305175781,102.78054809570312,84.54711151123047,105.77423095703125,74.0155258178711,91.19464111328125,120.40731048583984,95.77325439453125,136.54278564453125,111.00989532470703,116.54346466064453,146.08697509765625,99.53794860839844,111.46755981445312,143.51516723632812,131.166015625,123.70933532714844,107.11961364746094,153.32664489746094,142.13819885253906,93.05431365966797,105.51980590820312,119.07341003417969,98.62501525878906,83.47114562988281,132.29664611816406,117.04757690429688,126.14168548583984,142.1243438720703,154.68206787109375,124.0760269165039,127.46705627441406,138.19798278808594,160.78526306152344,132.3304901123047,99.0411605834961,111.4261245727539,133.43336486816406,92.4853515625,157.2324981689453,140.29055786132812,171.93405151367188,154.31405639648438,79.7455062866211,73.51947784423828,103.80567169189453,116.32888793945312,78.5707015991211,58.90574645996094,49.98655319213867,69.31904602050781,65.0647201538086,51.5495491027832,137.11326599121094,90.46817779541016,61.361907958984375,151.30787658691406,90.231689453125,117.83885955810547,66.61933898925781,172.6312255859375,178.55044555664062,185.66827392578125,149.9805908203125,166.37796020507812,171.6029052734375,153.68760681152344,188.91046142578125,178.94766235351562,180.6834716796875,162.7733917236328
23,123.23452758789062,94.19947814941406,45.7923583984375,20.52079200744629,30.558670043945312,40.47529220581055,59.799190521240234,42.57141876220703,57.221435546875,28.261730194091797,20.28748893737793,49.358985900878906,40.13842010498047,0.0,26.877748489379883,68.53073120117188,35.27360916137695,41.69044494628906,48.74622344970703,60.17408752441406,60.7959098815918,52.92841720581055,81.46066284179688,80.01329803466797,92.92598724365234,94.26670837402344,107.60323333740234,75.8711166381836,48.46464157104492,44.670982360839844,66.62214660644531,60.64475631713867,65.2486343383789,39.137332916259766,87.72012329101562,72.68902587890625,114.72533416748047,108.80096435546875,107.12965393066406,122.26522064208984,104.3199462890625,115.42776489257812,140.849853515625,123.5161361694336,130.83665466308594,134.12774658203125,144.1064453125,148.60183715820312,130.76724243164062,136.6701202392578,139.91534423828125,144.49156188964844,148.2943115234375,140.9344024658203,172.2866668701172,160.4069061279297,126.86164093017578,139.33460998535156,152.897705078125,132.43978881835938,117.27058410644531,146.62632751464844,119.18328857421875,119.11814880371094,109.95885467529297,124.31957244873047,95.35768127441406,95.09024047851562,108.25088500976562,143.66180419921875,112.74044036865234,83.26664733886719,98.94219970703125,123.0195083618164,87.13688659667969,118.22503662109375,100.66642761230469,137.1600341796875,118.78825378417969,61.45720672607422,74.330322265625,77.25959777832031,81.30027770996094,96.16390228271484,92.6891860961914,77.8982925415039,95.04055786132812,85.94750213623047,75.55715942382812,104.80425262451172,68.8236083984375,58.285865783691406,129.83819580078125,62.88431167602539,83.13291931152344,78.311279296875,175.35130310058594,161.74964904785156,172.946533203125,157.787841796875,151.4280548095703,161.5704345703125,145.71951293945312,179.11370849609375,172.95742797851562,155.75289916992188,138.0842742919922
25,126.73680114746094,86.19599151611328,44.84599685668945,27.245807647705078,52.98619079589844,21.54948616027832,47.057926177978516,55.976234436035156,82.724853515625,55.09042739868164,27.151887893676758,76.20378875732422,63.827293395996094,26.877748489379883,0.0,95.33601379394531,45.893550872802734,61.85729217529297,64.0313720703125,80.9891586303711,76.94963073730469,60.698524475097656,105.72279357910156,99.17756652832031,113.38359832763672,117.96913146972656,123.48441314697266,94.42021179199219,31.618745803833008,17.928752899169922,39.77012634277344,37.5318489074707,67.6787338256836,36.93989562988281,65.7896728515625,53.54386520385742,130.36187744140625,97.18939971923828,111.89735412597656,109.78205108642578,117.15177154541016,122.88645935058594,127.5054931640625,134.2458038330078,115.4369125366211,125.3694076538086,154.4186248779297,133.59068298339844,143.1338348388672,144.4878692626953,124.56342315673828,130.4318389892578,146.17796325683594,158.4423828125,157.1796417236328,146.12289428710938,144.36660766601562,156.892822265625,153.81837463378906,149.96115112304688,134.7654266357422,140.16860961914062,104.98548889160156,103.88510131835938,83.20406341552734,97.96209716796875,69.29766845703125,68.36624145507812,82.11601257324219,117.60873413085938,87.03398132324219,62.7850341796875,81.51464080810547,106.2992172241211,76.03336334228516,94.449462890625,77.15198516845703,119.04400634765625,100.57410430908203,41.933937072753906,67.3813247680664,51.95262145996094,54.916988372802734,94.61759948730469,110.16610717773438,92.62872314453125,106.62503814697266,90.53190612792969,85.394775390625,91.35440826416016,72.32588195800781,75.03026580810547,118.28939056396484,63.32443618774414,69.72657012939453,98.3409652709961,165.43377685546875,145.8090362548828,156.85797119140625,149.19287109375,137.8609619140625,141.4501495361328,129.99024963378906,153.66822814941406,157.23658752441406,129.69290161132812,112.02426147460938
27,95.56554412841797,109.49510955810547,91.88034057617188,78.9076919555664,53.757591247558594,106.18213653564453,109.91915130615234,65.68476867675781,31.14072608947754,40.46154022216797,71.98860168457031,19.192567825317383,33.05785369873047,68.53073120117188,95.33602905273438,0.0,61.67670822143555,39.89242172241211,49.63724136352539,30.701400756835938,47.087398529052734,62.44270324707031,27.854022979736328,28.677837371826172,26.842939376831055,28.553428649902344,50.5360107421875,35.823699951171875,102.25759887695312,111.61751556396484,134.0077362060547,126.52427673339844,79.5089111328125,78.89894104003906,142.56491088867188,128.5611114501953,72.5785903930664,116.52239990234375,91.01139831542969,114.16516876220703,67.6700668334961,87.46480560302734,118.35511779785156,89.63395690917969,144.60134887695312,109.7228012084961,106.72203063964844,143.51719665527344,92.57579803466797,105.67446899414062,146.71536254882812,128.6901092529297,117.9864501953125,97.10733032226562,142.89236450195312,131.88487243652344,83.16197967529297,95.18461608886719,108.45268249511719,88.42115020751953,74.13309478759766,120.99887084960938,126.76500701904297,139.41934204101562,169.24900817871094,178.31655883789062,154.87306213378906,159.936279296875,168.69760131835938,188.13648986816406,162.53335571289062,129.01808166503906,139.70826721191406,159.11427307128906,117.09507751464844,162.44708251953125,151.109619140625,160.68861389160156,149.22604370117188,111.39046478271484,98.39429473876953,135.19757080078125,148.18499755859375,96.39822387695312,50.38391876220703,51.75457000732422,64.89177703857422,82.5840072631836,67.85530853271484,129.28871154785156,81.07597351074219,51.990257263183594,133.7300262451172,88.5490951538086,118.73075866699219,41.94287109375,161.80075073242188,165.95791625976562,173.56948852539062,139.14181518554688,153.63815307617188,191.80532836914062,167.03097534179688,189.24131774902344,168.5133819580078,186.88162231445312,189.82785034179688
29,118.86817932128906,129.40097045898438,81.00657653808594,55.63648986816406,56.59326171875,67.29084014892578,91.65907287597656,71.70549774169922,70.84532928466797,40.88478469848633,19.340160369873047,49.90469741821289,30.552196502685547,35.27361297607422,45.8935546875,61.67669677734375,0.0,21.846248626708984,18.1378231048584,38.51947784423828,31.27801513671875,17.65963363647461,87.11367797851562,54.716957092285156,68.92298889160156,83.7066650390625,87.20083618164062,49.72673797607422,41.065635681152344,56.79426956176758,77.78042602539062,81.5111312866211,31.404285430908203,17.520790100097656,108.48136901855469,98.3010482788086,85.08021545410156,83.2646713256836,71.97537994384766,92.14091491699219,72.0809555053711,80.82426452636719,108.59394836425781,89.61775970458984,108.65736389160156,98.87481689453125,110.01657104492188,125.76612854003906,98.14936828613281,102.14140319824219,117.68843841552734,119.23731231689453,113.6907958984375,112.6624526977539,149.55918884277344,135.64549255371094,98.58670806884766,111.1695785522461,124.7476806640625,104.19585418701172,88.98548889160156,137.9802703857422,95.75865173339844,96.76637268066406,117.31522369384766,124.67669677734375,93.63072204589844,102.75668334960938,107.7360610961914,130.3588104248047,101.8110122680664,68.52169799804688,80.97923278808594,103.2750473022461,63.282344818115234,132.5730743408203,118.66474914550781,159.10397338867188,143.13002014160156,49.7137565612793,45.46437072753906,73.64714050292969,91.7801284790039,61.963836669921875,64.6418685913086,47.10337829589844,61.6754264831543,51.04430389404297,41.09349060058594,136.89756774902344,101.26461029052734,84.14572143554688,157.1886444091797,97.40994262695312,115.52800750732422,96.29638671875,169.74790954589844,177.40855407714844,174.50979614257812,155.6618194580078,172.1726531982422,141.5804443359375,124.05411529541016,158.96731567382812,151.2676239013672,150.16909790039062,132.25901794433594
31,105.05540466308594,131.61532592773438,85.45356750488281,60.81318283081055,51.34806823730469,81.53752136230469,101.40925598144531,69.95543670654297,55.52238082885742,31.58987045288086,35.19839096069336,31.286436080932617,12.696534156799316,41.6904411315918,61.85728073120117,39.892425537109375,21.846248626708984,0.0,12.61912727355957,19.132217407226562,21.17371368408203,25.744525909423828,67.04671478271484,38.395870208740234,52.32817459106445,64.76761627197266,71.82200622558594,34.3266487121582,62.732547760009766,75.13603210449219,97.52462005615234,98.87452697753906,43.42052459716797,39.136199951171875,126.11772155761719,113.78495788574219,73.42506408691406,90.42508697509766,72.4009017944336,93.51634979248047,66.22238159179688,79.21931457519531,108.33936309814453,86.52025604248047,124.23838806152344,98.9202880859375,107.2076644897461,133.9973907470703,91.86585235595703,100.30607604980469,131.25729370117188,119.09805297851562,112.03077697753906,99.59693145751953,145.80398559570312,134.61550903320312,85.53163146972656,97.99713134765625,111.56027221679688,91.10233306884766,75.94220733642578,124.78349304199219,104.74317932128906,113.95502471923828,137.79689025878906,145.727294921875,114.98066711425781,123.14529418945312,128.8051300048828,149.7680206298828,122.67378234863281,89.1854019165039,100.57379150390625,121.79080200195312,80.44474792480469,152.92662048339844,136.93959045410156,172.67994689941406,160.40257263183594,71.53082275390625,61.34091567993164,95.3051986694336,112.03836059570312,66.16973114013672,51.36459732055664,38.964263916015625,57.96215057373047,52.71723175048828,39.51171112060547,144.98138427734375,100.71086120605469,73.31216430664062,143.80259704589844,99.75318908691406,124.16752624511719,78.45831298828125,165.11807250976562,171.0385284423828,178.1551513671875,142.46743774414062,158.8660430908203,159.88809204101562,141.69113159179688,177.1107635498047,168.8982391357422,171.1471405029297,153.237060546875
33,100.73036193847656,139.25364685058594,94.48184204101562,69.23487091064453,62.02159881591797,85.42867279052734,107.71501922607422,79.8553237915039,68.10676574707031,43.076168060302734,37.42911911010742,43.486534118652344,25.315662384033203,48.74622344970703,64.03138732910156,49.637245178222656,18.1378231048584,12.619128227233887,0.0,20.725749969482422,13.140192985534668,13.296215057373047,75.15983581542969,36.579132080078125,50.7851676940918,65.56884002685547,69.06303405761719,31.588912963867188,57.6728515625,74.93209075927734,95.73017883300781,99.6489486694336,30.962949752807617,34.210609436035156,126.61920166015625,116.43888092041016,67.11348724365234,78.23665618896484,60.371116638183594,81.43351745605469,55.57371139526367,67.29914093017578,96.34476470947266,74.88294982910156,112.11076354980469,86.90242004394531,95.48787689208984,121.97952270507812,82.0210189819336,88.3992919921875,119.17444610595703,107.10345458984375,100.12397766113281,94.52462005615234,140.845703125,122.75971221923828,80.4488754272461,93.03174591064453,106.60983276367188,86.05802154541016,70.84765625,119.84241485595703,92.61555480957031,101.75147247314453,134.25,137.60858154296875,107.47484588623047,120.22972106933594,121.0074691772461,138.7722625732422,114.08631896972656,80.35983276367188,90.07098388671875,110.37664031982422,68.4805908203125,148.83241271972656,136.80255126953125,167.8820343017578,161.26783752441406,65.02942657470703,49.31595230102539,88.26300048828125,109.30252075195312,53.94955062866211,46.50404357910156,29.220401763916016,46.361724853515625,40.57872009277344,27.554147720336914,153.34039306640625,111.13484191894531,85.70515441894531,139.0508270263672,109.28719329833984,131.6144256591797,88.46388244628906,160.17459106445312,166.19229125976562,173.21182250976562,137.52395629882812,154.0347900390625,148.28761291503906,129.6823272705078,165.37640380859375,156.8800811767578,162.78228759765625,144.87220764160156
35,89.3801498413086,125.64850616455078,101.58367919921875,78.33438110351562,64.0044174194336,100.3743896484375,119.350830078125,82.9630126953125,57.408634185791016,44.194541931152344,54.0255241394043,33.72487258911133,24.217185974121094,60.1740837097168,80.98915100097656,30.701400756835938,38.51948547363281,19.13221549987793,20.725749969482422,0.0,16.385995864868164,32.586334228515625,54.62919998168945,20.454322814941406,34.130149841308594,46.93112564086914,54.513160705566406,18.030933380126953,78.35908508300781,93.54930877685547,115.75944519042969,117.7316665649414,49.4332275390625,54.8968391418457,144.8893585205078,132.73104858398438,58.0311393737793,92.21006774902344,71.32268524169922,94.62067413330078,51.11110305786133,69.78968048095703,100.49629974365234,72.89632415771484,125.8704605102539,91.76683807373047,93.55524444580078,126.2966079711914,76.58977508544922,88.63233947753906,128.76446533203125,110.8935317993164,100.88081359863281,84.02294921875,130.22999572753906,119.04151916503906,69.9576416015625,82.42314147949219,95.97674560546875,75.5283432006836,60.3746337890625,109.1999740600586,106.34890747070312,117.18412780761719,154.9280548095703,158.28662109375,128.15289306640625,140.95547485351562,141.6855010986328,157.9860076904297,134.76344299316406,101.015869140625,110.07901763916016,129.05844116210938,86.81050109863281,169.51048278808594,155.56053161621094,157.08851623535156,157.68992614746094,85.71562194824219,68.38105010986328,108.94796752929688,130.02825927734375,68.1668472290039,35.851139068603516,28.73668670654297,46.61799621582031,54.54541015625,40.032814025878906,142.46316528320312,110.76049041748047,79.86217498779297,128.2112274169922,113.43671417236328,141.8265838623047,68.71664428710938,149.53456115722656,155.45379638671875,162.57162475585938,126.8839340209961,143.28131103515625,166.50111389160156,146.92198181152344,176.92654418945312,155.85101318359375,178.56361389160156,165.54933166503906
37,88.31452941894531,127.30370330810547,106.19195556640625,81.17595672607422,72.43498229980469,98.27853393554688,120.49686431884766,90.99434661865234,72.4495620727539,52.763587951660156,50.564022064208984,47.10273742675781,32.47151184082031,60.79591751098633,76.94963073730469,47.08739471435547,31.278013229370117,21.173715591430664,13.140192031860352,16.385995864868164,0.0,22.339998245239258,66.98799133300781,26.929780960083008,40.88039779663086,55.8602409362793,57.76232147216797,20.427030563354492,68.60255432128906,87.20610809326172,107.53915405273438,111.9872055053711,36.729427337646484,45.140316009521484,138.90342712402344,128.83477783203125,54.049198150634766,76.59754180908203,57.081199645996094,79.08240509033203,45.888851165771484,61.747684478759766,91.64793395996094,67.2396011352539,110.20270538330078,82.54419708251953,88.0753402709961,117.51436614990234,71.84616088867188,82.18204498291016,116.80350494384766,102.3214340209961,94.22579956054688,81.98389434814453,128.35780334472656,117.05389404296875,67.90814971923828,80.51444244384766,94.12193298339844,73.54071807861328,58.30693435668945,107.3545150756836,90.66041564941406,101.53422546386719,145.08773803710938,148.41094970703125,118.31257629394531,131.3970489501953,131.83230590820312,143.7845458984375,123.98536682128906,91.09178924560547,96.98787689208984,114.84722137451172,72.64109802246094,159.65611267089844,148.11447143554688,155.3941192626953,156.25465393066406,75.93445587158203,55.24962615966797,99.13053894042969,120.483642578125,52.7677001953125,34.05821990966797,18.327709197998047,38.88157272338867,38.99113464355469,24.0455265045166,142.5279083251953,117.48709106445312,93.83024597167969,126.58052062988281,120.73101043701172,143.9288330078125,78.15128326416016,147.6866912841797,153.7043914794922,160.7239227294922,125.03605651855469,141.54690551757812,152.27198791503906,131.2720489501953,169.08509826660156,153.97882080078125,170.70040893554688,155.66468811035156
39,106.50479125976562,145.96994018554688,98.66619873046875,73.2961196899414,70.77033233642578,81.97545623779297,107.36936950683594,87.1639175415039,81.23576354980469,53.90909957885742,36.256046295166016,56.734832763671875,38.27114486694336,52.92842483520508,60.698524475097656,62.44271469116211,17.65963363647461,25.744525909423828,13.29621410369873,32.58633041381836,22.339998245239258,0.0,86.97933197021484,47.333648681640625,61.493263244628906,76.40013885498047,79.11357116699219,42.12825393676758,46.8756217956543,69.3084487915039,87.60431671142578,94.3819351196289,17.676002502441406,25.36765480041504,119.81950378417969,111.46460723876953,70.94023132324219,70.79230499267578,54.54863739013672,75.00029754638672,57.37100601196289,63.316471099853516,91.09598541259766,73.56966400146484,100.44163513183594,81.3783187866211,93.72010803222656,116.33126068115234,83.01901245117188,84.71488189697266,109.42533874511719,101.76761627197266,96.15150451660156,99.4364013671875,138.85501098632812,117.99394226074219,85.36066436767578,98.05268859863281,111.7498779296875,91.07896423339844,75.75944519042969,124.9971694946289,85.8704605102539,88.45525360107422,122.98316192626953,126.28384399414062,96.1942138671875,110.17215728759766,109.70520782470703,125.70789337158203,102.6165771484375,68.8681640625,77.49266815185547,97.17057800292969,55.18437194824219,137.5289764404297,127.31002044677734,160.71051025390625,152.9540557861328,54.05622482299805,36.042266845703125,77.10601806640625,99.44668579101562,45.80511474609375,52.35190200805664,34.136627197265625,46.56853485107422,33.848487854003906,24.841373443603516,150.19491577148438,118.00416564941406,97.31642150878906,144.2821502685547,114.96912384033203,129.11029052734375,99.05358123779297,161.77146911621094,171.3577117919922,167.96908569335938,142.66502380371094,159.20346069335938,134.998046875,116.38609313964844,152.08018493652344,143.58383178710938,151.41331481933594,133.50323486328125
41,72.50322723388672,82.86495208740234,74.80494689941406,79.92992401123047,52.80554962158203,103.69062042236328,90.58423614501953,51.56753158569336,24.342060089111328,55.53649139404297,94.20977783203125,39.373504638671875,57.20174789428711,81.46066284179688,105.72277069091797,27.854022979736328,87.1136703491211,67.04671478271484,75.15983581542969,54.62920379638672,66.98799896240234,86.97931671142578,0.0,40.087608337402344,26.240453720092773,12.848921775817871,31.767669677734375,47.298004150390625,126.73397827148438,121.55126953125,132.4435272216797,117.10549926757812,100.31112670898438,103.93174743652344,121.23043060302734,108.67828369140625,70.03076934814453,122.16048431396484,95.7678451538086,118.8944091796875,69.285888671875,91.53118133544922,122.47614288330078,91.03118896484375,149.04220581054688,113.97234344482422,100.40603637695312,136.07830810546875,92.07130432128906,107.91477966308594,145.82481384277344,132.70846557617188,114.85452270507812,90.39054870605469,134.25538635253906,124.09293365478516,77.26346588134766,87.31977844238281,99.54039764404297,81.11425018310547,69.51887512207031,106.83487701416016,131.4769744873047,144.2929229736328,146.39552307128906,153.3711395263672,163.58270263671875,146.218994140625,161.81092834472656,180.52703857421875,180.0519256591797,153.11007690429688,153.01376342773438,164.50001525878906,128.52101135253906,137.42074584960938,127.96881103515625,132.8365936279297,122.35916900634766,136.6661834716797,114.65148162841797,157.57984924316406,136.56521606445312,103.66554260253906,51.914764404296875,61.66990280151367,69.49165344238281,90.08687591552734,76.9421615600586,102.81915283203125,58.44816970825195,33.72285079956055,106.10999298095703,67.36239624023438,95.28494262695312,14.423138618469238,142.92584228515625,143.42886352539062,151.56556701660156,123.33799743652344,128.28213500976562,184.06565856933594,160.8758087158203,167.64419555664062,159.04324340820312,159.14332580566406,162.9417724609375
43,73.31964111328125,105.99523162841797,114.32456970214844,98.13636016845703,79.72901153564453,119.62152099609375,127.15829467773438,91.24646759033203,58.52891159057617,63.124351501464844,72.02651977539062,44.3900032043457,43.62873458862305,80.01331329345703,99.17758178710938,28.67783546447754,54.71694564819336,38.3958740234375,36.57912826538086,20.454322814941406,26.929780960083008,47.33364486694336,40.08761215209961,0.0,14.206031799316406,29.06648826599121,34.51266098022461,8.174739837646484,93.40196228027344,111.10581970214844,131.98046875,135.4752197265625,61.92318344116211,69.9397201538086,153.02093505859375,143.55320739746094,44.322181701660156,88.23757934570312,62.680606842041016,85.8310546875,39.008460998535156,58.89896774291992,89.86835479736328,60.972347259521484,116.2143325805664,81.27356719970703,79.00585174560547,115.50141906738281,63.97588348388672,76.99661254882812,118.26616668701172,100.1671371459961,89.30860900878906,69.44425964355469,115.45783233642578,104.32432556152344,55.4248046875,67.68704986572266,81.13870239257812,60.84531021118164,46.1170654296875,94.33187103271484,98.42981719970703,111.10218811035156,169.94515991210938,171.28179931640625,143.17001342773438,156.07171630859375,156.70265197753906,161.058837890625,143.6226806640625,115.46194458007812,116.60575103759766,130.82568359375,92.19072723388672,159.30455017089844,153.9395294189453,141.94508361816406,140.89434814453125,100.75542449951172,76.66807556152344,123.97737884521484,145.15557861328125,68.20085144042969,21.910491943359375,23.557193756103516,36.502052307128906,54.38663101196289,39.657936096191406,124.00428771972656,93.07627868652344,73.79081726074219,113.00115203857422,103.55224609375,125.64393615722656,51.973453521728516,134.6730499267578,140.3832550048828,147.7081756591797,112.02240753173828,128.20225524902344,163.43841552734375,138.6439666748047,162.0650177001953,141.07884216308594,163.4802703857422,173.29006958007812
45,68.7899398803711,94.98400115966797,100.1392593383789,105.75064086914062,79.04600524902344,129.4763946533203,113.40656280517578,77.8079833984375,50.020416259765625,67.23925018310547,86.23255920410156,45.834373474121094,53.047080993652344,92.92598724365234,113.38361358642578,26.84293556213379,68.92298126220703,52.32817840576172,50.78516387939453,34.130149841308594,40.88040542602539,61.49325942993164,26.24045753479004,14.206031799316406,0.0,15.000250816345215,24.469799041748047,21.057546615600586,107.59609985351562,125.31184387207031,146.18649291992188,140.259033203125,74.0706558227539,84.13385009765625,140.6502685546875,130.17059326171875,47.543251037597656,96.29510498046875,70.37928009033203,93.5263671875,44.712223052978516,66.33267211914062,97.30150604248047,66.67488098144531,123.7550048828125,88.76909637451172,80.47230529785156,117.233154296875,68.58350372314453,83.17787170410156,125.7102279663086,107.54463958740234,95.25833892822266,70.845947265625,116.54750061035156,105.56197357177734,56.91944122314453,68.8617172241211,82.09344482421875,62.13706588745117,48.046905517578125,94.50621032714844,106.1105728149414,118.86598205566406,161.0236053466797,164.09735107421875,155.5548553466797,163.825439453125,168.80245971679688,168.97715759277344,153.8114013671875,126.86963653564453,126.77330780029297,138.78294372558594,102.2805404663086,150.01463317871094,143.4767608642578,137.1251220703125,132.1374969482422,114.9437026977539,88.4110336303711,138.1597137451172,158.69468688964844,77.42511749267578,26.999473571777344,35.429443359375,44.07732009887695,63.846431732177734,50.70172119140625,114.68977355957031,79.4875717163086,59.76022720336914,108.93675994873047,89.71360778808594,113.2768325805664,37.866233825683594,135.409912109375,139.17864990234375,146.80520629882812,112.7488021850586,126.83161163330078,166.1337127685547,142.57815551757812,162.5503692626953,142.16851806640625,162.01304626464844,168.95547485351562
47,68.658447265625,85.43114471435547,85.5547103881836,91.70462036132812,65.07891845703125,114.74565124511719,99.57272338867188,63.11373519897461,37.190982818603516,67.13226318359375,99.6906967163086,46.28554916381836,61.368343353271484,94.26670837402344,117.96910858154297,28.55342674255371,83.7066650390625,64.7676010131836,65.56884765625,46.93111801147461,55.86024856567383,76.40013122558594,12.848921775817871,29.066486358642578,15.000248908996582,0.0,23.932056427001953,35.89858627319336,122.46846008300781,133.4794464111328,142.0414581298828,126.46295928955078,88.46124267578125,99.0062026977539,128.22479248046875,116.79877471923828,58.160030364990234,109.31334686279297,83.000244140625,106.1268081665039,56.6657600402832,78.80545806884766,109.75040435791016,78.4780044555664,136.29237365722656,101.24662017822266,89.08305358886719,125.42494201660156,79.94408416748047,95.29466247558594,135.17739868164062,119.99354553222656,103.67219543457031,79.21785736083984,124.39378356933594,113.69583129882812,65.82776641845703,76.9274673461914,89.78919982910156,70.32843017578125,57.9344367980957,99.75299835205078,118.7093734741211,131.52529907226562,151.1288604736328,157.12359619140625,169.84292602539062,152.6527557373047,166.53143310546875,181.35067749023438,167.79978942871094,141.15769958496094,140.7616424560547,151.65286254882812,116.26886749267578,141.06712341308594,133.22616577148438,133.19424438476562,124.32537078857422,129.8219451904297,102.75818634033203,153.04383850097656,145.13693237304688,91.01631164550781,39.18904113769531,49.820030212402344,56.701560974121094,77.55579376220703,64.98978424072266,105.6383056640625,66.05313873291016,44.759971618652344,105.66153717041016,75.83893585205078,101.34416961669922,23.416217803955078,140.26560974121094,140.94529724121094,148.9613800048828,119.10760498046875,126.45304870605469,174.05250549316406,150.61746215820312,165.01303100585938,150.0148162841797,159.29087829589844,163.92489624023438
49,45.3310432434082,71.56358337402344,84.70565032958984,97.07398986816406,77.38038635253906,113.64797973632812,93.85807800292969,68.5947494506836,53.998931884765625,86.47642517089844,104.78701782226562,69.72857666015625,76.69239807128906,107.6032485961914,123.48446655273438,50.53601837158203,87.20085144042969,71.82197570800781,69.06302642822266,54.513153076171875,57.762332916259766,79.11356353759766,31.76767349243164,34.51266098022461,24.469799041748047,23.932056427001953,0.0,37.51531982421875,125.71484375,135.1707763671875,136.5410614013672,120.17361450195312,83.87661743164062,102.2525863647461,118.50826263427734,109.102294921875,40.391998291015625,98.6016616821289,71.61914825439453,93.80899810791016,42.47901153564453,65.59663391113281,96.30572509765625,63.82598876953125,123.42627716064453,87.99677276611328,69.47419738769531,104.8895263671875,62.216426849365234,81.09188842773438,114.58243560791016,102.00263977050781,83.82768249511719,59.36370849609375,102.48770141601562,92.67852783203125,46.40219497680664,55.905364990234375,67.79158782958984,49.99082946777344,38.96201705932617,76.11372375488281,106.2793960571289,119.04782104492188,137.11268615722656,139.64013671875,161.9143524169922,140.47117614746094,152.36895751953125,161.9486541748047,157.80279541015625,135.0463409423828,131.2970428466797,140.65379333496094,108.31600189208984,125.8212661743164,119.77042388916016,113.04186248779297,107.760498046875,131.22813415527344,97.19879150390625,149.1324920654297,137.8749542236328,81.4017105102539,29.335857391357422,45.57818603515625,45.633209228515625,68.5865249633789,59.605716705322266,90.49644470214844,59.80219268798828,50.282691955566406,84.93831634521484,70.836669921875,91.13127899169922,29.858688354492188,116.79869842529297,117.89640808105469,125.7890396118164,95.32939147949219,104.27084350585938,152.33160400390625,129.2866973876953,141.75216674804688,128.10870361328125,138.45130920410156,144.82620239257812
51,71.34921264648438,108.1572036743164,118.53653717041016,95.11100769042969,81.99669647216797,115.29289245605469,131.29200744628906,98.86552429199219,66.37897491455078,62.2254753112793,67.27169036865234,49.37723922729492,41.26675033569336,75.8711166381836,94.42021942138672,35.823707580566406,49.72672653198242,34.32664489746094,31.588911056518555,18.030933380126953,20.427032470703125,42.12825012207031,47.29800796508789,8.174739837646484,21.05754852294922,35.898590087890625,37.515323638916016,0.0,88.26280212402344,106.1263427734375,126.97932434082031,130.56227111816406,54.06128692626953,64.8005599975586,155.5264129638672,146.51087951660156,40.190956115722656,81.17390441894531,56.007102966308594,79.33360290527344,34.091373443603516,53.53772735595703,84.30362701416016,56.0167121887207,110.04685974121094,75.6198501586914,75.5625991821289,110.07359313964844,59.201271057128906,71.99972534179688,112.62258911132812,94.70085906982422,84.29878234863281,66.03030395507812,112.2180404663086,101.04208374023438,51.96497344970703,64.41117095947266,77.95399475097656,57.5289192199707,42.38197708129883,91.17723846435547,92.01300048828125,104.20285034179688,163.32980346679688,163.6754150390625,136.44412231445312,150.9683074951172,149.7230682373047,154.04843139648438,136.01632690429688,107.72584533691406,108.9994125366211,123.81526947021484,84.58438873291016,158.8621368408203,155.2633819580078,139.06101989746094,139.6590118408203,95.61039733886719,68.92649841308594,118.8264389038086,140.0521697998047,60.6290283203125,17.919981002807617,15.93329906463623,30.500028610229492,46.805824279785156,32.03404235839844,124.53665161132812,97.10433959960938,80.59161376953125,110.18370056152344,108.17049407958984,128.3193817138672,57.947818756103516,131.51185607910156,137.42626953125,144.54888916015625,108.86119079589844,125.25376892089844,157.1508026123047,132.4710693359375,158.90379333496094,137.83905029296875,160.5360870361328,168.6705780029297
53,153.09158325195312,111.99718475341797,73.42173767089844,57.95661544799805,79.02332305908203,48.49076843261719,73.0327377319336,86.50105285644531,104.31851196289062,71.89324188232422,32.97564697265625,87.48783111572266,69.54415893554688,48.46464538574219,31.618745803833008,102.25757598876953,41.065643310546875,62.73255157470703,57.6728515625,78.35907745361328,68.60254669189453,46.875633239746094,126.7339859008789,93.40192413330078,107.5960922241211,122.46841430664062,125.71482849121094,88.26278686523438,0.0,27.695415496826172,41.29021072387695,51.72093963623047,44.602577209472656,23.59635353088379,73.48174285888672,69.85408782958984,116.1603012084961,65.73265075683594,84.28121948242188,78.8642807006836,102.03934478759766,99.9887924194336,96.81932067871094,114.87081909179688,85.45382690429688,94.58045196533203,128.4290008544922,103.47486877441406,126.68750762939453,114.80174255371094,94.55509185791016,99.88462829589844,115.43704223632812,139.0618438720703,127.09876251220703,115.71160888671875,130.80084228515625,144.03424072265625,143.9490203857422,136.9237518310547,121.17220306396484,153.0932159423828,74.48832702636719,73.8236083984375,77.84815216064453,88.60098266601562,56.89042282104492,63.568389892578125,71.60883331298828,99.04639434814453,67.5951919555664,34.84047317504883,52.37186050415039,76.95683288574219,44.59393310546875,93.41665649414062,80.85893249511719,122.46526336669922,106.52704620361328,13.056486129760742,38.22901916503906,35.82705307006836,52.9956169128418,65.28679656982422,99.14775848388672,81.0060043334961,91.22919464111328,66.52970886230469,69.09123992919922,109.68795013427734,101.18875122070312,104.69677734375,137.12435913085938,91.82251739501953,91.43202209472656,126.75506591796875,146.24972534179688,142.036376953125,144.76817321777344,145.6495361328125,143.318115234375,115.42452239990234,100.17456817626953,132.93919372558594,127.42091369628906,115.29029083251953,97.38021087646484
55,126.78941345214844,84.36904907226562,50.60649871826172,42.002262115478516,69.5000991821289,21.52280616760254,45.42766571044922,70.67422485351562,99.28652954101562,72.81302642822266,40.04368591308594,93.37356567382812,79.27523040771484,44.67098617553711,17.928752899169922,111.61750030517578,56.794273376464844,75.13603210449219,74.93209838867188,93.54932403564453,87.20610809326172,69.30843353271484,121.55123901367188,111.10581970214844,125.31185150146484,133.47943115234375,135.17079162597656,106.1263656616211,27.695417404174805,0.0,22.427295684814453,25.164127349853516,72.22386932373047,43.98418045043945,51.69731140136719,42.58938980102539,139.6053009033203,88.57037353515625,111.88316345214844,100.71539306640625,126.20954132080078,127.68421173095703,118.17636108398438,142.56626892089844,104.72437286376953,116.13391876220703,150.0713653564453,123.0541763305664,152.08493041992188,136.44415283203125,113.9055404663086,120.98046875,136.89857482910156,160.64938354492188,146.56028747558594,136.04937744140625,154.004638671875,162.4514923095703,151.64215087890625,159.64329528808594,144.40345764160156,137.6668701171875,95.54234313964844,93.31022644042969,65.28785705566406,80.76649475097656,52.34157180786133,50.44426727294922,65.15643310546875,100.660888671875,71.17623138427734,49.1322135925293,68.6544189453125,92.44550323486328,68.52521514892578,79.00505065917969,62.08310317993164,104.16232299804688,86.33574676513672,32.774147033691406,65.7323989868164,37.035858154296875,37.65452194213867,92.75241088867188,120.64704132080078,102.15398406982422,115.55634307861328,94.22512817382812,94.11670684814453,82.25959777832031,76.8262939453125,89.60443878173828,110.8434066772461,66.30570220947266,63.759639739990234,112.50244140625,152.05856323242188,130.95343017578125,141.9766387939453,144.196044921875,124.61175537109375,124.50231170654297,118.48968505859375,136.71580505371094,145.2406463623047,112.7367935180664,95.06816864013672
57,117.93871307373047,75.76810455322266,57.77979278564453,59.571956634521484,88.78910827636719,31.811481475830078,42.741065979003906,83.47765350341797,118.05355072021484,93.9604263305664,62.432289123535156,115.27584838867188,101.66382598876953,66.62215423583984,39.77012252807617,134.0077362060547,77.7804183959961,97.52462005615234,95.73016357421875,115.75945281982422,107.53913116455078,87.60430145263672,132.4435577392578,131.98040771484375,146.1864471435547,142.0414581298828,136.5410919189453,126.97927856445312,41.29021072387695,22.427295684814453,0.0,16.430086135864258,84.5649185180664,63.275516510009766,32.41241455078125,30.329750061035156,155.6922607421875,88.47100067138672,114.70448303222656,100.17922973632812,141.54014587402344,128.958251953125,117.47367095947266,144.73477172851562,103.063232421875,115.45893096923828,149.4491424560547,121.59730529785156,158.72006225585938,135.82192993164062,112.35550689697266,120.25651550292969,136.21954345703125,159.97988891601562,142.15972900390625,135.15652465820312,164.91156005859375,152.4092559814453,140.32412719726562,156.32484436035156,160.7088165283203,125.23387908935547,94.81838989257812,91.93714904785156,43.51803970336914,59.39262390136719,34.594051361083984,28.829490661621094,45.81583023071289,81.73684692382812,55.902610778808594,45.229698181152344,63.660953521728516,81.214599609375,71.15365600585938,56.61223602294922,41.761802673339844,83.88806915283203,66.8956069946289,38.80428695678711,74.10566711425781,28.99492645263672,15.22722339630127,99.65394592285156,139.90719604492188,121.52810668945312,130.72999572753906,104.65170288085938,108.98764038085938,68.48078918457031,77.02941131591797,98.98808288574219,96.8787612915039,66.28903198242188,53.36222457885742,118.93377685546875,132.00852966308594,110.63065338134766,120.80194854736328,128.83351135253906,104.99491882324219,105.57408142089844,108.2990493774414,117.75366973876953,131.86581420898438,92.61323547363281,76.05162048339844
59,105.82109832763672,63.195533752441406,42.58776092529297,50.31507873535156,80.06977081298828,20.97711753845215,26.89024543762207,68.625,103.074951171875,86.07625579833984,63.728759765625,107.48112487792969,100.25617218017578,60.644752502441406,37.5318489074707,126.52423858642578,81.51112365722656,98.87452697753906,99.64894104003906,117.73168182373047,111.98719787597656,94.38195037841797,117.10546112060547,135.47525024414062,140.259033203125,126.46297454833984,120.17359161376953,130.56227111816406,51.720947265625,25.164127349853516,16.430086135864258,0.0,96.32353210449219,69.0142822265625,28.264890670776367,18.684043884277344,152.3780059814453,103.66571807861328,129.86480712890625,115.45991516113281,151.2163848876953,144.1719512939453,132.7966766357422,159.96409606933594,118.61897277832031,130.77584838867188,159.59237670898438,137.08753967285156,168.98269653320312,151.12802124023438,127.85869598388672,135.57949829101562,151.54049682617188,152.38067626953125,139.6678466796875,150.52381896972656,150.28782653808594,141.3092803955078,129.77151489257812,145.16705322265625,146.23199462890625,115.4786376953125,110.14140319824219,107.38687133789062,50.793949127197266,67.17200469970703,48.658077239990234,37.78127670288086,57.64302444458008,94.76569366455078,69.91898345947266,60.936317443847656,79.66779327392578,96.5308609008789,85.90032958984375,57.60893630981445,40.043033599853516,81.65277862548828,63.079689025878906,53.06796646118164,88.36395263671875,45.16587829589844,24.039278030395508,114.25067901611328,145.58148193359375,127.07875061035156,140.56639099121094,118.12227630615234,119.16460418701172,59.24600601196289,60.96062088012695,83.78229522705078,88.01397705078125,50.624053955078125,41.628929138183594,103.50321960449219,129.4060821533203,108.39898681640625,119.45665740966797,120.97736358642578,100.54827880859375,118.4288101196289,123.36221313476562,127.9718246459961,144.84408569335938,97.15420532226562,85.89480590820312
61,108.54080200195312,149.6737060546875,110.07839965820312,85.29729461669922,87.0766830444336,88.78756713867188,114.68468475341797,102.74687957763672,98.89854431152344,70.98168182373047,46.90860366821289,74.41082763671875,55.92112731933594,65.24864196777344,67.6787338256836,79.50891876220703,31.40428352355957,43.42052459716797,30.962947845458984,49.433223724365234,36.729427337646484,17.67599868774414,100.31109619140625,61.923187255859375,74.07064056396484,88.46123504638672,83.87661743164062,54.061283111572266,44.602577209472656,72.22386169433594,84.56490325927734,96.32352447509766,0.0,30.876842498779297,116.2651596069336,114.43842315673828,71.59107208251953,55.338134765625,44.364994049072266,62.185794830322266,57.52739334106445,56.78147888183594,80.70260620117188,70.52962493896484,83.08303833007812,71.427978515625,90.13142395019531,99.4482421875,82.20209503173828,78.36861419677734,92.03221130371094,90.8575439453125,89.04866027832031,99.56519317626953,123.34077453613281,109.28121185302734,86.23164367675781,99.431640625,113.13473510742188,92.32117462158203,76.60298156738281,126.38202667236328,69.1730728149414,71.0468521118164,112.94474029541016,115.98516082763672,86.07587432861328,101.69447326660156,99.46683502197266,109.03060150146484,88.61723327636719,58.3646125793457,61.657718658447266,80.27030944824219,38.03696823120117,127.26387023925781,123.31141662597656,150.41180419921875,146.30853271484375,47.46576690673828,19.482158660888672,68.69529724121094,95.49134826660156,31.07281494140625,55.4245491027832,38.64120101928711,46.71723556518555,23.25712776184082,24.488664627075195,152.4757843017578,132.6688690185547,114.35150146484375,145.7099151611328,128.1143341064453,134.4700927734375,108.91740417480469,144.48435974121094,158.96481323242188,150.89414978027344,141.62290954589844,160.59521484375,117.96049499511719,99.14674377441406,134.94558715820312,126.34449768066406,135.91102600097656,121.49134063720703
63,131.0183563232422,123.05853271484375,80.14530944824219,57.40104675292969,66.76813507080078,58.05451965332031,83.92047119140625,80.81836700439453,86.75572204589844,54.637535095214844,18.849843978881836,65.99332427978516,46.96959686279297,39.13733673095703,36.93989562988281,78.89894104003906,17.520790100097656,39.136192321777344,34.21061325073242,54.8968391418457,45.14031219482422,25.367656707763672,103.93174743652344,69.93972778320312,84.13385772705078,99.00621795654297,102.25259399414062,64.80056762695312,23.596355438232422,43.98418426513672,63.275516510009766,69.0142822265625,30.876842498779297,0.0,95.5224609375,86.12372589111328,95.63758850097656,71.65123748779297,74.97394561767578,85.16979217529297,82.22538757324219,86.92511749267578,104.00276184082031,98.93730926513672,94.58670806884766,101.25231170654297,119.08518981933594,112.05522155761719,108.10079193115234,108.53042602539062,103.65271759033203,107.72921752929688,119.33702087402344,124.1126937866211,135.80137634277344,123.66100311279297,110.03694915771484,122.6835708618164,136.38075256347656,115.70984649658203,100.43572998046875,149.62806701660156,82.43738555908203,82.79218292236328,100.8772964477539,108.28748321533203,77.1941146850586,86.35418701171875,91.33080291748047,114.86136627197266,85.5978775024414,52.38683319091797,65.52926635742188,88.21162414550781,50.1319694519043,116.19183349609375,103.18734741210938,142.71473693847656,128.73736572265625,32.77589416503906,36.1806640625,56.8360595703125,75.45304107666016,61.08037185668945,76.76848602294922,58.30511474609375,71.57218170166016,53.681121826171875,50.150299072265625,124.86260223388672,107.20361328125,95.50018310546875,152.94314575195312,98.74080657958984,104.01383209228516,112.22972106933594,155.56324768066406,161.05690002441406,159.5011749267578,154.22988891601562,162.7172088623047,126.5984878540039,109.67784881591797,144.04190063476562,136.9005126953125,133.8573455810547,115.94725799560547
65,87.92196655273438,47.36924743652344,56.258888244628906,74.2522964477539,97.77057647705078,47.26711654663086,35.38475799560547,81.60066223144531,112.66837310791016,112.76061248779297,90.91929626464844,133.2742462158203,127.66687774658203,87.72013854980469,65.78968048095703,142.56491088867188,108.48137664794922,126.1176986694336,126.61920166015625,144.88934326171875,138.90342712402344,119.81949615478516,121.23045349121094,153.02098083496094,140.6502685546875,128.22483825683594,118.50831604003906,155.52642822265625,73.48172760009766,51.69731521606445,32.412410736083984,28.264896392822266,116.26518249511719,95.52245330810547,0.0,16.506742477416992,144.23687744140625,113.49400329589844,140.25804138183594,124.35511016845703,150.64633178710938,153.7108612060547,140.3002166748047,158.3779754638672,115.90410614013672,139.05206298828125,137.94363403320312,132.81503295898438,151.3743896484375,148.34912109375,123.09955596923828,139.02545166015625,138.29981994628906,130.85671997070312,115.19790649414062,126.92235565185547,134.0988006591797,120.07221221923828,107.95276641845703,124.00579071044922,136.020751953125,92.85953521728516,118.11675262451172,109.46491241455078,28.502723693847656,42.615028381347656,45.73019790649414,25.001672744750977,41.96828079223633,75.37958526611328,61.34701919555664,70.47257232666016,81.87097930908203,88.25288391113281,99.72126770019531,31.05712890625,13.023696899414062,53.4349365234375,34.816444396972656,70.3334732055664,105.6348648071289,55.48820877075195,23.47451400756836,130.94691467285156,141.937744140625,153.7577667236328,154.7379608154297,136.1869659423828,140.6453399658203,36.241859436035156,62.78291702270508,90.6030502319336,64.46965026855469,54.038246154785156,27.427692413330078,107.13279724121094,101.16162872314453,80.16959381103516,91.23413848876953,96.5298843383789,73.01097106933594,95.62696075439453,111.41211700439453,101.20728302001953,121.99223327636719,70.44783782958984,60.997535705566406
67,88.58013153076172,46.12504959106445,40.37567138671875,57.85980987548828,82.13091278076172,32.36262130737305,19.538232803344727,66.17208099365234,98.29437255859375,96.7436752319336,80.2984619140625,117.27992248535156,112.81190490722656,72.68902587890625,53.54387283325195,128.56109619140625,98.3010482788086,113.78494262695312,116.43887329101562,132.73104858398438,128.8347625732422,111.46458435058594,108.67829132080078,143.55322265625,130.17062377929688,116.79878997802734,109.102294921875,146.5108184814453,69.85409545898438,42.58938980102539,30.32975196838379,18.68404197692871,114.43843841552734,86.12371063232422,16.506742477416992,0.0,139.4237060546875,118.4033432006836,144.68997192382812,129.99465942382812,145.5254364013672,158.8677978515625,147.2188720703125,162.43527221679688,131.0365753173828,145.23403930664062,142.0009307861328,144.48916625976562,153.66513061523438,152.54147338867188,139.1579132080078,148.41209411621094,142.5423583984375,134.8699188232422,121.09439086914062,132.19070434570312,134.6317138671875,123.9001693725586,112.07927703857422,127.77864837646484,132.29754638671875,97.26634979248047,124.56361389160156,120.41539001464844,44.82744216918945,59.08586120605469,56.231422424316406,38.506561279296875,57.990787506103516,91.83815002441406,77.01608276367188,74.45208740234375,90.01715850830078,104.31124877929688,101.35980987548828,46.696693420410156,29.06695556640625,66.65882110595703,47.61717987060547,69.134033203125,104.4354248046875,58.31922912597656,29.061080932617188,129.9600372314453,134.06228637695312,144.0365753173828,148.9247589111328,134.98146057128906,136.22933959960938,40.60941696166992,50.76160430908203,76.6151123046875,69.37477111816406,41.35280227661133,23.929485321044922,94.67845916748047,113.9635238647461,93.04749298095703,104.15325164794922,102.39177703857422,84.53721618652344,112.11392974853516,127.62777709960938,116.04181671142578,133.45901489257812,85.5625991821289,77.48450469970703
69,57.5005989074707,98.91336059570312,120.41268920898438,134.2382354736328,117.77240753173828,148.8548126220703,126.87484741210938,107.74523162841797,93.87918853759766,102.20621490478516,104.4113998413086,88.71217346191406,81.05001068115234,114.72535705566406,130.3618927001953,72.5785903930664,85.08023834228516,73.4250717163086,67.11348724365234,58.03113555908203,54.04920196533203,70.94026184082031,70.03076171875,44.322181701660156,47.543251037597656,58.16002655029297,40.39199447631836,40.190956115722656,116.1603012084961,139.6053009033203,155.6922607421875,152.3780059814453,71.5910873413086,95.6375732421875,144.23681640625,139.4237060546875,0.0,78.80374145507812,51.82122802734375,73.83995819091797,18.923114776611328,44.38062286376953,68.30657958984375,31.349519729614258,98.47492218017578,64.4033432006836,41.34503936767578,86.13613891601562,22.21149444580078,47.3886833190918,94.36310577392578,74.74848937988281,56.068843841552734,37.94138717651367,89.07479095458984,76.3279800415039,23.3104190826416,41.21928787231445,55.18156433105469,33.77152633666992,12.843993186950684,68.82597351074219,84.76603698730469,97.43521118164062,155.11569213867188,151.0811004638672,147.30877685546875,161.51283264160156,156.1986846923828,149.38214111328125,138.0048828125,119.01402282714844,111.49913024902344,120.71839904785156,90.40754699707031,140.29055786132812,139.8258056640625,118.83795166015625,120.88037109375,117.04652404785156,81.78924560546875,133.7229461669922,165.83364868164062,61.91728973388672,22.419456481933594,38.09927749633789,26.158042907714844,51.19190979003906,47.26502227783203,108.83901977539062,93.55132293701172,90.19493865966797,90.45559692382812,104.2989273071289,119.99987030029297,70.17288208007812,108.83070373535156,115.3897933959961,121.89041137695312,86.18004608154297,104.67564392089844,137.8394012451172,113.32047271728516,136.01695251464844,114.69579315185547,140.04661560058594,150.089111328125
71,120.14419555664062,146.8655548095703,138.0727081298828,122.47126770019531,138.0655517578125,110.09318542480469,129.13296508789062,149.96726989746094,145.0743865966797,121.2959976196289,90.06090545654297,120.06620788574219,102.7805404663086,108.80094909667969,97.18940734863281,116.52236938476562,83.2646713256836,90.42508697509766,78.23663330078125,92.21006774902344,76.59752655029297,70.79231262207031,122.16049194335938,88.23757934570312,96.29513549804688,109.31333923339844,98.60165405273438,81.17389678955078,65.73265075683594,88.57038116455078,88.47100067138672,103.66571807861328,55.338134765625,71.6512222290039,113.49398803710938,118.4033432006836,78.8037338256836,0.0,26.98250961303711,14.25725269317627,61.44160842895508,40.611106872558594,34.78988265991211,57.176666259765625,35.757511138916016,30.111129760742188,63.549129486083984,49.27138900756836,71.44756317138672,49.92188262939453,44.33965301513672,40.60097122192383,51.915435791015625,74.41920471191406,73.75788879394531,57.60897445678711,86.59964752197266,82.36819458007812,81.44520568847656,84.99136352539062,85.53909301757812,92.55342864990234,17.28597068786621,25.17563819885254,92.7583236694336,87.04106140136719,70.24100494384766,89.86992645263672,77.39497375488281,73.08056640625,59.209014892578125,44.38269805908203,32.739173889160156,42.84428787231445,21.664060592651367,102.41561126708984,111.42664337158203,120.1651382446289,119.78245544433594,55.88154602050781,38.11840057373047,60.29414367675781,90.92904663085938,25.416584014892578,70.69883728027344,66.468017578125,53.02665328979492,37.715816497802734,52.971920013427734,137.75161743164062,155.83103942871094,148.35044860839844,119.6383056640625,152.01657104492188,139.49737548828125,125.65251159667969,97.90684509277344,119.3939437866211,110.03092956542969,90.9179916381836,118.17853546142578,77.90496826171875,54.83919143676758,93.71147918701172,81.14273071289062,99.09381103515625,88.841796875
73,93.16168212890625,134.56320190429688,152.7765350341797,127.46440887451172,122.35661315917969,132.4508056640625,155.28172302246094,140.0447998046875,120.06041717529297,103.43182373046875,90.08917236328125,101.59994506835938,84.5470962524414,107.12964630126953,111.89735412597656,91.01142120361328,71.97537994384766,72.40088653564453,60.37112045288086,71.32268524169922,57.081199645996094,54.54863739013672,95.76785278320312,62.680606842041016,70.3792724609375,83.000244140625,71.619140625,56.00709915161133,84.28121185302734,111.88314819335938,114.70446014404297,129.86474609375,44.36499786376953,74.97394561767578,140.25804138183594,144.68995666503906,51.821231842041016,26.982511520385742,0.0,23.475170135498047,34.47517013549805,17.635841369628906,36.74745559692383,35.650909423828125,55.631378173828125,27.129409790039062,51.02725601196289,61.80173873901367,49.59758758544922,37.40000915527344,60.46352767944336,47.287227630615234,46.80022430419922,61.238582611083984,85.95413208007812,65.05059814453125,67.97871398925781,72.21833038330078,77.47369384765625,71.61940002441406,58.556617736816406,92.75471496582031,36.34938049316406,48.656394958496094,119.73487854003906,114.0157241821289,97.09919738769531,116.64258575439453,104.3774642944336,99.17277526855469,86.18366241455078,70.7227783203125,59.677913665771484,69.07984924316406,46.0883903503418,129.3902587890625,138.4010467529297,146.2287139892578,146.7571258544922,81.01058197021484,46.38373565673828,86.62152862548828,117.65986633300781,19.476598739624023,43.901615142822266,42.9013786315918,26.3080997467041,21.367441177368164,33.18421936035156,146.2769012451172,128.8485107421875,121.36792755126953,121.43647766113281,139.61502075195312,155.55999755859375,98.66998291015625,112.22870635986328,131.61557006835938,130.2870330810547,100.54125213623047,127.52798461914062,101.63810729980469,77.95365142822266,117.1786880493164,101.67121887207031,123.74028015136719,115.71305847167969
75,106.46300506591797,134.0254669189453,150.32496643066406,135.80868530273438,143.39979553222656,122.23817443847656,140.97747802734375,161.03399658203125,143.1772918701172,124.50971984863281,103.54400634765625,122.90443420410156,105.77423095703125,122.26522827148438,109.7820816040039,114.16519927978516,92.14092254638672,93.51637268066406,81.43352508544922,94.62065887451172,79.08240509033203,75.00030517578125,118.89442443847656,85.8310775756836,93.52638244628906,106.12684631347656,93.80900573730469,79.3336181640625,78.86425018310547,100.71537017822266,100.1792221069336,115.45987701416016,62.18579864501953,85.16979217529297,124.35509490966797,129.9946746826172,73.8399658203125,14.257253646850586,23.475170135498047,0.0,55.500885009765625,30.031169891357422,21.769512176513672,45.11703872680664,32.156211853027344,16.293752670288086,49.82540512084961,41.70295333862305,58.5749397277832,36.198158264160156,37.74091720581055,29.52299690246582,37.658172607421875,60.666114807128906,66.37371063232422,47.49507141113281,72.97600555419922,68.3676986694336,67.6128158569336,71.21463012695312,80.66092681884766,79.73114013671875,12.906224250793457,25.51335906982422,102.5658950805664,96.59092712402344,80.83509063720703,100.67532348632812,87.31592559814453,77.3243637084961,68.78659057617188,55.79941940307617,43.2615852355957,48.143924713134766,35.128326416015625,112.07294464111328,121.4151840209961,125.91445922851562,129.4248504638672,68.18963623046875,52.11603546142578,71.7658462524414,101.88102722167969,31.552825927734375,67.00025939941406,66.1258773803711,49.45281219482422,41.15181350708008,55.08598709106445,136.20767211914062,151.02456665039062,143.66505432128906,108.06108093261719,161.79104614257812,150.6437225341797,121.2603759765625,91.57015991210938,112.30828857421875,109.10072326660156,82.46489715576172,109.90602111816406,78.25377655029297,54.47848129272461,93.72089385986328,78.45547485351562,100.76426696777344,94.80986022949219
77,63.65969467163086,105.0689697265625,125.93569946289062,124.80856323242188,115.08524322509766,138.42872619628906,132.89044189453125,111.07374572753906,93.5197525024414,95.25215148925781,91.38533782958984,83.22466278076172,74.01551055908203,104.31993103027344,117.15177154541016,67.67005920410156,72.08097076416016,66.22238159179688,55.573707580566406,51.1110954284668,45.888851165771484,57.37101364135742,69.28587341308594,39.008460998535156,44.71221923828125,56.665767669677734,42.47900390625,34.09136962890625,102.03935241699219,126.20956420898438,141.54019165039062,151.2163848876953,57.52738571166992,82.2253646850586,150.6463165283203,145.52540588378906,18.92311668395996,61.44160461425781,34.47517013549805,55.50087356567383,0.0,25.65917205810547,54.74871826171875,21.963882446289062,83.19194793701172,47.2426872253418,42.58784484863281,79.35060119628906,26.50188446044922,38.628883361816406,83.57789611816406,64.30751037597656,50.6397705078125,47.68937683105469,94.99932098388672,74.76242065429688,37.8344841003418,51.823158264160156,65.5262222290039,44.712684631347656,27.413799285888672,78.77354431152344,67.33757019042969,80.01236724853516,154.19398498535156,148.47482299804688,131.57435607910156,151.104736328125,138.8365478515625,131.95928955078125,120.64274597167969,104.54635620117188,94.13941192626953,103.29252624511719,75.50823211669922,147.56178283691406,146.71710205078125,126.89127349853516,128.21023559570312,102.86878204345703,67.57874298095703,119.4546127319336,151.89808654785156,45.74875259399414,17.716632843017578,27.65023422241211,10.810154914855957,37.01416015625,33.338130950927734,115.68659973144531,99.49369812011719,92.61787414550781,98.209228515625,110.26018524169922,126.12882232666016,70.82382202148438,119.09205627441406,125.14165496826172,132.12953186035156,96.44139862060547,112.98741149902344,130.99273681640625,104.78367614746094,141.86305236816406,118.28738403320312,148.3053741455078,149.58917236328125
79,86.92462158203125,128.33392333984375,149.1885986328125,135.87754821777344,129.31422424316406,144.11598205566406,156.14503479003906,134.1295166015625,115.78092956542969,110.31414794921875,99.56726837158203,102.74114990234375,91.19464874267578,115.42777252197266,122.88648986816406,87.46482849121094,80.82426452636719,79.21931457519531,67.29913330078125,69.78968811035156,61.74768829345703,63.31647491455078,91.53117370605469,58.89897155761719,66.33267974853516,78.80548095703125,65.59663391113281,53.53773498535156,99.98876953125,127.68419647216797,128.95823669433594,144.1719512939453,56.7814826965332,86.92510986328125,153.71087646484375,158.8677978515625,44.380615234375,40.61111068725586,17.635841369628906,30.031171798706055,25.659168243408203,0.0,30.969385147094727,18.047889709472656,57.99658966064453,22.441171646118164,34.71162414550781,56.60247039794922,32.135135650634766,21.61305046081543,59.377540588378906,41.26817321777344,32.89082336425781,44.5997200012207,76.4961929321289,55.707767486572266,50.37299728393555,55.90269088745117,61.89306640625,54.72609329223633,51.91859817504883,77.82583618164062,41.79484176635742,54.469635009765625,132.2179718017578,126.4334487915039,110.25141143798828,130.05491638183594,116.92798614501953,106.41658020019531,98.593994140625,84.81219482421875,72.67790222167969,77.74980163574219,61.68539810180664,141.8148193359375,151.03810119628906,131.26536560058594,137.54627990722656,96.46696472167969,63.09992980957031,100.7385025024414,131.21290588378906,36.765892028808594,39.616424560546875,43.94367980957031,23.42721176147461,33.7662353515625,39.870609283447266,133.71182250976562,122.74827575683594,115.60770416259766,106.24871826171875,133.5147705078125,149.39198303222656,93.42472839355469,103.02855682373047,119.32171630859375,120.50990295410156,87.61123657226562,113.35440826416016,105.94803619384766,80.05350494384766,119.09577941894531,97.4579086303711,129.38360595703125,124.04649353027344
81,86.97234344482422,112.25593566894531,160.0301971435547,153.98667907714844,158.33700561523438,139.69921875,151.24864196777344,164.87501525878906,146.72259521484375,139.37030029296875,122.19099426269531,133.55490112304688,120.40731811523438,140.84983825683594,127.5055160522461,118.35514831542969,108.59395599365234,108.33937072753906,96.34477996826172,100.49632263183594,91.64793395996094,91.09600830078125,122.47613525390625,89.86835479736328,97.301513671875,109.75042724609375,96.30574035644531,84.30363464355469,96.81932830810547,118.17638397216797,117.4736557006836,132.7966766357422,80.70262145996094,104.00271606445312,140.30015563964844,147.2188720703125,68.30658721923828,34.789878845214844,36.74745178222656,21.769512176513672,54.74872589111328,30.969385147094727,0.0,37.87568283081055,30.171127319335938,9.719137191772461,33.287078857421875,25.893447875976562,47.263153076171875,21.151790618896484,28.934858322143555,10.758697509765625,19.133037567138672,43.31465530395508,49.45221710205078,28.8664608001709,57.050228118896484,50.306034088134766,47.253543853759766,53.56583023071289,67.353759765625,57.96160888671875,22.65528106689453,31.04606056213379,113.16413879394531,105.36258697509766,94.8785171508789,116.32573699951172,98.35992431640625,81.65747833251953,79.1515121459961,72.91119384765625,58.85307312011719,54.39273452758789,53.87077331542969,121.38528442382812,131.814453125,110.77703094482422,118.024169921875,85.74647521972656,72.10973358154297,88.94166564941406,118.50267791748047,51.6465950012207,70.56137084960938,74.28266143798828,53.895423889160156,58.04142761230469,68.88298797607422,114.75428009033203,136.22682189941406,146.3660430908203,86.88555908203125,141.61578369140625,131.91531372070312,124.2921142578125,75.70214080810547,95.13948822021484,93.77078247070312,64.260009765625,91.47025299072266,76.86640930175781,50.43260955810547,88.19202423095703,67.01473999023438,102.816162109375,99.5768814086914
83,78.6300048828125,117.3973388671875,147.22816467285156,143.9886474609375,136.75863647460938,155.52276611328125,154.18289184570312,132.4207305908203,115.25141143798828,117.0098876953125,108.71944427490234,105.17872619628906,95.77326965332031,123.51615905761719,134.24581909179688,89.63394165039062,89.61775970458984,86.520263671875,74.8829574584961,72.89631652832031,67.23958587646484,73.56966400146484,91.03118896484375,60.972347259521484,66.67486572265625,78.47801208496094,63.82598876953125,56.016700744628906,114.87081909179688,142.56625366210938,144.73477172851562,159.96412658691406,70.52962493896484,98.93733215332031,158.37796020507812,162.43527221679688,31.349523544311523,57.17667007446289,35.65090560913086,45.117042541503906,21.96388053894043,18.047889709472656,37.87568283081055,0.0,68.03721618652344,33.1898078918457,20.83573341369629,59.507911682128906,14.356432914733887,18.180246353149414,65.30618286132812,45.223270416259766,29.31020736694336,29.05448341369629,73.03544616699219,53.193546295166016,32.63481903076172,40.68264389038086,50.474090576171875,38.53713607788086,38.2897834777832,66.68161010742188,54.767154693603516,66.66223907470703,147.64739990234375,140.33865356445312,125.83321380615234,145.65318298339844,132.38092041015625,118.3897705078125,113.6150131225586,100.45630645751953,88.25969696044922,90.10479736328125,78.7464599609375,144.7540283203125,150.72103881835938,120.01233673095703,126.25935363769531,112.57579040527344,79.23456573486328,116.39685821533203,146.81495666503906,54.370609283447266,39.680511474609375,48.9118766784668,28.5581111907959,48.75813293457031,48.8743782043457,122.28926849365234,120.78611755371094,114.02726745605469,94.95915222167969,131.55262756347656,138.57469177246094,92.29933166503906,98.73389434814453,110.79598236083984,115.5218734741211,78.72775268554688,102.55183410644531,113.11094665527344,86.3778305053711,120.34669494628906,96.74888610839844,139.22010803222656,136.09913635253906
85,104.36038208007812,123.7821044921875,154.8436737060547,142.6826171875,160.3604736328125,126.24720001220703,144.33631896972656,171.41259765625,173.30445861816406,148.46389770507812,112.2801742553711,153.76321411132812,136.5427703857422,130.83665466308594,115.43692779541016,144.601318359375,108.65739440917969,124.23838806152344,112.11076354980469,125.87044525146484,110.20269775390625,100.44166564941406,149.04220581054688,116.2143325805664,123.75502014160156,136.2924041748047,123.42625427246094,110.046875,85.453857421875,104.72439575195312,103.0632553100586,118.61898040771484,83.08306884765625,94.58671569824219,115.90412139892578,131.03659057617188,98.47492980957031,35.757503509521484,55.63138198852539,32.156219482421875,83.19195556640625,57.9965934753418,30.171123504638672,68.0372314453125,0.0,35.981658935546875,58.44402313232422,19.130128860473633,76.84488677978516,51.2156867980957,9.583418846130371,24.60118865966797,43.313323974609375,64.8419418334961,41.839962005615234,32.98849868774414,80.29898834228516,68.79412078857422,64.76107025146484,73.74259185791016,91.33191680908203,71.38128662109375,19.55925941467285,12.068995475769043,88.41676330566406,80.1544189453125,75.35221862792969,93.98191833496094,73.93582916259766,52.590248107910156,55.31168746948242,58.086097717285156,41.02703094482422,27.814512252807617,45.629119873046875,96.21087646484375,107.03589630126953,98.94524383544922,110.9292984008789,73.53684997558594,64.60863494873047,74.2038803100586,101.98393249511719,60.629520416259766,97.12744903564453,97.9485092163086,79.7132568359375,71.5472640991211,86.23312377929688,122.43148040771484,149.09214782714844,171.1505584716797,93.83345031738281,153.9010467529297,139.91549682617188,151.1459503173828,62.18431091308594,83.95207214355469,78.38043975830078,60.58953094482422,86.21541595458984,48.35106658935547,22.59075355529785,62.422794342041016,46.57415008544922,72.87957000732422,70.85261535644531
87,91.11551666259766,120.00860595703125,165.76036071777344,151.60400390625,148.88790893554688,137.65679931640625,156.3144989013672,156.5660400390625,138.2221221923828,129.9512481689453,117.16389465332031,124.87109375,111.0098876953125,134.1277313232422,125.36942291259766,109.72282409667969,98.87483215332031,98.92029571533203,86.90242767333984,91.76683044433594,82.5442123413086,81.3783187866211,113.97235107421875,81.27356719970703,88.76910400390625,101.24665832519531,87.99676513671875,75.6198501586914,94.5804443359375,116.13395690917969,115.45894622802734,130.7758331298828,71.427978515625,101.25230407714844,139.05203247070312,145.23402404785156,64.40332794189453,30.111129760742188,27.129411697387695,16.29375457763672,47.24269485473633,22.44116973876953,9.719138145446777,33.1898078918457,35.98166275024414,0.0,34.27911376953125,35.07709503173828,45.23262023925781,20.651866912841797,37.00311279296875,20.389606475830078,22.324752807617188,44.54347610473633,58.88176727294922,38.156925201416016,57.93924331665039,52.2570686340332,52.84144973754883,54.950042724609375,68.11713409423828,66.44869995117188,22.228435516357422,33.647823333740234,115.31497192382812,107.6053237915039,95.10944366455078,115.32064819335938,100.48542785644531,85.27766418457031,81.16422271728516,70.95455169677734,57.55695343017578,57.126930236816406,51.14611053466797,123.61581420898438,133.97357177734375,119.80345916748047,126.60564422607422,83.65628814697266,68.22953796386719,86.95682525634766,116.7200698852539,43.24892807006836,62.057594299316406,65.42271423339844,45.14883041381836,48.47998046875,59.50508499145508,123.1346206665039,143.81533813476562,138.0489044189453,95.38233184814453,149.27049255371094,139.998291015625,115.86587524414062,85.13465118408203,104.56029510498047,103.20327758789062,73.58375549316406,100.7431411743164,83.75001525878906,57.61232376098633,96.75630187988281,76.06912994384766,108.16216278076172,102.9332504272461
89,60.47271728515625,96.99662780761719,141.16424560546875,161.5047149658203,146.4408416748047,162.126953125,136.13470458984375,134.61383056640625,123.4531478881836,137.7498016357422,129.1175079345703,123.32574462890625,116.54348754882812,144.10646057128906,154.4186553955078,106.72205352783203,110.01658630371094,107.20765686035156,95.48786163330078,93.55525207519531,88.0753173828125,93.7201156616211,100.4060287475586,79.00585174560547,80.4723129272461,89.08306884765625,69.47419738769531,75.56260681152344,128.428955078125,150.0714111328125,149.44918823242188,159.59234619140625,90.13143157958984,119.08516693115234,137.94363403320312,142.00094604492188,41.34503936767578,63.54911422729492,51.02725601196289,49.82540512084961,42.58784484863281,34.71162414550781,33.28708267211914,20.835731506347656,58.44403839111328,34.279117584228516,0.0,44.82853317260742,19.641393661499023,13.627248764038086,53.0665283203125,33.9246711730957,15.32880687713623,11.07372760772705,53.58587646484375,35.8128662109375,23.848939895629883,21.191057205200195,30.011552810668945,21.814252853393555,34.5783805847168,46.219078063964844,55.324737548828125,63.46832275390625,140.5892333984375,134.1248321533203,128.1656036376953,149.35093688964844,130.54209899902344,109.79615783691406,111.6036376953125,104.9888687133789,91.75169372558594,85.24347686767578,84.81295776367188,124.29151153564453,130.28665161132812,99.54979705810547,105.80302429199219,117.58344268798828,97.2209701538086,120.97915649414062,150.91799926757812,70.21762084960938,57.82099533081055,69.74761962890625,49.27485656738281,67.78958129882812,69.17344665527344,101.85491180419922,114.70237731933594,118.0047378540039,74.50288391113281,122.48329162597656,118.14033508300781,99.13427734375,78.24380493164062,90.08921813964844,94.6985092163086,57.90440368652344,82.0271987915039,97.07647705078125,72.0584487915039,101.92057800292969,78.71014404296875,118.71485137939453,127.35760498046875
91,85.59193420410156,105.16545104980469,153.40533447265625,160.80914306640625,178.08428955078125,144.57699584960938,143.7509765625,161.1351318359375,158.7790069580078,165.0282745361328,130.02041625976562,159.27696228027344,146.0869903564453,148.60189819335938,133.5906982421875,143.51722717285156,125.76610565185547,133.9973907470703,121.97953033447266,126.296630859375,117.51435089111328,116.33126068115234,136.07827758789062,115.50141906738281,117.23313903808594,125.4249267578125,104.88951110839844,110.07357788085938,103.47489166259766,123.05416870117188,121.5973129272461,137.0875701904297,99.44822692871094,112.05521392822266,132.8150634765625,144.48922729492188,86.13613891601562,49.271392822265625,61.801734924316406,41.70295333862305,79.35060119628906,56.60246658325195,25.89345359802246,59.50791549682617,19.130128860473633,35.07709884643555,44.82853698730469,0.0,64.1777572631836,41.35749435424805,9.759195327758789,15.403081893920898,30.320411682128906,48.878116607666016,25.022266387939453,14.201546669006348,64.27253723144531,49.92839431762695,45.97410202026367,55.10416793823242,74.88375091552734,52.65711212158203,32.03335952758789,29.743959426879883,104.94416809082031,96.38949584960938,93.49867248535156,111.48954772949219,90.99929809570312,65.01567840576172,72.77323913574219,76.72586822509766,59.975433349609375,44.605857849121094,62.50450134277344,112.31364440917969,123.54295349121094,90.90321350097656,104.10371398925781,91.67877960205078,81.3248062133789,92.84003448486328,120.43289184570312,72.9238052368164,94.85456848144531,100.17610931396484,79.75813293457031,82.70558166503906,94.58219909667969,104.01663970947266,130.38742065429688,152.1289520263672,75.41859436035156,135.2269287109375,123.09031677246094,134.3342742919922,51.2708625793457,70.83234405517578,69.33949279785156,42.17467498779297,69.03925323486328,53.963375091552734,27.55654525756836,63.19186019897461,41.131404876708984,82.47831726074219,82.87969970703125
93,67.0282974243164,109.35466003417969,139.73031616210938,151.2559051513672,139.59681701660156,164.41075134277344,144.16180419921875,129.08311462402344,116.0087661743164,120.73734283447266,117.4467544555664,108.27609252929688,99.5379638671875,130.76724243164062,143.1338348388672,92.57582092285156,98.14937591552734,91.86583709716797,82.0210189819336,76.58978271484375,71.84616088867188,83.01903533935547,92.0712890625,63.97588348388672,68.58350372314453,79.94410705566406,62.21641159057617,59.201255798339844,126.6874771118164,152.08499145507812,158.7200927734375,168.98265075683594,82.20209503173828,108.10077667236328,151.37432861328125,153.66517639160156,22.21149253845215,71.44755554199219,49.59758758544922,58.57494354248047,26.50188446044922,32.135135650634766,47.26315689086914,14.356432914733887,76.84489440917969,45.23262023925781,19.64139175415039,64.17774963378906,0.0,26.266902923583984,72.17423248291016,52.58974075317383,33.85734176635742,21.187488555908203,72.8753890991211,55.36237335205078,19.15843963623047,32.37080383300781,44.420379638671875,27.37071990966797,24.007349014282227,60.46541976928711,67.21099853515625,77.98772430419922,154.71778869628906,148.2544708251953,139.36248779296875,159.2340087890625,145.11109924316406,128.9094696044922,125.82145690917969,114.35133361816406,101.78900146484375,101.42086029052734,93.07959747314453,138.42117309570312,144.0413360595703,113.67945861816406,119.92555236816406,126.65818786621094,92.11898803710938,130.3177490234375,160.45602416992188,68.00696563720703,42.23163986206055,53.895450592041016,36.52861022949219,61.554405212402344,58.442039489746094,115.21263885498047,112.19292449951172,111.83143615722656,88.6253433227539,122.33695983886719,131.2311248779297,92.07508850097656,96.62734985351562,106.21678924560547,111.9613265991211,75.46592712402344,96.58039093017578,116.69813537597656,91.5432357788086,121.24322509765625,98.12480163574219,133.1715850830078,144.67242431640625
95,74.0999526977539,108.333984375,154.79151916503906,157.11996459960938,150.4143524169922,157.9669952392578,147.41331481933594,148.24105834960938,132.14865112304688,131.40090942382812,120.93245697021484,121.18832397460938,111.46754455566406,136.6701202392578,144.48788452148438,105.67445373535156,102.14143371582031,100.30606842041016,88.39928436279297,88.63232421875,82.18202209472656,84.71488952636719,107.91477966308594,76.9966049194336,83.17786407470703,95.29466247558594,81.09187316894531,71.99971771240234,114.80171966552734,136.4441680908203,135.82192993164062,151.12803649902344,78.36859893798828,108.53041076660156,148.34910583496094,152.54148864746094,47.38867950439453,49.921875,37.40000915527344,36.19816589355469,38.62889099121094,21.613048553466797,21.151790618896484,18.180246353149414,51.2156982421875,20.651865005493164,13.627248764038086,41.35749053955078,26.26690673828125,0.0,47.45824432373047,27.37533187866211,12.322710037231445,24.70097541809082,56.91193389892578,36.306190490722656,37.304447174072266,34.81830596923828,40.570594787597656,35.44149398803711,47.52178192138672,56.3166618347168,41.75880432128906,51.731903076171875,133.74172973632812,125.97730255126953,115.02344512939453,135.97250366210938,118.91836547851562,102.68910217285156,99.65673828125,91.36162567138672,78.13863372802734,75.16110229492188,71.1856918334961,134.57528686523438,140.67355346679688,109.79339599609375,116.10604858398438,103.9561996459961,83.59370422363281,107.35191345214844,137.29074096679688,56.59037399291992,56.20138931274414,63.968875885009766,43.395450592041016,55.238887786865234,61.11298751831055,112.2717514038086,128.32960510253906,131.2467803955078,84.80863952636719,136.11053466796875,128.7474365234375,109.45272827148438,82.91143035888672,97.72429656982422,100.09974670410156,66.00253295898438,91.80766296386719,95.14259338378906,68.34869384765625,103.23417663574219,79.65850830078125,122.68739318847656,120.54723358154297
97,94.95993041992188,114.45039367675781,162.69027709960938,151.80911254882812,169.42742919921875,135.42837524414062,153.03591918945312,170.46710205078125,168.4551239013672,157.50416564941406,121.34709167480469,160.64532470703125,143.51516723632812,139.9154052734375,124.56343078613281,146.71539306640625,117.68844604492188,131.25730895996094,119.17444610595703,128.7644805908203,116.80350494384766,109.42536163330078,145.8247833251953,118.26615905761719,125.71022033691406,135.17738342285156,114.58242797851562,112.6225814819336,94.55509948730469,113.90554809570312,112.35548400878906,127.8586654663086,92.03219604492188,103.65270233154297,123.09955596923828,139.1579132080078,94.36309814453125,44.33965301513672,60.46352005004883,37.74092102050781,83.57791137695312,59.3775520324707,28.934858322143555,65.3061752319336,9.583417892456055,37.00312423706055,53.06651306152344,9.759195327758789,72.17424011230469,47.45823669433594,0.0,20.08291244506836,38.316890716552734,57.927757263183594,32.65474319458008,23.58803367614746,73.51294708251953,59.3209342956543,55.360599517822266,64.85661315917969,84.30580139160156,62.00852584838867,27.40592384338379,20.9853572845459,95.28669738769531,86.7836685180664,83.75891876220703,101.73035430908203,81.24011993408203,57.38646697998047,63.0140495300293,67.43110656738281,50.51103973388672,34.8466682434082,54.64476776123047,102.77763366699219,113.8958969116211,99.30867004394531,113.25810241699219,82.66333770751953,73.59231567382812,83.54713439941406,110.73689270019531,68.64209747314453,98.99396514892578,102.35552215576172,82.14647674560547,78.8409423828125,92.79077911376953,113.19994354248047,139.71939086914062,161.58116149902344,84.60191345214844,144.55889892578125,132.32347106933594,143.99429321289062,53.82925033569336,75.13390350341797,71.44648742675781,51.358001708984375,77.09871673583984,47.949432373046875,21.497753143310547,59.825782775878906,41.211448669433594,75.3327865600586,75.45834350585938
99,85.17283630371094,107.49214172363281,155.3976287841797,157.39276123046875,169.09568786621094,142.50332641601562,146.33135986328125,162.1544647216797,155.95216369628906,150.12896728515625,125.86152648925781,143.912841796875,131.166015625,144.49160766601562,130.4318389892578,128.6901092529297,119.2373046875,119.09806060791016,107.10346221923828,110.89353942871094,102.32141876220703,101.7676010131836,132.7084503173828,100.16714477539062,107.54461669921875,119.99354553222656,102.00261688232422,94.70085144042969,99.8846206665039,120.98048400878906,120.25650787353516,135.5795135498047,90.85755920410156,107.72919464111328,139.0254669189453,148.412109375,74.74848937988281,40.6009635925293,47.28722381591797,29.522993087768555,64.3075180053711,41.26817321777344,10.758696556091309,45.223270416259766,24.60118865966797,20.38960838317871,33.92466735839844,15.403081893920898,52.589744567871094,27.37533187866211,20.08291244506836,0.0,18.732398986816406,42.66486740112305,39.115501403808594,18.628694534301758,57.181453704833984,48.857826232910156,45.39327621459961,52.42420959472656,68.044189453125,53.28615188598633,25.452821731567383,31.388656616210938,111.70909118652344,103.61421966552734,96.80516815185547,116.6298599243164,97.05717468261719,77.15324401855469,78.1572036743164,75.6791000366211,61.426536560058594,51.54251480102539,57.72636795043945,119.6706771850586,130.34078979492188,100.8239517211914,109.64006805419922,88.60977935791016,76.2894058227539,91.7123794555664,121.21585845947266,60.944374084472656,80.80448150634766,84.82598114013672,64.36441802978516,68.45326232910156,79.64167785644531,107.81074523925781,131.9515380859375,150.2826385498047,79.03733825683594,137.03810119628906,126.35628509521484,131.58279418945312,65.36544036865234,84.81590270996094,83.43407440185547,54.0036735534668,81.2566909790039,67.89608764648438,41.23577117919922,78.47731018066406,56.456668853759766,95.31205749511719,95.25070190429688
101,68.82500457763672,98.43682861328125,145.87335205078125,168.7440948486328,160.71067810058594,158.42141723632812,137.51614379882812,148.50352478027344,137.77719116210938,143.12559509277344,132.4075469970703,133.48739624023438,123.70939636230469,148.2942657470703,146.177978515625,117.98643493652344,113.69082641601562,112.03077697753906,100.12398529052734,100.88084411621094,94.22581481933594,96.15151977539062,114.8545150756836,89.30859375,95.25834655761719,103.67218017578125,83.82767486572266,84.29877471923828,115.4370346069336,136.89859008789062,136.21954345703125,151.5404815673828,89.0486831665039,119.33702850341797,138.29977416992188,142.54238891601562,56.068843841552734,51.91542434692383,46.80021667480469,37.658172607421875,50.6397819519043,32.89082336425781,19.133039474487305,29.310205459594727,43.31332778930664,22.324750900268555,15.32880687713623,30.320409774780273,33.85734558105469,12.322710037231445,38.31689453125,18.732397079467773,0.0,24.4639835357666,44.62966537475586,24.184755325317383,38.91366195678711,31.172992706298828,30.67344856262207,34.47380065917969,49.67489242553711,46.0305290222168,41.4423828125,48.890594482421875,130.1383819580078,122.07561492919922,113.9367904663086,134.7781219482422,115.46707916259766,95.33606719970703,96.52861022949219,91.68527221679688,77.85308074951172,70.06128692626953,72.18023681640625,124.39374542236328,130.61285400390625,99.5418930053711,105.92828369140625,104.44074249267578,89.74345397949219,107.68754577636719,137.3446044921875,64.97598266601562,68.3564224243164,76.03324127197266,55.45979690551758,65.85652160644531,72.73714447021484,102.22477722167969,121.88279724121094,132.12193298339844,74.64183807373047,127.44366455078125,118.74832153320312,113.4163818359375,70.70811462402344,86.67892456054688,87.92659759521484,55.2138557434082,81.34001922607422,84.15599060058594,57.87696838378906,91.3175048828125,67.7373046875,112.79740142822266,113.20010375976562
103,50.146629333496094,89.49356079101562,131.38623046875,150.78089904785156,136.2664031982422,154.38096618652344,128.57408142089844,124.1343994140625,113.3132095336914,128.21746826171875,131.4635467529297,113.76317596435547,107.11962890625,140.93438720703125,158.44235229492188,97.10734558105469,112.66242980957031,99.59693145751953,94.52461242675781,84.02294158935547,81.98389434814453,99.43641662597656,90.39054870605469,69.4442367553711,70.84593963623047,79.21786499023438,59.363704681396484,66.03028869628906,139.0618438720703,160.64939880371094,159.97988891601562,152.38064575195312,99.56520080566406,124.1126708984375,130.85671997070312,134.8699188232422,37.941383361816406,74.41919708251953,61.23858642578125,60.666099548339844,47.68936538696289,44.5997200012207,43.314659118652344,29.054485321044922,64.8419418334961,44.54348373413086,11.073726654052734,48.87812042236328,21.187490463256836,24.70097541809082,57.927757263183594,42.66487121582031,24.46398162841797,0.0,52.88423156738281,38.85683822631836,15.613907814025879,11.628153800964355,23.232891082763672,10.740525245666504,26.58419418334961,39.277931213378906,65.50247192382812,73.25151062011719,133.53030395507812,127.0669937133789,138.16421508789062,143.3690643310547,138.70205688476562,113.71637725830078,120.15362548828125,115.4980239868164,101.9330062866211,92.4424819946289,95.56038665771484,117.23368072509766,123.19975280761719,92.49195861816406,98.73807525634766,128.16143798828125,107.58025360107422,131.5002899169922,150.896728515625,80.63407135009766,48.29912185668945,66.45319366455078,56.67367172241211,77.47402954101562,75.99740600585938,94.76799011230469,103.62865447998047,107.69292449951172,67.4378662109375,112.77979278564453,110.99652099609375,88.95983123779297,75.77821350097656,85.029296875,90.81050872802734,54.3952522277832,75.39289855957031,100.28672790527344,75.93839263916016,100.96736907958984,78.50523376464844,111.98412322998047,123.48492431640625
105,67.77106475830078,82.85523986816406,131.2767333984375,156.1081085205078,156.73826599121094,146.6417999267578,121.31388854980469,139.30978393554688,151.0858917236328,174.4244842529297,153.7052764892578,159.71697998046875,153.32664489746094,172.28672790527344,157.17967224121094,142.8923797607422,149.55914306640625,145.80401611328125,140.84573364257812,130.22998046875,128.35781860351562,138.85498046875,134.25537109375,115.45783996582031,116.5475082397461,124.39376831054688,102.48770904541016,112.21802520751953,127.0987548828125,146.5602569580078,142.15975952148438,139.6678466796875,123.34075927734375,135.8013916015625,115.19786834716797,121.09437561035156,89.07478332519531,73.75787353515625,85.95413970947266,66.37371063232422,94.99932861328125,76.4961929321289,49.45222091674805,73.03543853759766,41.83997344970703,58.88176345825195,53.585880279541016,25.022268295288086,72.87539672851562,56.91193389892578,32.65474319458008,39.11550521850586,44.62966537475586,52.88422775268555,0.0,21.008201599121094,66.56859588623047,47.884342193603516,34.71834182739258,55.3740348815918,76.44670104980469,33.31111145019531,56.605079650878906,53.29613494873047,111.15948486328125,98.9066390991211,108.96531677246094,124.21170806884766,104.40122985839844,70.21057891845703,87.79412078857422,99.430419921875,81.09356689453125,61.00340270996094,86.32110595703125,94.90142822265625,106.10565185546875,66.94342803955078,80.60336303710938,115.27959442138672,105.18450927734375,115.673583984375,133.92449951171875,97.5575942993164,94.54020690917969,112.83990478515625,99.6177749633789,107.06396484375,116.01490020751953,80.67548370361328,108.48077392578125,132.75161743164062,52.1107292175293,113.21300506591797,99.97920989990234,128.62840270996094,26.67682647705078,45.99790954589844,44.56296157836914,18.761640548706055,44.85762405395508,50.52357482910156,34.0412712097168,48.393489837646484,25.621023178100586,73.61931610107422,84.34297180175781
107,71.40946960449219,91.89443969726562,139.879150390625,164.58950805664062,164.53932189941406,156.24070739746094,130.64065551757812,147.18101501464844,146.43186950683594,163.2360076904297,141.77682495117188,148.62379455566406,142.13818359375,160.40692138671875,146.12289428710938,131.8848876953125,135.6455078125,134.61550903320312,122.75972747802734,119.04150390625,117.05388641357422,117.99394226074219,124.09292602539062,104.3243408203125,105.5619888305664,113.69583129882812,92.67852783203125,101.04208374023438,115.71160125732422,136.0493621826172,135.15652465820312,150.52381896972656,109.28118896484375,123.66098022460938,126.92228698730469,132.19064331054688,76.3279800415039,57.608951568603516,65.05057525634766,47.49506759643555,74.76240539550781,55.707767486572266,28.866464614868164,53.19355010986328,32.988502502441406,38.15692138671875,35.8128662109375,14.201547622680664,55.36237335205078,36.306182861328125,23.588035583496094,18.628694534301758,24.18475914001465,38.856834411621094,21.008201599121094,0.0,53.942901611328125,36.77316665649414,31.772554397583008,43.52754592895508,64.28052520751953,38.52788162231445,41.22361755371094,43.72023010253906,116.67938995361328,107.82270050048828,105.86921691894531,123.60606384277344,102.97637176513672,75.04036712646484,84.93685913085938,90.39274597167969,73.66999816894531,57.1498908996582,73.72492218017578,108.7863998413086,118.37228393554688,82.63015747070312,92.58718872070312,104.2884292602539,92.37617492675781,106.4735336303711,132.94554138183594,79.04788970947266,83.32830810546875,99.42642974853516,78.86921691894531,86.09534454345703,95.20557403564453,91.68050384521484,116.6368637084961,138.91415405273438,63.03446578979492,121.60775756835938,110.48765563964844,121.70581817626953,47.55046844482422,66.65261840820312,65.4834976196289,35.49064254760742,62.62800216674805,61.542137145996094,37.2236328125,67.17118072509766,43.55611801147461,90.81824493408203,92.4014892578125
109,48.62024688720703,90.49170684814453,121.66354370117188,139.1559600830078,123.50855255126953,148.6599884033203,125.46977996826172,111.98240661621094,100.401123046875,114.15216064453125,117.38776397705078,99.75331115722656,93.05431365966797,126.86160278320312,144.36659240722656,83.16197967529297,98.58668518066406,85.5316162109375,80.44886779785156,69.9576416015625,67.90814971923828,85.36065673828125,77.2634506225586,55.424808502197266,56.91944885253906,65.8277587890625,46.40217971801758,51.96497344970703,130.8008575439453,154.0046844482422,164.9115753173828,150.28778076171875,86.23163604736328,110.03692626953125,134.0987548828125,134.6317596435547,23.31041717529297,86.59964752197266,67.97872161865234,72.97600555419922,37.83448791503906,50.37298583984375,57.050235748291016,32.63481903076172,80.29898071289062,57.93925094604492,23.848941802978516,64.27254486083984,19.15843963623047,37.304447174072266,73.51295471191406,57.18144989013672,38.91366195678711,15.613907814025879,66.56858825683594,53.94292068481445,0.0,19.778284072875977,34.16089630126953,12.305365562438965,11.032930374145508,48.508766174316406,79.03223419189453,87.28868865966797,142.08319091796875,135.6317596435547,151.92869567871094,149.626953125,152.60665893554688,128.91285705566406,135.33865356445312,128.53488159179688,115.44306182861328,108.04383850097656,106.002685546875,125.79019927978516,127.58892059326172,101.06184387207031,107.29095458984375,131.7988739013672,96.6309585571289,144.52516174316406,154.72328186035156,78.62322235107422,34.22336959838867,52.37744140625,42.8521614074707,66.20079040527344,61.8369140625,97.8569107055664,94.02462768554688,95.23737335205078,75.99032592773438,104.01673889160156,112.76746368408203,76.16453552246094,88.02108001708984,95.0412826538086,101.29193878173828,65.3836669921875,84.752197265625,115.36649322509766,91.1254653930664,114.3418197631836,92.18959045410156,120.7745590209961,132.0548095703125
111,39.5653190612793,78.12722778320312,119.97322082519531,143.52557373046875,131.28518676757812,142.83193969726562,117.0422134399414,117.76828002929688,109.65869903564453,126.61767578125,129.8898162841797,111.98402404785156,105.51982879638672,139.33457946777344,156.89279174804688,95.18464660644531,111.16957092285156,97.99713134765625,93.03175354003906,82.42314147949219,80.51444244384766,98.05268859863281,87.31976318359375,67.68705749511719,68.86173248291016,76.92747497558594,55.905357360839844,64.41117858886719,144.0343017578125,162.45150756835938,152.40928649902344,141.30921936035156,99.43167877197266,122.68357849121094,120.07221984863281,123.90016174316406,41.21928405761719,82.36820220947266,72.21831512451172,68.3676986694336,51.82315444946289,55.90267562866211,50.30603790283203,40.682640075683594,68.79412841796875,52.2570686340332,21.191059112548828,49.92839050292969,32.37080383300781,34.81830978393555,59.320945739746094,48.857826232910156,31.17299461364746,11.628154754638672,47.88434600830078,36.773170471191406,19.77828598022461,0.0,14.399577140808105,7.613576412200928,28.630001068115234,28.98942756652832,72.61479949951172,79.43317413330078,122.76286315917969,116.299560546875,142.56333923339844,132.6016387939453,133.26930236816406,111.47079467773438,121.6497802734375,122.78304290771484,109.02607727050781,93.75920867919922,103.17799377441406,106.46623992919922,112.43229675292969,81.72452545166016,87.97063446044922,135.52682495117188,110.22914123535156,138.78530883789062,140.1292724609375,91.34231567382812,46.73334884643555,64.98782348632812,56.838218688964844,80.07000732421875,74.9726333618164,83.93535614013672,93.97624206542969,102.3564682006836,56.6704216003418,101.29742431640625,99.98825073242188,85.0230941772461,68.28546905517578,75.52193450927734,81.76097869873047,45.689361572265625,65.23287963867188,97.33197021484375,73.7164535522461,94.93091583251953,73.50535583496094,101.31096649169922,112.71748352050781
113,39.83450698852539,67.76338195800781,115.19993591308594,139.8404998779297,136.76165771484375,132.72828674316406,106.84268951416016,120.76780700683594,120.13080596923828,140.17124938964844,143.4608154296875,125.37489318847656,119.07340240478516,152.897705078125,153.818359375,108.45268249511719,124.74766540527344,111.56024932861328,106.60984802246094,95.97671508789062,94.12193298339844,111.7498779296875,99.5404052734375,81.13870239257812,82.09343719482422,89.78919982910156,67.79157257080078,77.9540023803711,143.9490203857422,151.64215087890625,140.3240966796875,129.7715606689453,113.13475799560547,136.38076782226562,107.95276641845703,112.07929992675781,55.181549072265625,81.44519805908203,77.47367095947266,67.6128158569336,65.52622985839844,61.893062591552734,47.25354766845703,50.47408676147461,64.76105499267578,52.841453552246094,30.01155662536621,45.9741096496582,44.42038345336914,40.57059860229492,55.360595703125,45.39327621459961,30.673452377319336,23.232892990112305,34.71834182739258,31.77255630493164,34.16089630126953,14.399577140808105,0.0,21.907323837280273,42.754573822021484,16.207521438598633,69.80426025390625,75.49279022216797,110.57768249511719,104.11328125,135.8264923095703,120.42249298095703,121.08304595947266,101.09469604492188,115.03036499023438,120.07707977294922,105.29143524169922,87.85811614990234,100.87527465820312,94.27996063232422,100.28709411621094,69.53824615478516,75.79148864746094,132.8922119140625,119.0041275024414,136.0906219482422,127.98639678955078,95.64942932128906,60.304325103759766,78.60401153564453,70.5412826538086,93.7730941772461,88.67571258544922,71.86882019042969,91.20933532714844,110.59832763671875,44.4913444519043,96.77021789550781,88.24549865722656,94.66828155517578,53.97465515136719,61.939701080322266,67.77442932128906,31.434701919555664,52.159996032714844,84.76019287109375,63.46083450317383,80.98328399658203,60.339359283447266,88.77607727050781,100.53121948242188
115,40.092872619628906,81.98504638671875,120.6551513671875,140.187744140625,126.73438262939453,146.4544219970703,120.82199096679688,114.07245635986328,103.90310668945312,119.72286987304688,122.97953033447266,105.14472198486328,98.6250228881836,132.43978881835938,149.9611358642578,88.4211654663086,104.19584655761719,91.10232543945312,86.05802917480469,75.52833557128906,73.54071044921875,91.0789566040039,81.1142578125,60.84531021118164,62.1370735168457,70.32844543457031,49.9908332824707,57.52891540527344,136.92381286621094,159.64332580566406,156.3248748779297,145.16702270507812,92.32119750976562,115.7098388671875,124.00577545166016,127.77865600585938,33.771522521972656,84.9913558959961,71.619384765625,71.2146224975586,44.71268081665039,54.72608947753906,53.56584930419922,38.53713607788086,73.74256896972656,54.9500617980957,21.814250946044922,55.10416793823242,27.370716094970703,35.441505432128906,64.85663604736328,52.42422103881836,34.47380828857422,10.740524291992188,55.37403869628906,43.52754592895508,12.305365562438965,7.613576889038086,21.907325744628906,0.0,21.07640838623047,36.203399658203125,75.81784057617188,83.36438751220703,129.77781677246094,123.32640075683594,148.3934783935547,138.81460571289062,140.30126953125,118.48316955566406,127.86115264892578,125.90120697021484,112.23833465576172,99.70330810546875,106.09619140625,113.4848403930664,116.83226013183594,88.75647735595703,94.985595703125,138.10711669921875,103.1186752319336,141.90347290039062,144.32911682128906,85.49879455566406,39.81512451171875,58.01409149169922,49.727745056152344,72.95954895019531,67.86215209960938,87.84406280517578,92.88813018798828,98.01644897460938,63.68497085571289,102.48408508300781,103.86151123046875,79.49004364013672,75.7157211303711,82.73591613769531,88.98657989501953,53.078304290771484,72.44685363769531,104.57630157470703,80.677001953125,102.52418518066406,80.99503326416016,108.46918487548828,119.74945068359375
117,49.73970413208008,91.1538314819336,115.84666442871094,132.43508911132812,116.23392486572266,143.6654052734375,121.13285064697266,105.1517562866211,92.93468475341797,104.56916046142578,107.7896957397461,90.50016784667969,83.47114562988281,117.27056884765625,134.76539611816406,74.13309478759766,88.98548889160156,75.94219970703125,70.84766387939453,60.3746337890625,58.30693435668945,75.75944519042969,69.51888275146484,46.117061614990234,48.04690933227539,57.93444061279297,38.96201705932617,42.38197708129883,121.17221069335938,144.40345764160156,160.70883178710938,146.23194885253906,76.60298919677734,100.43571472167969,136.020751953125,132.29751586914062,12.843992233276367,85.53911590576172,58.556602478027344,80.66091918945312,27.413803100585938,51.918601989746094,67.353759765625,38.2897834777832,91.3319091796875,68.11714172363281,34.57838439941406,74.88374328613281,24.007349014282227,47.52178192138672,84.30579376220703,68.04417419433594,49.67489242553711,26.584192276000977,76.44670104980469,64.28053283691406,11.032930374145508,28.62999725341797,42.75457763671875,21.07640838623047,0.0,56.735748291015625,89.26866912841797,97.67926788330078,146.057861328125,141.47080993652344,152.53652954101562,152.62315368652344,158.43930053710938,139.3209228515625,144.74026489257812,124.24176025390625,118.23450469970703,119.00411987304688,96.00668334960938,130.89781188964844,130.8795928955078,108.7794189453125,111.47203826904297,122.17023468017578,87.0023193359375,138.93600463867188,157.1806182861328,68.34172821044922,24.625293731689453,42.7762336730957,32.57067108154297,56.419654846191406,52.234291076660156,100.02218627929688,88.46720886230469,88.15419006347656,80.76448059082031,98.89601135253906,112.31490325927734,68.82070922851562,96.48092651367188,103.26827239990234,109.58352661132812,73.83027648925781,92.97919464111328,125.60468292236328,101.50418853759766,123.51614379882812,102.06770324707031,129.00152587890625,140.00653076171875
119,34.735137939453125,54.35847091674805,102.21649169921875,126.86949920654297,126.1622543334961,119.0272445678711,93.28804016113281,108.86833190917969,119.6136703491211,144.99571228027344,156.69342041015625,138.5664520263672,132.296630859375,146.6263427734375,140.1686248779297,120.99885559082031,137.98028564453125,124.78350067138672,119.84246826171875,109.19995880126953,107.35455322265625,124.9971923828125,106.83486938476562,94.33190155029297,94.50621795654297,99.75302124023438,76.11372375488281,91.17724609375,153.09320068359375,137.6668701171875,125.23387908935547,115.47863006591797,126.38207244873047,149.62808227539062,92.85953521728516,97.26636505126953,68.82596588134766,92.55345916748047,92.75470733642578,79.73114013671875,78.77355194091797,77.82584381103516,57.961612701416016,66.68161010742188,71.38129425048828,66.44869995117188,46.21907424926758,52.65711212158203,60.46542739868164,56.31666564941406,62.00853729248047,53.28614807128906,46.0305290222168,39.27793502807617,33.31111145019531,38.52788162231445,48.50876235961914,28.989425659179688,16.207521438598633,36.20339584350586,56.735740661621094,0.0,78.73896789550781,82.20631408691406,94.79024505615234,88.05989074707031,119.76995849609375,104.77437591552734,104.99493408203125,99.48120880126953,115.41667938232422,128.7370147705078,111.50535583496094,92.7387924194336,110.79217529296875,78.45894622802734,85.15791320800781,53.53742599487305,60.156951904296875,141.87889099121094,129.2631378173828,139.10902404785156,112.85966491699219,109.56846618652344,73.53694152832031,91.83663177490234,83.7885971069336,107.0204086303711,101.92302703857422,56.79267883300781,78.68907928466797,102.15906524658203,28.933639526367188,83.82632446289062,73.95370483398438,96.59971618652344,42.01946258544922,46.72624588012695,53.705894470214844,19.549528121948242,36.280174255371094,81.25422668457031,66.73217010498047,68.72917938232422,54.674678802490234,72.730712890625,84.36592864990234
121,109.46765899658203,132.9449462890625,145.1784210205078,132.05308532714844,148.6171112060547,117.06513977050781,135.7020721435547,160.08592224121094,155.75100708007812,135.69175720214844,100.5532455444336,134.26803588867188,117.04756927490234,119.18325805664062,104.98548126220703,126.76499938964844,95.7586669921875,104.74317169189453,92.61556243896484,106.34890747070312,90.660400390625,85.87044525146484,131.4769744873047,98.4298095703125,106.11058044433594,118.70939636230469,106.27938842773438,92.01300811767578,74.48833465576172,95.5423355102539,94.81838989257812,110.14139556884766,69.17308044433594,82.43737030029297,118.11675262451172,124.56360626220703,84.76602935791016,17.28597068786621,36.349388122558594,12.90622329711914,67.33757019042969,41.79484176635742,22.65528106689453,54.767154693603516,19.55925941467285,22.228437423706055,55.32474136352539,32.033355712890625,67.21099090576172,41.75880813598633,27.405925750732422,25.452817916870117,41.44239044189453,65.5024642944336,56.605072021484375,41.2236213684082,79.03221893310547,72.61479187011719,69.80427551269531,75.81785583496094,89.26866149902344,78.73896026611328,0.0,12.851316452026367,93.11571502685547,85.5821533203125,73.53296661376953,94.35902404785156,78.28617095947266,64.87120056152344,58.943843841552734,50.2728157043457,36.43053436279297,35.9549674987793,32.50130844116211,101.54924011230469,111.77635192871094,113.3651123046875,118.7007064819336,63.15696716308594,51.17195129394531,66.28640747070312,95.9021987915039,41.347293853759766,79.57398986816406,78.43268585205078,62.03700256347656,52.10409164428711,66.68357849121094,132.9041290283203,157.4043426513672,156.16905212402344,104.25810241699219,158.62191772460938,144.647216796875,133.7940216064453,81.15425872802734,102.40443420410156,97.15615844726562,73.63199615478516,100.89253997802734,65.36996459960938,41.64365768432617,80.83670806884766,66.13341522216797,88.11246490478516,82.43304443359375
123,115.12968444824219,134.80999755859375,143.36990356445312,131.1167449951172,148.62525939941406,114.8330307006836,133.05174255371094,159.85366821289062,167.57760620117188,136.63211059570312,100.54985809326172,145.04937744140625,126.1417236328125,119.1181411743164,103.88508605957031,139.41937255859375,96.76636505126953,113.95503234863281,101.75147247314453,117.18411254882812,101.53421783447266,88.45526123046875,144.2928924560547,111.10218048095703,118.86599731445312,131.5253143310547,119.04780578613281,104.2028579711914,73.8236083984375,93.31022644042969,91.93714141845703,107.38689422607422,71.04684448242188,82.79216003417969,109.46495819091797,120.41539001464844,97.43521118164062,25.175640106201172,48.65639877319336,25.51336097717285,80.01236724853516,54.469642639160156,31.046058654785156,66.66222381591797,12.068997383117676,33.6478271484375,63.468326568603516,29.743955612182617,77.98772430419922,51.73189926147461,20.985353469848633,31.388656616210938,48.890594482421875,73.25151824951172,53.29612350463867,43.7202262878418,87.2886962890625,79.43315887451172,75.49278259277344,83.3644027709961,97.67927551269531,82.206298828125,12.851316452026367,0.0,82.27433776855469,74.414794921875,65.41649627685547,85.91638946533203,67.49666595458984,52.09605407714844,48.3880729675293,47.104331970214844,30.5162410736084,23.479108810424805,33.69810104370117,90.44448852539062,100.92466735839844,100.55101013183594,107.48704528808594,61.985008239746094,52.622230529785156,63.21332550048828,91.3560791015625,50.54898452758789,92.38751220703125,90.16560363769531,74.85292053222656,62.701969146728516,77.61460876464844,125.87332153320312,159.98046875,168.95347595214844,105.14263916015625,156.02679443359375,133.8042755126953,146.59095764160156,73.80697631835938,94.7823257446289,85.182373046875,71.91861724853516,97.85980987548828,53.13579177856445,29.737834930419922,68.86292266845703,56.23085403442383,75.26114654541016,69.68245697021484
125,101.33931732177734,66.15151977539062,84.63349914550781,100.74471282958984,125.92485046386719,71.6042251586914,63.75731658935547,109.44994354248047,139.85110473632812,136.29823303222656,102.8681640625,157.26734924316406,142.12435913085938,109.9588394165039,83.20407104492188,169.24899291992188,117.31523132324219,137.79690551757812,134.24998474121094,154.9280242919922,145.08770751953125,122.98312377929688,146.39553833007812,169.94512939453125,161.0236358642578,151.12892150878906,137.11268615722656,163.32981872558594,77.84817504882812,65.2878646850586,43.518035888671875,50.79395294189453,112.94474029541016,100.8772964477539,28.502723693847656,44.82743835449219,155.11566162109375,92.75831604003906,119.73489379882812,102.56590270996094,154.19400024414062,132.21798706054688,113.16415405273438,147.64736938476562,88.41675567626953,115.31495666503906,140.58924865722656,104.94418334960938,154.71780395507812,133.74171447753906,95.28671264648438,111.70906829833984,130.13839721679688,133.53028869628906,111.15948486328125,116.6794204711914,142.08316040039062,122.76284790039062,110.57766723632812,129.77780151367188,146.05783081054688,94.79024505615234,93.11570739746094,82.27435302734375,0.0,16.49828338623047,26.885700225830078,14.931702613830566,15.415403366088867,47.34373092651367,34.50241470336914,55.60396957397461,60.37816619873047,60.615150451660156,83.36994934082031,16.730318069458008,18.849767684936523,44.77521896362305,35.17144775390625,70.49901580810547,94.6549301147461,46.43885040283203,28.734498977661133,113.86133575439453,155.58140563964844,147.49734497070312,145.7837371826172,122.65095520019531,131.7388458251953,47.462162017822266,88.63401794433594,117.57539367675781,66.39947509765625,80.87886810302734,51.5363883972168,132.12449645996094,91.50898742675781,69.29964447021484,77.66221618652344,92.80945587158203,66.98516845703125,69.02244567871094,82.9592056274414,79.1118392944336,95.601806640625,49.10197830200195,35.1331672668457
127,99.51187133789062,71.79254150390625,98.00496673583984,116.25638580322266,138.6397705078125,87.96052551269531,77.26876831054688,121.5733413696289,150.58030700683594,152.13250732421875,115.44827270507812,170.5513153076172,154.68206787109375,124.31954956054688,97.96210479736328,178.31649780273438,124.67669677734375,145.7273406982422,137.6085205078125,158.2865753173828,148.41091918945312,126.28380584716797,153.37112426757812,171.28175354003906,164.09735107421875,157.12364196777344,139.6401824951172,163.6754150390625,88.60096740722656,80.76648712158203,59.39263153076172,67.1719970703125,115.9851303100586,108.28749084472656,42.61502456665039,59.085853576660156,151.0811004638672,87.04106140136719,114.01571655273438,96.59092712402344,148.47483825683594,126.43344116210938,105.36262512207031,140.338623046875,80.1544189453125,107.60533142089844,134.12484741210938,96.38948822021484,148.2545166015625,125.97732543945312,86.78365325927734,103.61420440673828,122.07563018798828,127.06700897216797,98.90664672851562,107.8227310180664,135.63177490234375,116.29956817626953,104.11328125,123.32643127441406,141.47085571289062,88.0599136352539,85.5821533203125,74.41476440429688,16.49828338623047,0.0,31.74042510986328,30.573078155517578,17.07023811340332,32.99302291870117,27.874893188476562,58.38926315307617,54.85524368286133,52.344688415527344,79.31795501708984,16.05646514892578,30.804813385009766,34.57503128051758,33.118560791015625,76.0408935546875,96.79216766357422,52.9367790222168,44.85445785522461,108.56114196777344,152.84202575683594,147.75733947753906,140.06455993652344,119.11984252929688,131.6566162109375,51.48529815673828,97.42403411865234,128.20437622070312,60.706336975097656,91.85755920410156,60.56464385986328,139.03317260742188,76.68797302246094,54.35809326171875,62.21465301513672,81.9922103881836,54.81745147705078,53.0545768737793,70.71083068847656,62.68879318237305,79.52210998535156,33.320770263671875,18.886241912841797
129,127.24317932128906,90.4387435913086,90.59452819824219,93.13884735107422,121.83562469482422,66.254638671875,72.99846649169922,117.2347640991211,151.46119689941406,123.07940673828125,86.15782928466797,141.40321350097656,124.0760269165039,95.3576889038086,69.29766845703125,154.87303161621094,93.63069915771484,114.98062896728516,107.474853515625,128.15289306640625,118.31256866455078,96.1942138671875,163.5826873779297,143.1699981689453,155.55482482910156,169.84295654296875,161.91439819335938,136.4441375732422,56.89041519165039,52.341575622558594,34.59405517578125,48.6580696105957,86.07585906982422,77.19410705566406,45.730194091796875,56.23142623901367,147.30874633789062,70.24101257324219,97.09918212890625,80.83509063720703,131.57435607910156,110.25141143798828,94.87847900390625,125.83321380615234,75.35223388671875,95.10941314697266,128.16555786132812,93.4986801147461,139.3625030517578,115.02342224121094,83.7589111328125,96.80513763427734,113.9367904663086,138.16424560546875,108.9653091430664,105.86920928955078,151.92874145507812,142.56336975097656,135.82650756835938,148.39352416992188,152.53652954101562,119.76998138427734,73.53296661376953,65.41649627685547,26.885698318481445,31.74042510986328,0.0,21.51563262939453,14.775025367736816,48.32991409301758,21.318706512451172,28.718278884887695,37.57349395751953,48.91225051879883,57.33552169799805,41.868648529052734,42.148597717285156,66.31546783447266,61.29188537597656,44.601566314697266,67.76921081542969,21.24795913696289,27.1829776763916,88.8022232055664,134.28717041015625,120.61160278320312,121.98925018310547,96.11686706542969,104.85314178466797,72.94271850585938,106.31208801269531,130.9208984375,92.17965698242188,96.5006332397461,72.48848724365234,149.6783447265625,107.58090209960938,85.27891540527344,90.7308120727539,113.66122436523438,86.48429107666016,72.17062377929688,75.00635528564453,84.3783187866211,98.06248474121094,60.40581512451172,42.72658157348633
131,107.07048034667969,68.9231185913086,77.26626586914062,86.83595275878906,116.37834167480469,57.94806671142578,57.0677375793457,103.58406066894531,136.61444091796875,122.04132080078125,88.21085357666016,142.54981994628906,127.467041015625,95.09021759033203,68.36622619628906,159.93624877929688,102.75668334960938,123.14530181884766,120.22972106933594,140.95545959472656,131.3970489501953,110.17216491699219,146.21902465820312,156.0717315673828,163.82550048828125,152.65283203125,140.47117614746094,150.96829223632812,63.568389892578125,50.444271087646484,28.82948875427246,37.78126907348633,101.69444274902344,86.35418701171875,25.001672744750977,38.506561279296875,161.51284790039062,89.86992645263672,116.64260864257812,100.67533111572266,151.1047821044922,130.05494689941406,116.32571411132812,145.65321350097656,93.98191833496094,115.32064819335938,149.35093688964844,111.48957061767578,159.23399353027344,135.97251892089844,101.7303695678711,116.6298599243164,134.77813720703125,143.36904907226562,124.21171569824219,123.60611724853516,149.626953125,132.6016082763672,120.42244720458984,138.81460571289062,152.62315368652344,104.77436065673828,94.35901641845703,85.9163818359375,14.931702613830566,30.573074340820312,21.5156307220459,0.0,20.72222900390625,57.75453567504883,38.71649932861328,46.90828323364258,57.985294342041016,66.88369750976562,76.156982421875,29.853078842163086,22.038043975830078,58.91976547241211,44.63098907470703,58.49937438964844,84.10421752929688,34.481834411621094,14.299134254455566,107.59921264648438,151.70204162597656,137.1328887939453,140.46800231933594,114.39218139648438,121.67723083496094,52.673805236816406,87.78053283691406,115.06932830810547,75.95170593261719,79.0210189819336,51.332427978515625,132.10855102539062,106.37191772460938,84.1836929321289,92.52239227294922,105.64937591552734,81.11822509765625,80.90461730957031,91.1095199584961,92.38018798828125,107.39039611816406,63.829193115234375,48.627281188964844
133,115.32804107666016,81.52818298339844,97.7116928100586,105.3733901977539,134.5942840576172,77.1080551147461,77.3460693359375,123.4814453125,154.19879150390625,136.00775146484375,99.1546630859375,154.3632049560547,138.19801330566406,108.25086975097656,82.11600494384766,168.6975860595703,107.73607635498047,128.80516052246094,121.00746154785156,141.6855010986328,131.8323211669922,109.70520782470703,161.81094360351562,156.70262145996094,168.80242919921875,166.531494140625,152.36895751953125,149.7230682373047,71.60883331298828,65.15641784667969,45.81583023071289,57.64301681518555,99.46683502197266,91.33081817626953,41.968284606933594,57.99078369140625,156.1986846923828,77.39497375488281,104.37748718261719,87.31593322753906,138.8365936279297,116.92798614501953,98.35995483398438,132.3809051513672,73.93582153320312,100.48540496826172,130.5421142578125,90.99929809570312,145.1111297607422,118.91836547851562,81.24009704589844,97.05716705322266,115.46710205078125,138.70201110839844,104.40120697021484,102.97638702392578,152.6066436767578,133.26934814453125,121.08306121826172,140.30128479003906,158.4392852783203,104.99497985839844,78.2861557006836,67.49665069580078,15.415401458740234,17.07023811340332,14.775025367736816,20.72222900390625,0.0,37.6377067565918,19.619787216186523,41.9972038269043,44.99456024169922,46.393428802490234,68.60734558105469,27.847980499267578,34.1250114440918,51.54480743408203,47.140785217285156,58.97064971923828,81.0634536743164,35.92965316772461,33.81032180786133,98.4722671508789,147.3638458251953,133.87449645996094,130.421630859375,108.23634338378906,118.1007080078125,62.44707107543945,103.60072326660156,132.01943969726562,77.71731567382812,95.38470458984375,66.73914337158203,147.53988647460938,93.15570068359375,70.81451416015625,78.02372741699219,98.88621520996094,71.70926666259766,61.05945587158203,70.38984680175781,72.9417953491211,87.47905731201172,47.80552673339844,30.41442108154297
135,118.11080932617188,98.2364273071289,130.91372680664062,141.30538940429688,170.15493774414062,113.3643569946289,110.1393051147461,154.5501251220703,181.7592010498047,169.09788513183594,130.1188201904297,180.1902313232422,160.7852783203125,143.66180419921875,117.60872650146484,188.1365203857422,130.35882568359375,149.76805114746094,138.77220153808594,157.98594665527344,143.7845458984375,125.7079086303711,180.52703857421875,161.0587921142578,168.97715759277344,181.35072326660156,161.94862365722656,154.0484161376953,99.04639434814453,100.66088104248047,81.73686981201172,94.76570129394531,109.03062438964844,114.86136627197266,75.37958526611328,91.83815002441406,149.38217163085938,73.08055114746094,99.17279052734375,77.3243637084961,131.95928955078125,106.41658020019531,81.65747833251953,118.38975524902344,52.59025573730469,85.27767181396484,109.79618835449219,65.01567077636719,128.909423828125,102.68910217285156,57.38646697998047,77.15324401855469,95.33611297607422,113.71641540527344,70.21057891845703,75.0403823852539,128.91285705566406,111.4708023071289,101.09468841552734,118.48316192626953,139.32089233398438,99.4812240600586,64.87120056152344,52.0960578918457,47.34373092651367,32.99302673339844,48.329917907714844,57.754539489746094,37.63771057128906,0.0,31.977075576782227,64.23188781738281,49.37956619262695,30.250303268432617,71.2242431640625,48.28832244873047,63.7186393737793,48.92470169067383,58.581275939941406,86.37174987792969,89.76663970947266,67.28522491455078,71.39102172851562,97.14344787597656,143.0134735107422,139.4755859375,125.30709075927734,110.31936645507812,123.64519500732422,78.47893524169922,128.3200225830078,159.26089477539062,77.36973571777344,124.40797424316406,93.12923431396484,166.24465942382812,66.19872283935547,54.60538864135742,50.660545349121094,86.00691223144531,64.4688491821289,24.154699325561523,37.816734313964844,38.6718635559082,50.20063018798828,27.084396362304688,18.262365341186523
137,127.2901840209961,99.23685455322266,111.79641723632812,113.0381088256836,139.8655242919922,87.48352813720703,94.10895538330078,138.5032196044922,169.6407928466797,138.88914489746094,99.89635467529297,151.59121704101562,132.3304443359375,112.74043273925781,87.03398132324219,162.5333709716797,101.81098175048828,122.67379760742188,114.08631134033203,134.763427734375,123.98538970947266,102.61658477783203,180.05184936523438,143.6227264404297,153.8114013671875,167.79971313476562,157.8027801513672,136.01638793945312,67.59519958496094,71.17621612548828,55.902610778808594,69.91898345947266,88.61723327636719,85.5978775024414,61.347015380859375,77.01607513427734,138.0048828125,59.20901870727539,86.18367004394531,68.78658294677734,120.64278411865234,98.59400939941406,79.15151977539062,113.61502075195312,55.31169509887695,81.16419982910156,111.60365295410156,72.77324676513672,125.82145690917969,99.65675354003906,63.014041900634766,78.15721893310547,96.52864074707031,120.15362548828125,87.79412078857422,84.93685150146484,135.33865356445312,121.6497802734375,115.0303955078125,127.86115264892578,144.7403106689453,115.4167251586914,58.943843841552734,48.38806915283203,34.50241470336914,27.874893188476562,21.31870460510254,38.71649169921875,19.619787216186523,31.97707176208496,0.0,33.74842071533203,27.135894775390625,28.167375564575195,51.65559768676758,43.48438262939453,53.2215576171875,62.01055908203125,60.78325653076172,54.60235595703125,69.15498352050781,35.4808349609375,48.29133224487305,80.8417739868164,129.90472412109375,120.0982666015625,112.23253631591797,91.45750427246094,103.99752807617188,78.85244750976562,123.06322479248047,151.6339569091797,88.35284423828125,114.9859619140625,86.03881072998047,165.83436584472656,97.5030517578125,79.34113311767578,79.61592102050781,106.52812194824219,82.01300811767578,54.718231201171875,53.8326530456543,70.61363220214844,76.8172607421875,51.17647171020508,33.63211441040039
139,153.969482421875,115.70428466796875,99.07722473144531,89.5339126586914,113.7890396118164,69.81777954101562,86.80441284179688,118.21941375732422,138.4780731201172,105.95059967041016,66.953125,118.34612274169922,99.0411605834961,83.2666244506836,62.785030364990234,129.01808166503906,68.52169799804688,89.18540954589844,80.35982513427734,101.01588439941406,91.09178924560547,68.86814880371094,153.1100616455078,115.46192932128906,126.8696060180664,141.15771484375,135.04632568359375,107.7258529663086,34.84047317504883,49.13221740722656,45.22969055175781,60.936317443847656,58.36460494995117,52.38683319091797,70.47256469726562,74.45205688476562,119.01399230957031,44.382694244384766,70.72277069091797,55.799434661865234,104.54631805419922,84.81220245361328,72.91120147705078,100.456298828125,58.08610916137695,70.95455169677734,104.98887634277344,76.72587585449219,114.35137176513672,91.36161804199219,67.43109893798828,75.67910766601562,91.6852798461914,115.4980239868164,99.430419921875,90.39275360107422,128.53488159179688,122.7830581665039,120.07707214355469,125.90122985839844,124.24173736572266,128.73703002929688,50.27281188964844,47.10433578491211,55.60398483276367,58.389259338378906,28.718280792236328,46.90828323364258,41.9972038269043,64.23188781738281,33.7484245300293,0.0,19.687389373779297,43.882415771484375,29.248693466186523,69.75892639160156,68.87091827392578,92.81590270996094,88.73558044433594,22.143381118774414,39.30289077758789,16.26277732849121,47.816131591796875,60.71541213989258,105.74151611328125,91.90475463867188,93.7591781616211,67.82209777832031,76.16791534423828,99.57280731201172,120.9371337890625,137.23919677734375,119.07481384277344,109.87097930908203,95.44972229003906,160.5159454345703,116.41175842285156,110.70175170898438,111.933837890625,118.19207000732422,112.81835174560547,81.6876449584961,69.35746002197266,99.09923553466797,96.6663818359375,82.63365936279297,64.91973876953125
141,144.66258239746094,125.73490905761719,118.67436218261719,108.5513916015625,129.06182861328125,89.49102020263672,105.7813720703125,137.2584686279297,151.80523681640625,120.00947570800781,81.11714172363281,130.82395935058594,111.42613983154297,98.94217681884766,81.51463317871094,139.70823669433594,80.97924041748047,100.57381439208984,90.07101440429688,110.07901763916016,96.98786163330078,77.49268341064453,153.0137939453125,116.60577392578125,126.7733383178711,140.76168823242188,131.2970428466797,108.99945831298828,52.37186050415039,68.65440368652344,63.66093444824219,79.66777801513672,61.65772247314453,65.5292739868164,81.87096405029297,90.01715850830078,111.4991226196289,32.739173889160156,59.67790603637695,43.26158142089844,94.13943481445312,72.67791748046875,58.853065490722656,88.25971984863281,41.027034759521484,57.55696105957031,91.7516860961914,59.97545623779297,101.78901672363281,78.13861846923828,50.511043548583984,61.426536560058594,77.85306549072266,101.93299102783203,81.09356689453125,73.66999053955078,115.44306945800781,109.02605438232422,105.29141235351562,112.23834228515625,118.2344970703125,111.50537872314453,36.43053436279297,30.51624298095703,60.3781623840332,54.85523223876953,37.57350158691406,57.985294342041016,44.994571685791016,49.379573822021484,27.135894775390625,19.687389373779297,0.0,25.01140022277832,24.560279846191406,70.07927703857422,78.78560638427734,89.06558990478516,87.44706726074219,39.99546813964844,42.23122787475586,34.666019439697266,60.96451187133789,53.70586395263672,103.3914794921875,93.08134460449219,85.71936798095703,64.33590698242188,76.9806137084961,105.41526794433594,139.9556427001953,156.27902221679688,115.48872375488281,128.8894805908203,108.83135223388672,158.34791564941406,96.75198364257812,101.63449096679688,95.29450225830078,99.85521697998047,109.05706024169922,63.167755126953125,50.226768493652344,80.63450622558594,77.51206970214844,75.67003631591797,60.07381057739258
143,126.65634155273438,124.05651092529297,138.94996643066406,133.15771484375,152.85845947265625,111.4905776977539,121.69615936279297,161.8431854248047,174.1204071044922,142.74746704101562,104.73359680175781,152.90139770507812,133.43336486816406,123.01953125,106.29923248291016,159.1142578125,103.27503967285156,121.79078674316406,110.3766098022461,129.0584716796875,114.84722900390625,97.17058563232422,164.50001525878906,130.82568359375,138.78294372558594,151.65289306640625,140.65374755859375,123.81529998779297,76.95684051513672,92.44551086425781,81.21461486816406,96.5308609008789,80.27031707763672,88.21160125732422,88.25288391113281,104.31124114990234,120.71841430664062,42.84428787231445,69.07984161376953,48.1439208984375,103.29252624511719,77.74979400634766,54.392730712890625,90.10481262207031,27.814510345458984,57.12693405151367,85.24349975585938,44.60586929321289,101.42086029052734,75.16110229492188,34.8466682434082,51.542510986328125,70.06128692626953,92.44245910644531,61.00339889526367,57.14988327026367,108.0438232421875,93.75920867919922,87.85810852050781,99.70331573486328,119.00410461425781,92.73880004882812,35.9549674987793,23.479106903076172,60.61513137817383,52.34468078613281,48.91224670410156,66.88369750976562,46.3934211730957,30.25030517578125,28.167377471923828,43.88242721557617,25.011404037475586,0.0,42.34455108642578,68.40113830566406,79.2342529296875,78.64692687988281,85.14667510986328,64.67312622070312,61.12831497192383,55.579345703125,75.89021301269531,67.1385498046875,112.88347625732422,109.22529602050781,95.1771011352539,80.31707763671875,94.69103240966797,103.8130874633789,149.2125244140625,177.90769958496094,107.43096160888672,141.2410888671875,112.11386108398438,167.71836853027344,74.11923217773438,78.72887420654297,71.30589294433594,79.76504516601562,93.2614974975586,38.55640411376953,27.189228057861328,56.099666595458984,53.27508544921875,56.849491119384766,46.913330078125
145,130.03175354003906,144.9530029296875,117.47283172607422,101.07807922363281,116.44661712646484,90.04800415039062,110.92435455322266,128.3099822998047,134.0935821533203,103.36193084716797,68.41567993164062,111.72216033935547,92.48536682128906,87.13687896728516,76.03336334228516,117.09506225585938,63.282344818115234,80.44474792480469,68.48059844970703,86.81050109863281,72.6410903930664,55.18437957763672,128.52099609375,92.19071197509766,102.2805404663086,116.26885986328125,108.31602478027344,84.58439636230469,44.593929290771484,68.52519989013672,71.15363311767578,85.90032196044922,38.03696823120117,50.131961822509766,99.72123718261719,101.35980987548828,90.40753173828125,21.6640625,46.0883903503418,35.12833023071289,75.50822448730469,61.685394287109375,53.87077331542969,78.74645233154297,45.629127502441406,51.146114349365234,84.81295776367188,62.50450134277344,93.0796127319336,71.18569946289062,54.64476776123047,57.72636032104492,72.18023681640625,95.56035614013672,86.32109832763672,73.72492218017578,106.002685546875,103.17797088623047,100.87528228759766,106.09616088867188,96.00667572021484,110.79216003417969,32.50130081176758,33.69810104370117,83.36994934082031,79.31793975830078,57.33552932739258,76.156982421875,68.60736083984375,71.22423553466797,51.655601501464844,29.248695373535156,24.560279846191406,42.344539642333984,0.0,94.08906555175781,98.11959838867188,113.6258773803711,111.5064697265625,35.76786422729492,19.233680725097656,44.763710021972656,77.05165100097656,31.46670913696289,79.46678161621094,68.66630554199219,64.72108459472656,39.80189514160156,52.5655632019043,128.82151794433594,144.57269287109375,145.35887145996094,136.69427490234375,133.5791473388672,123.57901000976562,134.9899444580078,106.81546783447266,121.01870727539062,112.857177734375,104.67916870117188,131.16282653808594,79.9318618774414,61.24637985229492,96.90859985351562,88.4535140991211,98.12808990478516,84.17180633544922
147,87.54846954345703,55.77424621582031,83.90503692626953,104.42481231689453,123.58429718017578,78.2943115234375,63.790802001953125,106.29170227050781,134.754638671875,141.96609497070312,117.97624206542969,157.27490234375,157.23243713378906,118.22505187988281,94.449462890625,162.4470672607422,132.57302856445312,152.9265594482422,148.83242797851562,169.51048278808594,159.65606689453125,137.52894592285156,137.42071533203125,159.3046112060547,150.01466369628906,141.067138671875,125.82127380371094,158.86216735839844,93.41666412353516,79.00504302978516,56.61222839355469,57.60893630981445,127.26386260986328,116.19182586669922,31.057126998901367,46.69669723510742,140.2905731201172,102.41558837890625,129.39024353027344,112.07293701171875,147.5618133544922,141.81478881835938,121.38533020019531,144.7540283203125,96.21088409423828,123.61581420898438,124.29150390625,112.31361389160156,138.421142578125,134.57528686523438,102.77764892578125,119.67069244384766,124.39375305175781,117.23365783691406,94.90142822265625,108.78643035888672,125.7901611328125,106.46621704101562,94.2799301147461,113.48479461669922,130.8977508544922,78.45894622802734,101.54923248291016,90.44449615478516,16.730318069458008,16.05646324157715,41.86865234375,29.853078842163086,27.847978591918945,48.288326263427734,43.4843864440918,69.75892639160156,70.07926177978516,68.40115356445312,94.08902740478516,0.0,18.106428146362305,29.076213836669922,19.425764083862305,86.41798400878906,108.8301010131836,62.60121154785156,41.385009765625,123.60467529296875,141.48631286621094,160.0095977783203,152.4047393798828,133.86318969726562,145.84629821777344,35.428836822509766,81.58784484863281,112.37870788574219,50.38325500488281,76.25733947753906,44.92155456542969,123.07015228271484,77.04951477050781,54.970375061035156,64.622314453125,76.47099304199219,51.286163330078125,65.72627258300781,86.0875473022461,70.37088775634766,91.52810668945312,39.553253173828125,31.63677406311035
149,85.49996948242188,48.52410888671875,67.21514129638672,86.91175079345703,108.21760559082031,60.26893997192383,46.64058303833008,91.63033294677734,121.90625,125.02685546875,101.7412109375,143.15719604492188,140.29051208496094,100.66643524169922,77.1519775390625,151.10958862304688,118.66474151611328,136.93959045410156,136.80258178710938,155.56053161621094,148.11451721191406,127.30998992919922,127.96881866455078,153.93946838378906,143.4767608642578,133.2261962890625,119.77041625976562,155.263427734375,80.85894775390625,62.083106994628906,41.76179504394531,40.043033599853516,123.31143951416016,103.18737030029297,13.023696899414062,29.06695556640625,139.82583618164062,111.42666625976562,138.40106201171875,121.41515350341797,146.7171173095703,151.03805541992188,131.81446838378906,150.72100830078125,107.03585815429688,133.97354125976562,130.2866668701172,123.54296875,144.04136657714844,140.67352294921875,113.89591217041016,130.34078979492188,130.61288452148438,123.1997299194336,106.10566711425781,118.37236785888672,127.58894348144531,112.43228912353516,100.28709411621094,116.83228302001953,130.87957763671875,85.15791320800781,111.77631378173828,100.92467498779297,18.84976577758789,30.804811477661133,42.14858627319336,22.038047790527344,34.12501907348633,63.71863555908203,53.2215576171875,68.87091827392578,78.78561401367188,79.2342529296875,98.11961364746094,18.106426239013672,0.0,42.20942687988281,25.78887176513672,77.08016204833984,106.13388061523438,55.71402359008789,27.863325119018555,129.57920837402344,139.78390502929688,158.3467254638672,151.35374450683594,136.3965606689453,143.71530151367188,31.16777992248535,70.29174041748047,99.61529541015625,56.42261505126953,62.89199447631836,32.87962341308594,113.74202728271484,90.25178527832031,69.00503540039062,80.01136779785156,87.52071380615234,63.34998321533203,83.3182144165039,101.12615966796875,88.1841049194336,109.60240936279297,57.44346237182617,48.61357879638672
151,69.80493927001953,52.60164260864258,94.61953735351562,117.98963165283203,132.1913299560547,98.90703582763672,77.36084747314453,113.24348449707031,136.4895782470703,151.8179931640625,143.80706787109375,161.10923767089844,171.93414306640625,137.1600341796875,119.04400634765625,160.68862915039062,159.10403442382812,172.67994689941406,167.88204956054688,157.08851623535156,155.39414978027344,160.7105255126953,132.83657836914062,141.94508361816406,137.12515258789062,133.1942138671875,113.04183959960938,139.06103515625,122.46522521972656,104.16230010986328,83.88807678222656,81.65277099609375,150.41180419921875,142.7147979736328,53.43494415283203,66.65882873535156,118.83792114257812,120.16512298583984,146.22869873046875,125.91447448730469,126.89122772216797,131.26536560058594,110.77708435058594,120.0123519897461,98.94523620605469,119.80343627929688,99.54981994628906,90.90321350097656,113.67945098876953,109.79339599609375,99.30866241455078,100.82394409179688,99.54191589355469,92.49197387695312,66.94343566894531,82.63018035888672,101.06185913085938,81.72453308105469,69.53824615478516,88.7564926147461,108.77941131591797,53.53742980957031,113.3651123046875,100.55101013183594,44.77520751953125,34.57503128051758,66.31546020507812,58.919769287109375,51.5447998046875,48.924713134765625,62.01055145263672,92.81588745117188,89.06559753417969,78.64692687988281,113.6258773803711,29.076213836669922,42.20942687988281,0.0,19.22125816345215,110.47930908203125,131.1536407470703,87.47444152832031,69.51754760742188,142.72589111328125,121.4871597290039,139.87623596191406,131.90628051757812,153.40150451660156,150.01515197753906,34.83578872680664,83.57622528076172,114.0868911743164,29.12794303894043,82.53019714355469,54.557228088378906,118.7809829711914,48.32314682006836,26.795610427856445,37.81430435180664,48.9319953918457,22.209949493408203,55.31156539916992,81.34614562988281,51.11817932128906,69.14838409423828,26.306737899780273,31.842243194580078
153,68.52999877929688,39.74303436279297,76.94489288330078,99.91183471679688,115.41742706298828,79.80583953857422,59.00579071044922,97.26155853271484,123.17789459228516,134.51522827148438,125.60026550292969,147.11923217773438,154.31405639648438,118.78823852539062,100.5740966796875,149.22604370117188,143.1300048828125,160.40261840820312,161.26783752441406,157.68995666503906,156.2546844482422,152.95407104492188,122.35919189453125,140.8943634033203,132.13746643066406,124.32540130615234,107.76052856445312,139.65904235839844,106.52701568603516,86.33574676513672,66.89559936523438,63.07968521118164,146.30845642089844,128.73739624023438,34.81644058227539,47.6171760559082,120.88035583496094,119.78244018554688,146.75709533691406,129.42483520507812,128.21026611328125,137.54632568359375,118.0241470336914,126.2593765258789,110.9293212890625,126.60562133789062,105.80304718017578,104.10369873046875,119.92555236816406,116.10606384277344,113.25810241699219,109.64005279541016,105.92830657958984,98.73807525634766,80.60336303710938,92.58719635009766,107.29096221923828,87.97063446044922,75.79147338867188,94.985595703125,111.47201538085938,60.156944274902344,118.70069122314453,107.48704528808594,35.17144775390625,33.11855697631836,61.29188537597656,44.63100051879883,47.14078903198242,58.58127975463867,60.783267974853516,88.73556518554688,87.44707489013672,85.14666748046875,111.50647735595703,19.425764083862305,25.788869857788086,19.22125816345215,0.0,102.7690658569336,127.81632232666016,78.9520492553711,53.53829574584961,141.0,122.23516082763672,140.74183654785156,133.05633544921875,151.30238342285156,151.07049560546875,19.969751358032227,69.7387466430664,100.67963409423828,31.320722579956055,66.17218780517578,36.50987243652344,108.07213592529297,66.3463363647461,45.450103759765625,56.590850830078125,61.93827819824219,38.329708099365234,70.08269500732422,94.95375061035156,69.76141357421875,87.69671630859375,41.431175231933594,40.632896423339844
155,154.54934692382812,114.34013366699219,82.20235443115234,69.14581298828125,92.01341247558594,54.296939849853516,76.75791931152344,97.88274383544922,117.32817840576172,84.86744689941406,45.9139404296875,98.67444610595703,79.7454833984375,61.457210540771484,41.93393325805664,111.39048767089844,49.71376037597656,71.53081512451172,65.02941131591797,85.71563720703125,75.9344482421875,54.05622482299805,136.66619873046875,100.7553939819336,114.94369506835938,129.82186889648438,131.22808837890625,95.61038970947266,13.056485176086426,32.77414321899414,38.804283142089844,53.067970275878906,47.465763092041016,32.77589797973633,70.33348083496094,69.134033203125,117.04652404785156,55.88154220581055,81.01056671142578,68.18963623046875,102.86876678466797,96.46696472167969,85.7464599609375,112.57577514648438,73.53683471679688,83.65628814697266,117.58345031738281,91.67878723144531,126.65819549560547,103.95619201660156,82.66334533691406,88.60980224609375,104.44075012207031,128.1614227294922,115.27958679199219,104.28843688964844,131.7988739013672,135.52684020996094,132.8922119140625,138.10708618164062,122.17022705078125,141.87893676757812,63.15696334838867,61.98500442504883,70.49899291992188,76.0408706665039,44.601566314697266,58.49936294555664,58.97063446044922,86.37174224853516,54.60236358642578,22.14338493347168,39.9954719543457,64.67312622070312,35.76786422729492,86.41799926757812,77.08016967773438,110.4792709350586,102.76908111572266,0.0,35.30138397216797,24.060161590576172,49.35624313354492,61.548248291015625,102.28059387207031,86.10697937011719,92.0586166381836,65.85462951660156,71.62239074707031,106.43608856201172,109.58692932128906,116.93975067138672,133.4656982421875,98.96241760253906,91.92791748046875,139.56443786621094,134.21446228027344,129.01316833496094,131.7117156982422,133.85345458984375,130.53939819335938,103.12200164794922,88.1107406616211,120.60965728759766,115.35708618164062,102.23381805419922,84.32373809814453
157,119.77725219726562,149.64157104492188,111.53189086914062,91.4836654663086,102.05762481689453,86.70111083984375,111.13639831542969,116.89021301269531,115.76463317871094,86.3405532836914,55.03050994873047,92.53234100341797,73.51947784423828,74.3302993774414,67.3813247680664,98.394287109375,45.46437454223633,61.34090805053711,49.31594467163086,68.38106536865234,55.249629974365234,36.042274475097656,114.65149688720703,76.66806030273438,88.41104125976562,102.75818634033203,97.19880676269531,68.9264907836914,38.22901153564453,65.73239135742188,74.10566711425781,88.36394500732422,19.48215675354004,36.1806640625,105.63484954833984,104.43541717529297,81.78926086425781,38.11840057373047,46.383731842041016,52.11602783203125,67.57875061035156,63.09992218017578,72.1097412109375,79.23456573486328,64.608642578125,68.22953033447266,97.22095489501953,81.32481384277344,92.1189956665039,83.59369659423828,73.59233093261719,76.28942108154297,89.74346160888672,107.58025360107422,105.18452453613281,92.37619018554688,96.6309814453125,110.22911834716797,119.004150390625,103.11865234375,87.00232696533203,129.26318359375,51.17194747924805,52.622230529785156,94.65489959716797,96.79217529296875,67.76920318603516,84.10420989990234,81.06344604492188,89.76664733886719,69.1550064086914,39.302894592285156,42.231231689453125,61.12831115722656,19.23368263244629,108.830078125,106.13386535644531,131.15365600585938,127.81633758544922,35.30138397216797,0.0,51.976661682128906,84.39398956298828,27.305570602416992,67.88185119628906,53.15045166015625,56.768592834472656,30.597347259521484,37.83779525756836,136.72776794433594,139.0468292236328,129.60610961914062,155.30438232421875,129.956787109375,127.22930145263672,123.00714111328125,125.9083023071289,139.857177734375,131.94467163085938,123.49948120117188,150.0421600341797,98.97164916992188,80.47935485839844,116.08744812011719,107.67711639404297,116.62356567382812,102.15746307373047
159,140.45587158203125,101.4634017944336,85.39508056640625,78.37751770019531,104.91995239257812,57.15389633178711,71.33390808105469,107.0630111694336,134.4741668701172,104.86772155761719,67.69937896728516,122.64028930664062,103.80564880371094,77.25960540771484,51.952613830566406,135.1975860595703,73.64712524414062,95.30516815185547,88.26298522949219,108.94795227050781,99.1305160522461,77.10601806640625,157.5799102783203,123.97732543945312,138.1597137451172,153.0438232421875,149.13247680664062,118.82640838623047,35.82705307006836,37.035858154296875,28.994930267333984,45.1658821105957,68.6952896118164,56.83605194091797,55.48822021484375,58.319236755371094,133.72293090820312,60.29413986206055,86.62153625488281,71.76585388183594,119.45458221435547,100.73851776123047,88.94168090820312,116.39688110351562,74.20387268066406,86.9568099975586,120.97916412353516,92.84004211425781,130.31776428222656,107.3519058227539,83.5471420288086,91.71238708496094,107.68755340576172,131.50027465820312,115.673583984375,106.47354125976562,144.52517700195312,138.78533935546875,136.09063720703125,141.9035186767578,138.93601989746094,139.1090087890625,66.2863998413086,63.213321685791016,46.4388427734375,52.9367790222168,21.247962951660156,34.48183059692383,35.929649353027344,67.28521728515625,35.480831146240234,16.262775421142578,34.666015625,55.57933807373047,44.76369857788086,62.60120391845703,55.714012145996094,87.47444152832031,78.95206451416016,24.060163497924805,51.976661682128906,0.0,32.45397186279297,76.07841491699219,119.8155517578125,105.09896850585938,108.65199279785156,82.53103637695312,89.7715072631836,86.1502914428711,105.54869842529297,126.05218505859375,110.2039794921875,94.55522918701172,79.58190155029297,146.91293334960938,128.29226684570312,106.40367889404297,110.21018981933594,134.43521118164062,107.63890838623047,89.70869445800781,82.30083465576172,103.68535614013672,108.60130310058594,80.3352279663086,62.42514419555664
161,111.22992706298828,70.37211608886719,64.35501098632812,72.64012145996094,102.13248443603516,43.83193588256836,45.992835998535156,91.17695617675781,124.76737976074219,107.76111602783203,77.07594299316406,129.08724975585938,116.32884979248047,81.3002700805664,54.916996002197266,148.1849365234375,91.78012084960938,112.03831481933594,109.30252075195312,130.02825927734375,120.48363494873047,99.4466552734375,136.56524658203125,145.15560913085938,158.69468688964844,145.13697814941406,137.87498474121094,140.0521697998047,52.995628356933594,37.65452575683594,15.227225303649902,24.039278030395508,95.4913558959961,75.45303344726562,23.47451400756836,29.061080932617188,165.83358764648438,90.92903900146484,117.65985107421875,101.88102722167969,151.8981170654297,131.212890625,118.50267791748047,146.81492614746094,101.98394012451172,116.72004699707031,150.9179229736328,120.43289947509766,160.45594787597656,137.29071044921875,110.73686981201172,121.21588134765625,137.34458923339844,150.89666748046875,133.924560546875,132.94554138183594,154.7232666015625,140.12924194335938,127.98641967773438,144.32908630371094,157.1806640625,112.85968780517578,95.90219116210938,91.3560791015625,28.7344970703125,44.85445022583008,27.182979583740234,14.29913330078125,33.810325622558594,71.39102172851562,48.29132843017578,47.81613540649414,60.96452331542969,75.89019775390625,77.0516357421875,41.385009765625,27.86332893371582,69.51754760742188,53.538299560546875,49.35624313354492,84.39401245117188,32.4539680480957,0.0,108.4543685913086,150.59841918945312,133.4651336669922,141.0879669189453,114.96519470214844,119.73167419433594,57.18612289428711,79.2071304321289,103.95882415771484,84.14707946777344,69.44523620605469,48.857505798339844,122.64449310302734,117.79615783691406,96.05036926269531,105.7456283569336,115.31549835205078,91.21328735351562,94.8370132446289,101.78343200683594,106.54950714111328,121.27264404296875,77.83649444580078,62.835289001464844
163,102.94680786132812,144.3483123779297,138.606689453125,116.2730941772461,115.77359008789062,113.73176574707031,138.15640258789062,132.8394775390625,120.8944091796875,96.98643493652344,77.98141479492188,95.88621520996094,78.5707015991211,96.16390991210938,94.61758422851562,96.39823913574219,61.96384048461914,66.16973114013672,53.949554443359375,68.1668472290039,52.76770782470703,45.80510711669922,103.66556549072266,68.20085144042969,77.42510986328125,91.01632690429688,81.40171813964844,60.6290283203125,65.28678894042969,92.75240325927734,99.65397644042969,114.2507095336914,31.072816848754883,61.08037567138672,130.9468994140625,129.9600830078125,61.91728591918945,25.416582107543945,19.47659683227539,31.552824020385742,45.74875259399414,36.76589584350586,51.646602630615234,54.37061309814453,60.6295280456543,43.24892807006836,70.21764373779297,72.92381286621094,68.00696563720703,56.59038543701172,68.64209747314453,60.94438552856445,64.97599792480469,80.63406372070312,97.5575942993164,79.04789733886719,78.62322998046875,91.3423080444336,95.64946746826172,85.4988021850586,68.34173583984375,109.5684585571289,41.3473014831543,50.548980712890625,113.86131286621094,108.56111145019531,88.80223083496094,107.59921264648438,98.47222900390625,97.14344787597656,80.84175872802734,60.71540832519531,53.70587158203125,67.13854217529297,31.466711044311523,123.60465240478516,129.57920837402344,142.7258758544922,141.0000457763672,61.54825210571289,27.305570602416992,76.07840728759766,108.45433807373047,0.0,53.27804183959961,44.921470642089844,35.823612213134766,14.395624160766602,30.012609481811523,156.06202697753906,138.63363647460938,131.13841247558594,138.50209045410156,149.40013122558594,152.64984130859375,108.398681640625,122.44432830810547,143.44065856933594,135.10569763183594,113.95115661621094,141.39227294921875,102.9429931640625,80.10481262207031,118.7862319946289,106.48849487304688,123.90897369384766,111.92393493652344
165,54.28390121459961,94.60987854003906,113.30955505371094,112.17774963378906,99.8555908203125,131.61532592773438,120.75823974609375,97.6753158569336,76.1770248413086,80.0456771850586,83.16442108154297,66.30049133300781,58.905738830566406,92.6891860961914,110.1661376953125,50.38391876220703,64.6418685913086,51.36459732055664,46.504051208496094,35.851139068603516,34.05821990966797,52.351890563964844,51.91476058959961,21.910491943359375,26.999473571777344,39.18904495239258,29.33585548400879,17.91997718811035,99.14773559570312,120.64703369140625,139.90716552734375,145.58148193359375,55.42454147338867,76.76847076416016,141.93771362304688,134.06231689453125,22.419458389282227,70.6988296508789,43.901615142822266,67.00025939941406,17.716629028320312,39.616424560546875,70.56136322021484,39.68050765991211,97.12744140625,62.057594299316406,57.82099914550781,94.85456848144531,42.23164367675781,56.20137023925781,98.99398040771484,80.80448913574219,68.35640716552734,48.29912567138672,94.54021453857422,83.32829284667969,34.22337341308594,46.73334503173828,60.304325103759766,39.81513214111328,24.62529182434082,73.53692626953125,79.57396697998047,92.38749694824219,155.58140563964844,152.842041015625,134.28712463378906,151.70201110839844,147.36386108398438,143.013427734375,129.90469360351562,105.74150085449219,103.39147186279297,112.88349914550781,79.46678161621094,141.4862518310547,139.78384399414062,121.48715209960938,122.23516082763672,102.28059387207031,67.88186645507812,119.81558227539062,150.59835815429688,53.27804183959961,0.0,18.562814712524414,17.706377029418945,40.07438659667969,30.935880661010742,108.68057250976562,87.2049560546875,78.7984619140625,92.64906311035156,98.05826568603516,115.13365936279297,55.651206970214844,113.86912536621094,119.82006072998047,126.90632629394531,91.21846008300781,107.6475830078125,144.04786682128906,119.60289001464844,141.24069213867188,120.16121673583984,142.94078063964844,152.80465698242188
167,72.84671020507812,112.78850555419922,123.5419921875,98.40802764892578,89.9705810546875,113.95762634277344,136.9354248046875,108.41614532470703,82.08609771728516,70.44136047363281,66.44352722167969,62.39802169799805,49.9865608215332,77.89828491210938,92.62872314453125,51.75457763671875,47.10337448120117,38.964263916015625,29.220401763916016,28.736684799194336,18.327709197998047,34.136627197265625,61.6699104309082,23.557191848754883,35.429447174072266,49.82003402709961,45.57818603515625,15.933300971984863,81.00599670410156,102.15398406982422,121.52811431884766,127.0787353515625,38.64120101928711,58.30509948730469,153.75778198242188,144.0365753173828,38.099273681640625,66.46802520751953,42.9013786315918,66.12588500976562,27.65023422241211,43.94368362426758,74.28264617919922,48.91188430786133,97.9485092163086,65.42272186279297,69.74761962890625,100.17609405517578,53.89545822143555,63.9688835144043,102.35551452636719,84.82598114013672,76.03321838378906,66.45320129394531,112.83990478515625,99.4264144897461,52.37744140625,64.98782348632812,78.60401916503906,58.014102935791016,42.7762336730957,91.83660888671875,78.43267822265625,90.16561889648438,147.497314453125,147.75735473632812,120.61162567138672,137.1328887939453,133.87454223632812,139.47555541992188,120.09825897216797,91.90476989746094,93.08133697509766,109.22527313232422,68.66629791259766,160.0095977783203,158.3466339111328,139.876220703125,140.74183654785156,86.1069564819336,53.150447845458984,105.09894561767578,133.4651641845703,44.921470642089844,18.562816619873047,0.0,20.57343101501465,31.02080726623535,16.100736618041992,127.2286376953125,104.8787841796875,93.56067657470703,111.0626220703125,115.79103088378906,133.27899169921875,70.27619171142578,132.16880798339844,138.18650817871094,145.2060089111328,109.51814270019531,126.02896118164062,143.28692626953125,119.86658477783203,159.0252685546875,138.46092224121094,161.3221893310547,152.7524871826172
169,67.17577362060547,108.57727813720703,129.3012237548828,115.5130386352539,108.20052337646484,127.9020004272461,136.2593536376953,114.06758117675781,93.78421783447266,89.09078216552734,80.9684829711914,79.80278015136719,69.31906127929688,95.0405502319336,106.62505340576172,64.89176940917969,61.67543029785156,57.96215057373047,46.36172866821289,46.61799621582031,38.88157653808594,46.56853485107422,69.49165344238281,36.502052307128906,44.077327728271484,56.70156478881836,45.633201599121094,30.500030517578125,91.22920227050781,115.5563735961914,130.73001098632812,140.5663604736328,46.71723175048828,71.57217407226562,154.7379150390625,148.9247283935547,26.158044815063477,53.026649475097656,26.30809783935547,49.45280456542969,10.810154914855957,23.42721176147461,53.89542770385742,28.55811309814453,79.71324920654297,45.14883804321289,49.27485275268555,79.75812530517578,36.52861022949219,43.39545440673828,82.14646911621094,64.36441802978516,55.45979690551758,56.67365646362305,99.6177749633789,78.86922454833984,42.8521614074707,56.838218688964844,70.54129028320312,49.727745056152344,32.5706672668457,83.7885971069336,62.03700637817383,74.85292053222656,145.78375244140625,140.06460571289062,121.9892578125,140.46798706054688,130.42161560058594,125.30706787109375,112.23251342773438,93.75921630859375,85.7193374633789,95.17709350585938,64.72108459472656,152.4047393798828,151.35374450683594,131.9063262939453,133.05628967285156,92.0586166381836,56.76860046386719,108.6520004272461,141.08792114257812,35.8236083984375,17.706377029418945,20.573429107666016,0.0,26.20400047302246,22.527973175048828,120.29096984863281,102.86259460449219,95.38038635253906,103.1458969116211,113.62906646728516,129.57400512695312,72.67143249511719,124.10711669921875,130.15672302246094,137.14459228515625,101.45645904541016,118.00247955322266,126.9783935546875,102.15103149414062,141.9051513671875,120.81686401367188,149.95396423339844,141.762939453125
171,90.2298583984375,131.63137817382812,131.57928466796875,106.28140258789062,102.50480651855469,111.65364074707031,137.4997100830078,120.09720611572266,107.36738586425781,83.65491485595703,68.85755157470703,82.35919189453125,65.06471252441406,85.947509765625,90.53189086914062,82.58401489257812,51.044307708740234,52.71723175048828,40.57872772216797,54.54541778564453,38.991127014160156,33.848487854003906,90.08688354492188,54.386627197265625,63.846431732177734,77.5557861328125,68.58651733398438,46.805816650390625,66.52970886230469,94.22513580322266,104.65171813964844,118.12224578857422,23.257123947143555,53.681121826171875,136.18692016601562,134.98146057128906,51.19190216064453,37.7158203125,21.367443084716797,41.151817321777344,37.014156341552734,33.7662353515625,58.04143142700195,48.75813674926758,71.5472640991211,48.47998046875,67.78959655761719,82.70558166503906,61.55440139770508,55.238895416259766,78.8409423828125,68.45326232910156,65.85651397705078,77.47402954101562,107.0639877319336,86.09536743164062,66.2007827758789,80.07003021240234,93.77310180664062,72.95956420898438,56.419654846191406,107.02040100097656,52.104095458984375,62.70197677612305,122.65094757080078,119.11983489990234,96.11685180664062,114.39222717285156,108.236328125,110.31938171386719,91.45748901367188,67.82209014892578,64.33590698242188,80.31707763671875,39.80189514160156,133.8632049560547,136.39657592773438,153.40151977539062,151.30238342285156,65.85462188720703,30.597347259521484,82.53104400634766,114.96520233154297,14.395623207092285,40.07438659667969,31.02080726623535,26.20400047302246,0.0,15.769708633422852,143.46954345703125,125.82427978515625,118.24615478515625,126.37004089355469,136.59951782226562,152.59609985351562,95.40849304199219,132.67019653320312,152.4698944091797,147.71925354003906,121.0662841796875,141.2342987060547,115.60771179199219,92.43689727783203,131.39979553222656,117.95313262939453,136.80963134765625,123.9018783569336
173,84.05213928222656,125.18505096435547,121.33212280273438,96.00691986083984,89.55518341064453,106.67170715332031,132.05735778808594,107.2641372680664,93.63420104980469,70.57963562011719,59.95488357543945,68.52379608154297,51.54955291748047,75.55718231201172,85.39476013183594,67.85530853271484,41.09348678588867,39.511714935302734,27.554147720336914,40.03281784057617,24.04552459716797,24.841373443603516,76.9421615600586,39.657928466796875,50.70170974731445,64.9897689819336,59.605712890625,32.034034729003906,69.09125518798828,94.11669921875,108.98760986328125,119.16459655761719,24.488664627075195,50.15030288696289,140.6453094482422,136.2293243408203,47.265018463134766,52.971923828125,33.1842155456543,55.08598709106445,33.338130950927734,39.870609283447266,68.88298034667969,48.8743782043457,86.23312377929688,59.50507736206055,69.17345428466797,94.58218383789062,58.44204330444336,61.11299514770508,92.79076385498047,79.64167022705078,72.73713684082031,75.99738311767578,116.0149154663086,95.20556640625,61.8369140625,74.97261047363281,88.67568969726562,67.86213684082031,52.23429489135742,101.92298889160156,66.68357849121094,77.61459350585938,131.73880004882812,131.65660095214844,104.85311126708984,121.67723083496094,118.10071563720703,123.64522552490234,103.99752044677734,76.16790771484375,76.98059844970703,94.69105529785156,52.56555938720703,145.84632873535156,143.71527099609375,150.01515197753906,151.07049560546875,71.62240600585938,37.83779525756836,89.7715072631836,119.73167419433594,30.012609481811523,30.935880661010742,16.100736618041992,22.527973175048828,15.769706726074219,0.0,138.1047821044922,118.10389709472656,108.42823028564453,121.25082397460938,128.97610473632812,145.8854522705078,85.16935729980469,142.24148559570312,148.29042053222656,155.2789764404297,119.59085083007812,136.1361846923828,130.61143493652344,107.35242462158203,146.3870086669922,132.72869873046875,150.56532287597656,136.6517791748047
175,54.396697998046875,20.390939712524414,59.7960319519043,84.40455627441406,97.48475646972656,69.8814926147461,45.978607177734375,78.7090835571289,103.59114837646484,117.00727844238281,118.28691864013672,127.64979553222656,137.11328125,104.80425262451172,91.35440826416016,129.28872680664062,136.8975830078125,144.98141479492188,153.34051513671875,142.4631805419922,142.52796936035156,150.1948699951172,102.81916046142578,124.00431060791016,114.68974304199219,105.63829803466797,90.49644470214844,124.5366439819336,109.68795776367188,82.25959777832031,68.48080444335938,59.24600601196289,152.4757843017578,124.86261749267578,36.241859436035156,40.60942077636719,108.83902740478516,137.7515869140625,146.2769012451172,136.2077178955078,115.6866226196289,133.71185302734375,114.7542495727539,122.28929901123047,122.4314956665039,123.13459777832031,101.85492706298828,104.01664733886719,115.21263122558594,112.27174377441406,113.19996643066406,107.81073760986328,102.22479248046875,94.76799011230469,80.67547607421875,91.6805191040039,97.85694122314453,83.93534088134766,71.86882019042969,87.84406280517578,100.02218627929688,56.79266357421875,132.9041290283203,125.8733139038086,47.46216583251953,51.485294342041016,72.94271850585938,52.67380142211914,62.44707107543945,78.47892761230469,78.85246276855469,99.57280731201172,105.415283203125,103.81309509277344,128.82150268554688,35.428836822509766,31.167781829833984,34.835784912109375,19.969751358032227,106.43607330322266,136.727783203125,86.1502914428711,57.18613052368164,156.06204223632812,108.68058776855469,127.2286605834961,120.29095458984375,143.46957397460938,138.10479736328125,0.0,50.149269104003906,81.08384704589844,28.773399353027344,47.77207565307617,21.87955093383789,88.41051483154297,75.3182373046875,57.65266418457031,68.90635681152344,61.93645477294922,46.89205551147461,88.20274353027344,113.63519287109375,84.34025573730469,93.97520446777344,58.926631927490234,60.60264587402344
177,54.410926818847656,31.442960739135742,27.767032623291016,50.22788619995117,49.4455451965332,55.303504943847656,34.2883415222168,31.288963317871094,53.44456481933594,69.15927124023438,89.00459289550781,77.70156860351562,90.46817016601562,68.82361602783203,72.32587432861328,81.07597351074219,101.26460266113281,100.71086883544922,111.13481140136719,110.760498046875,117.48710632324219,118.00416564941406,58.448177337646484,93.0762710571289,79.48757934570312,66.05313873291016,59.80219650268555,97.1043472290039,101.18879699707031,76.82630920410156,77.02941131591797,60.96062088012695,132.6688995361328,107.20362854003906,62.782920837402344,50.761619567871094,93.55131530761719,155.83103942871094,128.84852600097656,151.0245819091797,99.49371337890625,122.74827575683594,136.2267608642578,120.78616333007812,149.0922088623047,143.8153533935547,114.7023696899414,130.387451171875,112.19292449951172,128.3296356201172,139.71942138671875,131.95155334472656,121.8828125,103.6286392211914,108.48080444335938,116.63689422607422,94.02464294433594,93.97624969482422,91.20934295654297,92.88810729980469,88.46719360351562,78.68907928466797,157.40432739257812,159.98049926757812,88.63402557373047,97.42404174804688,106.31207275390625,87.78052520751953,103.60071563720703,128.31997680664062,123.06324768066406,120.93714141845703,139.95565795898438,149.21253967285156,144.57269287109375,81.58783721923828,70.29174041748047,83.57622528076172,69.73873901367188,109.58692169189453,139.04681396484375,105.54871368408203,79.2071533203125,138.6336212158203,87.2049560546875,104.87879180908203,102.86257934570312,125.82430267333984,118.1038818359375,50.149269104003906,0.0,30.941492080688477,65.9884033203125,11.066154479980469,37.68327331542969,44.375038146972656,108.45001983642578,102.8391342163086,114.19902038574219,90.33985900878906,89.61487579345703,137.9823455810547,142.52207946777344,129.87637329101562,125.47653198242188,108.7168197631836,110.19166564941406
179,71.66217041015625,61.4852409362793,41.20829772949219,47.794219970703125,29.064699172973633,70.01469421386719,58.097965240478516,19.057016372680664,22.507305145263672,43.44355010986328,77.0791015625,47.355228424072266,61.36189270019531,58.28586196899414,75.03026580810547,51.99026107788086,84.14569854736328,73.3121566772461,85.70513916015625,79.86219024658203,93.83025360107422,97.31640625,33.72285461425781,73.79081726074219,59.76021957397461,44.759971618652344,50.28269577026367,80.59160614013672,104.69676208496094,89.60445404052734,98.98807525634766,83.78229522705078,114.35147094726562,95.50017547607422,90.6030502319336,76.6151123046875,90.19493865966797,148.35043334960938,121.36791229248047,143.66502380371094,92.61786651611328,115.60769653320312,146.36598205566406,114.02723693847656,171.15060424804688,138.04884338378906,118.00469970703125,152.12899780273438,111.8314437866211,131.24676513671875,161.58120727539062,150.28262329101562,132.1219482421875,107.69293975830078,132.7516326904297,138.9141082763672,95.23739624023438,102.3564453125,110.59830474853516,98.01646423339844,88.15418243408203,102.15908813476562,156.1689910888672,168.95339965820312,117.57540893554688,128.2043914794922,130.92086791992188,115.0693359375,132.0194549560547,159.26089477539062,151.6339569091797,137.2391815185547,156.27902221679688,177.90773010253906,145.35888671875,112.37870788574219,99.61529541015625,114.08687591552734,100.67962646484375,116.93973541259766,129.60610961914062,126.05220031738281,103.9588394165039,131.13836669921875,78.79847717285156,93.5606918334961,95.38037872314453,118.24613189697266,108.42822265625,81.0838394165039,30.941492080688477,0.0,93.40845489501953,36.74020004272461,67.86457061767578,23.310710906982422,133.542724609375,131.31533813476562,141.91064453125,114.79129028320312,117.20956420898438,168.82254028320312,166.79290771484375,158.15472412109375,150.12940979003906,139.59266662597656,141.117431640625
181,40.74108123779297,35.8721923828125,84.12139129638672,109.46650695800781,115.29059600830078,96.88813018798828,72.02133178710938,97.27700805664062,114.3475341796875,134.75360107421875,144.50445556640625,139.61033630371094,151.307861328125,129.8381805419922,118.28941345214844,133.73004150390625,157.1886444091797,143.80264282226562,139.05081176757812,128.21121215820312,126.58055877685547,144.28216552734375,106.10999298095703,113.00115203857422,108.93678283691406,105.66154479980469,84.93830871582031,110.1836929321289,137.12432861328125,110.84339141845703,96.87876892089844,88.01399230957031,145.70993041992188,152.94320678710938,64.46965789794922,69.37477111816406,90.45559692382812,119.63829803466797,121.43644714355469,108.06108856201172,98.20923614501953,106.24874877929688,86.88558197021484,94.95917510986328,93.83345031738281,95.38230895996094,74.50289916992188,75.4186019897461,88.6253433227539,84.80863952636719,84.60192108154297,79.03732299804688,74.64185333251953,67.4378662109375,52.11072540283203,63.03446578979492,75.9903335571289,56.6704216003418,44.4913444519043,63.684967041015625,80.76448059082031,28.933631896972656,104.2580795288086,105.14264678955078,66.39948272705078,60.706336975097656,92.17967224121094,75.95171356201172,77.7173080444336,77.36973571777344,88.35283660888672,119.07477569580078,115.48873138427734,107.43094635009766,136.6942901611328,50.383262634277344,56.42259979248047,29.127944946289062,31.320720672607422,133.46568298339844,155.30438232421875,110.2039566040039,84.14706420898438,138.50209045410156,92.64909362792969,111.06263732910156,103.14590454101562,126.37004089355469,121.25089263916016,28.77340316772461,65.9884033203125,93.40845489501953,0.0,68.12816619873047,49.022125244140625,93.38250732421875,47.32131576538086,38.20632553100586,49.387203216552734,33.371707916259766,23.900054931640625,79.7551498413086,85.58097076416016,65.19219207763672,65.67960357666016,53.67880630493164,60.664306640625
183,63.55791473388672,32.35224151611328,18.754150390625,43.12583923339844,49.71268844604492,44.78289031982422,23.733802795410156,31.2279052734375,59.046607971191406,69.3405532836914,81.926513671875,81.02296447753906,90.231689453125,62.88430404663086,63.324440002441406,88.54907989501953,97.40991973876953,99.75318145751953,109.2872085571289,113.43673706054688,120.73099517822266,114.96914672851562,67.36238098144531,103.5522232055664,89.71360778808594,75.83892822265625,70.83666229248047,108.1705093383789,91.82254028320312,66.3056869506836,66.28901672363281,50.624046325683594,128.11431884765625,98.74081420898438,54.038246154785156,41.352806091308594,104.29891204833984,152.0166015625,139.61497497558594,161.79104614257812,110.26017761230469,133.5147247314453,141.61572265625,131.55264282226562,153.90109252929688,149.27052307128906,122.4832534790039,135.2269287109375,122.33694458007812,136.11048889160156,144.55892944335938,137.03810119628906,127.44368743896484,112.77983093261719,113.21302032470703,121.6077651977539,104.01673889160156,101.29743194580078,96.77021789550781,102.48406219482422,98.89602661132812,83.82632446289062,158.6219482421875,156.02679443359375,80.87886810302734,91.85755157470703,96.5006103515625,79.02102661132812,95.38470458984375,124.4079818725586,114.9859619140625,109.87097930908203,128.8894805908203,141.24107360839844,133.57911682128906,76.2573471069336,62.891990661621094,82.53018951416016,66.17219543457031,98.9623794555664,129.95680236816406,94.55521392822266,69.44522857666016,149.4001007080078,98.0582504272461,115.79105377197266,113.62904357910156,136.59951782226562,128.97607421875,47.77207946777344,11.066152572631836,36.740203857421875,68.12818145751953,0.0,31.384750366210938,53.32566833496094,112.49543762207031,103.37384796142578,114.71629333496094,94.90906524658203,90.82357025146484,135.7146759033203,147.25430297851562,130.3782501220703,129.81764221191406,106.63141632080078,106.52719116210938
185,64.67427062988281,22.412214279174805,40.4547233581543,63.52744674682617,79.26966857910156,48.30256271362305,24.11776351928711,61.51117706298828,90.20794677734375,98.19999694824219,96.4264907836914,112.38878631591797,117.83885192871094,83.13291931152344,69.72657012939453,118.73075866699219,115.52798461914062,124.16755676269531,131.61444091796875,141.82659912109375,143.92886352539062,129.11026000976562,95.28495025634766,125.6439208984375,113.27687072753906,101.34418487548828,91.13127136230469,128.31936645507812,91.43202209472656,63.759639739990234,53.36222839355469,41.62892150878906,134.47006225585938,104.0138168334961,27.427698135375977,23.929487228393555,119.99988555908203,139.49737548828125,155.5599822998047,150.6437530517578,126.12885284423828,149.39199829101562,131.915283203125,138.57470703125,139.91551208496094,139.99832153320312,118.14033508300781,123.09031677246094,131.23110961914062,128.7474365234375,132.32345581054688,126.35624694824219,118.74832153320312,110.99653625488281,99.97920989990234,110.48766326904297,112.76747131347656,99.98824310302734,88.2455062866211,103.86150360107422,112.3149185180664,73.95370483398438,144.6471405029297,133.80433654785156,51.5363883972168,60.56465148925781,72.48847198486328,51.332435607910156,66.73915100097656,93.12922668457031,86.03880310058594,95.44971466064453,108.83133697509766,112.1138916015625,123.57901763916016,44.92155075073242,32.87962341308594,54.55723190307617,36.50986862182617,91.92789459228516,127.22928619384766,79.58190155029297,48.857505798339844,152.6498565673828,115.13368225097656,133.27902221679688,129.5740203857422,152.5960693359375,145.88540649414062,21.87955093383789,37.68327713012695,67.86456298828125,49.02212905883789,31.38475227355957,0.0,81.11605834960938,96.27320098876953,78.64330291748047,89.8135757446289,81.21755981445312,68.62472534179688,106.36756134033203,130.92474365234375,104.69219207763672,114.55645751953125,77.82232666015625,75.67741394042969
187,62.75994110107422,68.48920440673828,62.41960525512695,71.10493469238281,47.79579544067383,91.68135833740234,76.71241760253906,42.36772155761719,25.480241775512695,57.89874267578125,95.58834075927734,47.17186737060547,66.61932373046875,78.311279296875,98.34099578857422,41.942874908447266,96.29642486572266,78.45830535888672,88.4638671875,68.71664428710938,78.15127563476562,99.0535659790039,14.423137664794922,51.97346496582031,37.86622619628906,23.416217803955078,29.858688354492188,57.94783020019531,126.75505828857422,112.50245666503906,118.9338150024414,103.50321197509766,108.91741180419922,112.229736328125,107.1328125,94.67847442626953,70.17289733886719,125.65249633789062,98.66998291015625,121.2603759765625,70.82384490966797,93.42472076416016,124.2921371459961,92.2993392944336,151.1459503173828,115.86588287353516,99.13424682617188,134.33424377441406,92.0750961303711,109.45274353027344,143.9943389892578,131.5828094482422,113.41638946533203,88.9598159790039,128.62841796875,121.70581817626953,76.16454315185547,85.02310180664062,94.66828155517578,79.49005889892578,68.8207015991211,96.59971618652344,133.7940216064453,146.59095764160156,132.12449645996094,139.03318786621094,149.67837524414062,132.10853576660156,147.53990173339844,166.24462890625,165.83433532714844,160.51589965820312,158.347900390625,167.71835327148438,134.98988342285156,123.07017517089844,113.74203491210938,118.78099822998047,108.0721206665039,139.56439208984375,123.00715637207031,146.9129180908203,122.64449310302734,108.39864349365234,55.651206970214844,70.27619171142578,72.67144775390625,95.40848541259766,85.16935729980469,88.4105224609375,44.37504196166992,23.310710906982422,93.38249206542969,53.32566452026367,81.11605834960938,0.0,131.19970703125,131.26715087890625,139.83941650390625,111.6717758178711,116.30658721923828,172.5377197265625,157.63616943359375,155.9180450439453,147.37635803222656,145.00477600097656,148.65475463867188
189,71.71053314208984,81.40050506591797,130.1925811767578,155.17271423339844,157.02525329589844,144.0771026611328,118.98958587646484,139.50042724609375,153.1096954345703,175.90673828125,173.19627380371094,178.0303497314453,172.63121032714844,175.3513641357422,165.43380737304688,161.80079650878906,169.74789428710938,165.11813354492188,160.1746368408203,149.5345458984375,147.68673706054688,161.77142333984375,142.9259033203125,134.673095703125,135.40992736816406,140.26560974121094,116.7986831665039,131.5118865966797,146.2496795654297,152.05856323242188,132.0084991455078,129.4060821533203,144.48435974121094,155.563232421875,101.1615982055664,113.96350860595703,108.83069610595703,97.90681457519531,112.22871398925781,91.5701675415039,119.0920639038086,103.02854919433594,75.7021484375,98.73387908935547,62.184326171875,85.1346435546875,78.24381256103516,51.2708625793457,96.62734985351562,82.91142272949219,53.82924270629883,65.36543273925781,70.70812225341797,75.77821350097656,26.67682647705078,47.55046844482422,88.02108764648438,68.28546142578125,53.97465896606445,75.7157211303711,96.48094940185547,42.01945877075195,81.15426635742188,73.80697631835938,91.50899505615234,76.6879653930664,107.58087921142578,106.37195587158203,93.15568542480469,66.19873046875,97.50306701660156,116.4117431640625,96.75198364257812,74.11925506591797,106.81549835205078,77.04951477050781,90.25178527832031,48.32314682006836,66.34634399414062,134.2144317626953,125.90830993652344,128.29226684570312,117.79615783691406,122.44432067871094,113.86911010742188,132.16880798339844,124.10710906982422,132.67019653320312,142.24148559570312,75.31824493408203,108.44999694824219,133.54270935058594,47.32131576538086,112.49542236328125,96.27320098876953,131.19972229003906,0.0,22.345483779907227,18.097087860107422,22.67601203918457,31.20530128479004,43.52238845825195,47.53864669799805,27.64773178100586,21.5169620513916,48.60930252075195,66.21292114257812
191,72.56881713867188,71.76708984375,117.2516860961914,141.47999572753906,152.1637725830078,125.2552261352539,102.71460723876953,133.3827667236328,152.5426788330078,171.97706604003906,169.70518493652344,177.8076629638672,178.5504150390625,161.7496337890625,145.80909729003906,165.9579315185547,177.40855407714844,171.03854370117188,166.19229125976562,155.45375061035156,153.7043914794922,171.35772705078125,143.42886352539062,140.3832550048828,139.17864990234375,140.9452667236328,117.89639282226562,137.42626953125,142.036376953125,130.9534454345703,110.63066864013672,108.39897918701172,158.96484375,161.05690002441406,80.16959381103516,93.0474853515625,115.38978576660156,119.39395904541016,131.6155548095703,112.30828094482422,125.1416244506836,119.32173156738281,95.13948059082031,110.79596710205078,83.95207214355469,104.560302734375,90.08921813964844,70.83235168457031,106.21678161621094,97.72428131103516,75.13391876220703,84.81591796875,86.67892456054688,85.02930450439453,45.99790573120117,66.65261840820312,95.0412826538086,75.5219497680664,61.93970489501953,82.73591613769531,103.26824951171875,46.72624969482422,102.4044418334961,94.78231048583984,69.29963684082031,54.35810089111328,85.2789077758789,84.18370819091797,70.81452178955078,54.60538864135742,79.34114074707031,110.7017593383789,101.63447570800781,78.72886657714844,121.01870727539062,54.970367431640625,69.00504302978516,26.795610427856445,45.450103759765625,129.01319885253906,139.857177734375,106.40364837646484,96.05037689208984,143.440673828125,119.820068359375,138.1864776611328,130.15667724609375,152.4698944091797,148.29037475585938,57.65266036987305,102.83912658691406,131.31532287597656,38.206329345703125,103.37384796142578,78.64330291748047,131.26712036132812,22.345481872558594,0.0,11.359895706176758,32.6142578125,15.304274559020996,41.664852142333984,66.88614654541016,27.057889938354492,42.45314407348633,29.045408248901367,45.810302734375
193,80.45832061767578,83.12698364257812,128.5087432861328,152.726806640625,163.52366638183594,136.36102294921875,113.88488006591797,144.74267578125,161.6750946044922,183.33697509765625,175.946533203125,186.63108825683594,185.6682586669922,172.94650268554688,156.85797119140625,173.56947326660156,174.5098114013672,178.1551513671875,173.2118377685547,162.57159423828125,160.72393798828125,167.96905517578125,151.56558227539062,147.70816040039062,146.80519104003906,148.96133422851562,125.7890396118164,144.54891967773438,144.7681884765625,141.97659301757812,120.80197143554688,119.45665740966797,150.89414978027344,159.5011749267578,91.23412322998047,104.15326690673828,121.8904037475586,110.03093719482422,130.28701782226562,109.10074615478516,132.1295166015625,120.50990295410156,93.77075958251953,115.52186584472656,78.38043212890625,103.20327758789062,94.69851684570312,69.33948516845703,111.96134948730469,100.09972381591797,71.44649505615234,83.43406677246094,87.9266128540039,90.81053924560547,44.562957763671875,65.48350524902344,101.29193115234375,81.7610092163086,67.77445220947266,88.98656463623047,109.58353424072266,53.70589828491211,97.15615844726562,85.182373046875,77.6622085571289,62.21465301513672,90.73079681396484,92.52240753173828,78.02373504638672,50.66054916381836,79.61592102050781,111.93383026123047,95.29449462890625,71.30589294433594,112.85717010498047,64.622314453125,80.0113754272461,37.81430435180664,56.59085464477539,131.7117156982422,131.94467163085938,110.21018981933594,105.74559783935547,135.1056671142578,126.90631103515625,145.20603942871094,137.1445770263672,147.71925354003906,155.2789306640625,68.90636444091797,114.19902038574219,141.91062927246094,49.38720703125,114.71629333496094,89.81359100341797,139.83938598632812,18.09708595275879,11.359895706176758,0.0,36.84416580200195,25.942337036132812,32.9730110168457,56.02490997314453,16.319448471069336,32.255157470703125,30.938800811767578,48.16474533081055
195,51.757225036621094,64.30854797363281,112.88885498046875,137.76620483398438,138.7191925048828,127.90387725830078,102.60973358154297,121.27201843261719,133.80641174316406,157.55270385742188,172.19508361816406,156.25698852539062,149.98056030273438,157.78790283203125,149.19287109375,139.14181518554688,155.6618194580078,142.4674835205078,137.52398681640625,126.88390350341797,125.03607177734375,142.66502380371094,123.3379898071289,112.02242279052734,112.7488021850586,119.10762023925781,95.32939147949219,108.86119079589844,145.64955139160156,144.19606018066406,128.83351135253906,120.97734832763672,141.6229248046875,154.22988891601562,96.52989196777344,102.39176940917969,86.18004608154297,90.9179458618164,100.54124450683594,82.46489715576172,96.44139862060547,87.6112289428711,64.25999450683594,78.72775268554688,60.58952713012695,73.583740234375,57.90440368652344,42.17467498779297,75.4659423828125,66.00252532958984,51.358001708984375,54.003665924072266,55.21385955810547,54.39524841308594,18.761642456054688,35.490638732910156,65.3836669921875,45.68935775756836,31.434703826904297,53.078304290771484,73.83027648925781,19.549528121948242,73.63198852539062,71.91863250732422,92.8094482421875,81.9922103881836,113.66124725341797,105.64937591552734,98.88622283935547,86.00695037841797,106.52812957763672,118.19207763671875,99.85519409179688,79.76504516601562,104.67918395996094,76.47098541259766,87.52071380615234,48.93198776245117,61.93827819824219,133.85342407226562,123.49948120117188,134.4352264404297,115.31549072265625,113.95113372802734,91.21846008300781,109.51815032958984,101.4564437866211,121.06623840332031,119.59088134765625,61.93645477294922,90.33985137939453,114.7912826538086,33.3717041015625,94.90906524658203,81.21755981445312,111.67176818847656,22.676008224487305,32.614261627197266,36.84416580200195,0.0,27.44112205505371,62.210609436035156,52.7202033996582,50.23822784423828,35.81048583984375,61.3772087097168,77.81670379638672
197,59.11516571044922,58.732322692871094,105.8375473022461,131.01426696777344,138.9982452392578,116.68177795410156,92.68610382080078,120.4115982055664,137.7828826904297,158.65335083007812,163.9300537109375,162.96128845214844,166.37791442871094,151.42807006835938,137.86097717285156,153.6381072998047,172.17263793945312,158.86605834960938,154.03480529785156,143.28126525878906,141.54690551757812,159.20347595214844,128.28213500976562,128.20228576660156,126.83161163330078,126.45305633544922,104.27082824707031,125.2537612915039,143.31808471679688,124.61177062988281,104.99494934082031,100.54829406738281,160.59523010253906,162.7171630859375,73.01097869873047,84.53721618652344,104.6756362915039,118.17849731445312,127.5279769897461,109.90602111816406,112.98738861083984,113.35443115234375,91.4702377319336,102.55181121826172,86.21540069580078,100.74314880371094,82.0271987915039,69.03926086425781,96.58036041259766,91.80765533447266,77.09871673583984,81.25669860839844,81.34001922607422,75.39288330078125,44.85762023925781,62.62800216674805,84.75221252441406,65.23287963867188,52.159996032714844,72.44684600830078,92.97918701171875,36.280174255371094,100.89253997802734,97.85980987548828,66.98516845703125,54.81745910644531,86.48426818847656,81.11822509765625,71.70924377441406,64.4688491821289,82.01300811767578,112.81834411621094,109.05706787109375,93.26148986816406,131.16282653808594,51.286163330078125,63.349971771240234,22.209949493408203,38.329708099365234,130.53936767578125,150.0421600341797,107.63888549804688,91.21330261230469,141.3922576904297,107.6475830078125,126.02897644042969,118.00243377685547,141.23426818847656,136.1361846923828,46.892059326171875,89.61488342285156,117.20955657958984,23.900056838989258,90.82357025146484,68.62471008300781,116.30660247802734,31.205299377441406,15.30427360534668,25.942338943481445,27.441123962402344,0.0,56.96800231933594,75.85179901123047,41.83674240112305,52.16734313964844,37.44953536987305,50.68663787841797
199,113.323486328125,107.34571075439453,146.8059844970703,165.14501953125,185.381103515625,137.1985626220703,127.4929428100586,166.8187255859375,191.28341674804688,181.0910186767578,143.28997802734375,191.07098388671875,171.6029510498047,161.570556640625,141.4501495361328,191.80532836914062,141.5804443359375,159.88815307617188,148.28758239746094,166.5011749267578,152.27203369140625,134.99806213378906,184.06565856933594,163.43841552734375,166.1337127685547,174.052490234375,152.33163452148438,157.1508331298828,115.42455291748047,124.50232696533203,105.57410430908203,118.42881774902344,117.96047973632812,126.59845733642578,95.626953125,112.11392974853516,137.83941650390625,77.90495300292969,101.63813018798828,78.25377655029297,130.99270629882812,105.9480209350586,76.86639404296875,113.1109390258789,48.351070404052734,83.75000762939453,97.07648468017578,53.963382720947266,116.69813537597656,95.14259338378906,47.94942855834961,67.89608764648438,84.15599822998047,100.2867431640625,50.5235710144043,61.54216003417969,115.36649322509766,97.33195495605469,84.76017761230469,104.5763168334961,125.60466766357422,81.25423431396484,65.36995697021484,53.13579559326172,69.02244567871094,53.0545768737793,72.17063903808594,80.90462493896484,61.05945587158203,24.15469741821289,54.71822738647461,81.68763732910156,63.16773986816406,38.5564079284668,79.93185424804688,65.72628021240234,83.31819915771484,55.311580657958984,70.08267974853516,103.12203216552734,98.97164916992188,89.70866394042969,94.83702850341797,102.94300079345703,144.04786682128906,143.28692626953125,126.97838592529297,115.60769653320312,130.61143493652344,88.20274353027344,137.98233032226562,168.82249450683594,79.7551498413086,135.71466064453125,106.36756134033203,172.53770446777344,43.522396087646484,41.664852142333984,32.9730110168457,62.210609436035156,56.967994689941406,0.0,26.846467971801758,17.543264389038086,26.580928802490234,29.276103973388672,34.704627990722656
201,101.30428314208984,116.87350463867188,165.29493713378906,157.2359619140625,175.30641174316406,138.67025756835938,146.7018585205078,173.35104370117188,182.7776336669922,163.75132751464844,127.21055603027344,172.96853637695312,153.6875457763672,145.7195281982422,129.9901885986328,167.03094482421875,124.05412292480469,141.69110107421875,129.68228149414062,146.9219512939453,131.27207946777344,116.38607025146484,160.87582397460938,138.6439666748047,142.57815551757812,150.61752319335938,129.28671264648438,132.47108459472656,100.17455291748047,118.48965454101562,108.29902648925781,123.3622055053711,99.14673614501953,109.67782592773438,111.41213989257812,127.62782287597656,113.32048034667969,54.83918762207031,77.95366668701172,54.47848892211914,104.78368377685547,80.05348205566406,50.432613372802734,86.3778305053711,22.59075355529785,57.61231994628906,72.05845642089844,27.556549072265625,91.5432357788086,68.34868621826172,21.497751235961914,41.23576736450195,57.876953125,75.93840789794922,34.0412712097168,37.2236328125,91.12545776367188,73.71646118164062,63.46083450317383,80.67698669433594,101.504150390625,66.73217010498047,41.64366149902344,29.737836837768555,82.95919799804688,70.71085357666016,75.00635528564453,91.1095199584961,70.38984680175781,37.816734313964844,53.83265686035156,69.3574447631836,50.226768493652344,27.189228057861328,61.24637985229492,86.08756256103516,101.12615966796875,81.3461685180664,94.9537353515625,88.1107406616211,80.47933959960938,82.30081176757812,101.78343200683594,80.10482025146484,119.60291290283203,119.86659240722656,102.1510238647461,92.43688201904297,107.35246276855469,113.6352310180664,142.5220184326172,166.79287719726562,85.58094787597656,147.25425720214844,130.9247283935547,157.6361541748047,47.53864288330078,66.88615417480469,56.02491760253906,52.72019958496094,75.85179901123047,26.846467971801758,0.0,39.92136001586914,27.308921813964844,55.03942108154297,55.34993362426758
203,96.48121643066406,98.80433654785156,143.9592742919922,167.9351043701172,179.2009735107422,148.39666748046875,128.3863983154297,160.4103546142578,177.7863006591797,198.49192810058594,160.8309326171875,202.72056579589844,188.9104461669922,179.11378479003906,153.668212890625,189.24134826660156,158.96731567382812,177.11077880859375,165.37643432617188,176.92652893066406,169.08514404296875,152.08021545410156,167.64422607421875,162.0650177001953,162.5504150390625,165.01300048828125,141.7521514892578,158.9038543701172,132.93919372558594,136.71583557128906,117.7536849975586,127.97183990478516,134.945556640625,144.0419158935547,101.20731353759766,116.04181671142578,136.0169677734375,93.71149444580078,117.1787109375,93.72090911865234,141.86305236816406,119.09578704833984,88.19200897216797,120.34668731689453,62.42278289794922,96.75630187988281,101.92058563232422,63.19185256958008,121.24322509765625,103.23416137695312,59.825775146484375,78.47731018066406,91.3175048828125,100.96736907958984,48.393489837646484,67.17118835449219,114.34181213378906,94.93089294433594,80.9832763671875,102.52416229248047,123.51612854003906,68.72917938232422,80.83671569824219,68.86292266845703,79.1118392944336,62.68879318237305,84.3783187866211,92.38019561767578,72.9417953491211,38.67186737060547,70.61363983154297,99.09922790527344,80.634521484375,56.09967803955078,96.9085922241211,70.37088012695312,88.18413543701172,51.11818313598633,69.76141357421875,120.60964965820312,116.08744049072266,103.68536376953125,106.54953002929688,118.78621673583984,141.24070739746094,159.02528381347656,141.90516662597656,131.39979553222656,146.38699340820312,84.34025573730469,129.8763885498047,158.1547393798828,65.19219207763672,130.37823486328125,104.69221496582031,155.9180145263672,27.64773178100586,27.057891845703125,16.319448471069336,50.23823165893555,41.83674240112305,17.543264389038086,39.92136001586914,0.0,23.651912689208984,30.826698303222656,43.97867202758789
205,87.56771087646484,98.92670440673828,147.67762756347656,172.6227264404297,173.9287872314453,162.00559997558594,136.84854125976562,156.46127319335938,169.4168243408203,190.96482849121094,154.44845581054688,185.3380126953125,178.94766235351562,172.9574432373047,157.23655700683594,168.51339721679688,151.2676239013672,168.8982391357422,156.8800811767578,155.8509979248047,153.9788360595703,143.5838623046875,159.04330444335938,141.07884216308594,142.16848754882812,150.01478576660156,128.10874938964844,137.8390655517578,127.42090606689453,145.24058532714844,131.86582946777344,144.84408569335938,126.34449005126953,136.90052795410156,121.99219512939453,133.45901489257812,114.69583129882812,81.1427230834961,101.67123413085938,78.4554672241211,118.28739929199219,97.45791625976562,67.01475524902344,96.74887084960938,46.57415008544922,76.06912994384766,78.71015167236328,41.13140869140625,98.12481689453125,79.65850830078125,41.211448669433594,56.456668853759766,67.7373046875,78.50525665283203,25.621023178100586,43.556114196777344,92.18961334228516,73.50537109375,60.33937454223633,80.99504852294922,102.0677490234375,54.674686431884766,66.13340759277344,56.23084259033203,95.601806640625,79.52210235595703,98.0624771118164,107.3904037475586,87.47903442382812,50.20063018798828,76.8172607421875,96.6663589477539,77.51209259033203,53.275089263916016,88.45350646972656,91.52806091308594,109.60237884521484,69.14838409423828,87.69672393798828,115.35710906982422,107.67710876464844,108.6012954711914,121.27262878417969,106.48848724365234,120.16122436523438,138.46092224121094,120.81687927246094,117.9531478881836,132.7287139892578,93.9751968383789,125.47650146484375,150.12940979003906,65.67960357666016,129.817626953125,114.55644989013672,147.3763427734375,21.5169620513916,42.453147888183594,32.25515365600586,35.81049346923828,52.16733932495117,26.580930709838867,27.308921813964844,23.65191078186035,0.0,52.86134338378906,61.05059814453125
207,93.88259887695312,78.12786865234375,118.2766342163086,140.4956512451172,156.34410095214844,117.71237182617188,99.28826904296875,137.6116943359375,162.0723114013672,175.8187255859375,146.56190490722656,186.4047088623047,180.68348693847656,155.75286865234375,129.69288635253906,186.88162231445312,150.1691131591797,171.1471710205078,162.78233337402344,178.5635986328125,170.70040893554688,151.413330078125,159.14329528808594,163.480224609375,162.0130615234375,159.29090881347656,138.45132446289062,160.53611755371094,115.29033660888672,112.7367935180664,92.61323547363281,97.1541976928711,135.91098022460938,133.8573760986328,70.44783782958984,85.56258392333984,140.04666137695312,99.09378814697266,123.74029541015625,100.7642593383789,148.3053741455078,129.38360595703125,102.81617736816406,139.22010803222656,72.87957000732422,108.16213989257812,118.71485900878906,82.47831726074219,133.1715850830078,122.68737030029297,75.33279418945312,95.3120346069336,112.79736328125,111.98410034179688,73.61930847167969,90.81825256347656,120.77454376220703,101.31098175048828,88.77609252929688,108.46917724609375,129.0015106201172,72.73072052001953,88.11246490478516,75.26115417480469,49.10198211669922,33.320777893066406,60.40581512451172,63.8292121887207,47.805519104003906,27.084394454956055,51.17646026611328,82.63365173339844,75.67005920410156,56.84949493408203,98.12805938720703,39.55326461791992,57.44345474243164,26.30674171447754,41.431182861328125,102.23384857177734,116.6235122680664,80.33521270751953,77.83650207519531,123.90898132324219,142.94081115722656,161.3221893310547,149.95394897460938,136.8096160888672,150.56533813476562,58.9266471862793,108.716796875,139.59263610839844,53.678810119628906,106.63140106201172,77.82232666015625,145.00477600097656,48.60929489135742,29.045406341552734,30.938800811767578,61.3772087097168,37.44953536987305,29.276103973388672,55.0394172668457,30.826698303222656,52.86134719848633,0.0,17.91008758544922
209,101.38726806640625,80.37591552734375,115.52130889892578,135.0704803466797,154.93276977539062,106.41800689697266,95.2244873046875,137.120849609375,163.60816955566406,165.80599975585938,128.8843994140625,181.9405975341797,162.7733917236328,138.08425903320312,112.02423858642578,189.8279266357422,132.2589569091797,153.2371063232422,144.87220764160156,165.54934692382812,155.66468811035156,133.5032196044922,162.9417724609375,173.2899932861328,168.95547485351562,163.9248504638672,144.82620239257812,168.67059326171875,97.38023376464844,95.06816101074219,76.05162048339844,85.89480590820312,121.49134063720703,115.94725799560547,60.99754333496094,77.4845199584961,150.089111328125,88.84180450439453,115.71304321289062,94.80985260009766,149.58921813964844,124.0465087890625,99.5768814086914,136.09918212890625,70.85262298583984,102.93325805664062,127.35761260986328,82.87970733642578,144.6724395751953,120.5472412109375,75.45833587646484,95.250732421875,113.20014953613281,123.48493194580078,84.34297943115234,92.40149688720703,132.05479431152344,112.71749114990234,100.53120422363281,119.74943542480469,140.00653076171875,84.3659439086914,82.43302917480469,69.68244934082031,35.1331672668457,18.886241912841797,42.72658920288086,48.62728500366211,30.41442108154297,18.262365341186523,33.63211441040039,64.91973114013672,60.07380676269531,46.91333770751953,84.17182159423828,31.636775970458984,48.613582611083984,31.842248916625977,40.63288879394531,84.32374572753906,102.157470703125,62.42512512207031,62.83529281616211,111.9239273071289,152.80470275878906,152.7524871826172,141.76295471191406,123.90188598632812,136.65176391601562,60.60264205932617,110.19168853759766,141.11746215820312,60.664302825927734,106.5271987915039,75.67741394042969,148.65476989746094,66.21292877197266,45.810306549072266,48.16474914550781,77.81671142578125,50.68663787841797,34.70462417602539,55.349937438964844,43.978675842285156,61.05060577392578,17.91008758544922,0.0
