index,l1,l2,l3,l4,l5,l6
1,0.28083962,0.2488712,0.673992,0.21883968,0.48564535,0.601009
2,0.2561736,0.2470147,0.6523752,0.23239854,0.5123507,0.615715
3,0.25680852,0.2517281,0.6725134,0.21856548,0.48704886,0.59587795
4,0.26594046,0.24991265,0.67875737,0.21114244,0.45595706,0.5664166
5,0.24555677,0.24952099,0.65798604,0.22244,0.47715145,0.58889526
6,0.24698417,0.24455658,0.6698723,0.2190996,0.4686203,0.5668043
7,0.2511651,0.25135046,0.6716623,0.22593664,0.48383886,0.61153984
8,0.26113117,0.24754435,0.6882099,0.20956677,0.46882665,0.5680889
9,0.27839231,0.25144362,0.6676668,0.23200005,0.50468725,0.6222439
10,0.24832192,0.2501646,0.6656424,0.22612895,0.48394096,0.6005708
11,0.27065524,0.2493296,0.68444157,0.20855941,0.45531714,0.5656784
12,0.27888644,0.25015062,0.69409764,0.20389035,0.45189813,0.56559056
13,0.2947685,0.25284302,0.69426584,0.20588264,0.4463028,0.55559176
14,0.25669825,0.24718483,0.6444031,0.2305507,0.504985,0.60954463
15,0.2893088,0.25369185,0.695657,0.20139006,0.44644162,0.55925643
16,0.2550621,0.25169033,0.6764096,0.222705,0.47915208,0.60349476
17,0.2808056,0.25561786,0.6842938,0.22824395,0.50794744,0.6240337
18,0.25548223,0.24821231,0.6960098,0.21641706,0.46878147,0.5559071
19,0.28480178,0.25185427,0.6924421,0.2189292,0.49330983,0.6119212
20,0.26243496,0.25129807,0.6798464,0.21615505,0.464903,0.58495986
21,0.27493915,0.25146508,0.67215234,0.22636814,0.5096943,0.6347605
22,0.26371253,0.25229192,0.6718247,0.21078567,0.46696806,0.56943595
23,0.25907475,0.250771,0.6621104,0.22613107,0.46890944,0.5745694
24,0.24944043,0.2456846,0.6779499,0.21817616,0.47719586,0.5694685
25,0.26474133,0.24806543,0.6538928,0.23222384,0.51009595,0.61352295
26,0.29591128,0.25932753,0.7012519,0.20328806,0.44743407,0.5600151
27,0.24499325,0.24672975,0.6609831,0.21940273,0.4737092,0.57971895
28,0.27954724,0.25034475,0.68694764,0.20779294,0.4523456,0.5595716
29,0.2622741,0.25512072,0.66924834,0.23086259,0.48282114,0.5863899
30,0.25366256,0.24819247,0.6837625,0.21687827,0.48303658,0.57454807
31,0.29652882,0.26134795,0.70683265,0.21169272,0.46264648,0.5754421
32,0.27483812,0.25205275,0.6661689,0.23229949,0.5027309,0.60674024
33,0.263298,0.25431547,0.657191,0.22355203,0.4838309,0.5875849
34,0.27003336,0.25281495,0.6751033,0.22668085,0.4620351,0.5619587
35,0.2750681,0.2493997,0.6654817,0.22602257,0.4764758,0.5759834
36,0.24530075,0.24539128,0.65950596,0.22153781,0.47317195,0.5753979
37,0.2523016,0.24870643,0.67379695,0.22261272,0.4786509,0.5727304
38,0.29250425,0.25140607,0.6850185,0.21129297,0.4475294,0.55141014
39,0.26406783,0.25225407,0.67576766,0.22170419,0.4677232,0.5854745
40,0.28364405,0.25126207,0.67370325,0.2199495,0.45217854,0.5517607
41,0.26199287,0.25132626,0.6653303,0.23064676,0.49575108,0.59924674
42,0.26598376,0.25329202,0.66579056,0.22504207,0.4613092,0.5705317
43,0.25072885,0.24630447,0.65790063,0.22436242,0.47323418,0.58475715
44,0.28432435,0.24960652,0.672714,0.22161672,0.47110388,0.57304084
45,0.26820782,0.24993876,0.68104684,0.21373649,0.45750663,0.567106
46,0.27123657,0.2504646,0.67436105,0.21969347,0.45733508,0.56123054
47,0.25721607,0.24915023,0.66230446,0.22458665,0.47099736,0.5922846
48,0.2483761,0.24380329,0.6788701,0.21792278,0.47194055,0.5621568
49,0.29355714,0.26634413,0.7175409,0.21348363,0.46597236,0.57705367
50,0.25743204,0.25338027,0.67472255,0.22360672,0.49024695,0.58998764
51,0.28748268,0.25016594,0.6800438,0.21050553,0.44720653,0.54911846
52,0.2605615,0.25564215,0.66435635,0.22799966,0.4998772,0.60556555
53,0.2754686,0.25010946,0.66542673,0.22541702,0.5034288,0.630399
54,0.2749182,0.23638579,0.5979051,0.15790293,0.46410975,0.59262943
55,0.272579,0.23385572,0.59316546,0.13415773,0.43334156,0.5351266
56,0.28070858,0.24607016,0.6000055,0.13646668,0.42539132,0.54495066
57,0.29487938,0.23660877,0.65055126,0.14309411,0.46544144,0.549027
58,0.28051296,0.2479314,0.596838,0.1517849,0.43881294,0.56883436
59,0.27351254,0.23728505,0.5976658,0.14873306,0.46381786,0.585269
60,0.28330863,0.24720876,0.6081305,0.1644309,0.45369735,0.5825426
61,0.268609,0.23594734,0.5674193,0.12090641,0.41894358,0.52748454
62,0.26557148,0.23097447,0.59318835,0.133455,0.44986308,0.5435533
63,0.28364992,0.24069457,0.6110435,0.15480202,0.46217588,0.584763
64,0.2760587,0.24447198,0.5758478,0.13783741,0.42145702,0.55532295
65,0.28437048,0.25107378,0.6109362,0.14363335,0.43628603,0.56166923
66,0.2899344,0.25066087,0.6098952,0.12572724,0.43484992,0.5383965
67,0.29012507,0.23842408,0.6274824,0.13514662,0.43975154,0.52509946
68,0.2834249,0.23871434,0.606362,0.14534855,0.45423108,0.5693993
69,0.27640676,0.23513575,0.58396333,0.14200462,0.4246083,0.53817785
70,0.29184246,0.24572694,0.6383413,0.14489911,0.45953983,0.566003
71,0.26547667,0.23225443,0.57787335,0.15207414,0.44382992,0.57469237
72,0.29203326,0.2441335,0.6299012,0.13823912,0.4320268,0.5361676
73,0.25689614,0.24206632,0.5878926,0.15692249,0.45636782,0.5921571
74,0.25863394,0.23715633,0.58358717,0.15739906,0.4619485,0.58833444
75,0.26429415,0.24202488,0.5867647,0.1461595,0.4423373,0.5769856
76,0.27592358,0.24297069,0.6088894,0.16307342,0.46331492,0.6015224
77,0.29161626,0.25264788,0.62068325,0.13568723,0.43609262,0.546981
78,0.2952488,0.24399452,0.64631486,0.14385903,0.4578174,0.5587524
79,0.2700946,0.24217066,0.5930942,0.15594384,0.4524124,0.5735186
80,0.2855859,0.23825069,0.612754,0.13153249,0.4292222,0.52316093
81,0.24686983,0.24900615,0.6578145,0.16562918,0.46462166,0.59318435
82,0.22550373,0.22180793,0.7285533,0.13007948,0.5428242,0.59472495
83,0.2697928,0.23466364,0.6056714,0.1872208,0.4280125,0.54494214
84,0.278508,0.24574745,0.63121206,0.1732115,0.4401495,0.5714411
85,0.26451153,0.22745568,0.59652674,0.17326036,0.40767327,0.51534575
86,0.23565003,0.2258402,0.7287528,0.13586292,0.5272204,0.5857016
87,0.24898219,0.21512297,0.56618303,0.17837636,0.40165216,0.5064771
88,0.24408033,0.23925981,0.63218486,0.17905693,0.467934,0.60821843
89,0.26360053,0.2325693,0.6121619,0.1692606,0.41655904,0.5315802
90,0.26216793,0.24867944,0.67467624,0.17351615,0.5128827,0.6447866
91,0.26380146,0.23497553,0.61508375,0.18118706,0.43476734,0.5696464
92,0.2287184,0.22508165,0.7062132,0.13686587,0.5435401,0.6182809
93,0.24791187,0.23368362,0.5920419,0.17661427,0.4088606,0.5470231
94,0.24727564,0.23304702,0.60314304,0.16942991,0.4096314,0.55216783
95,0.26088732,0.22775559,0.61013865,0.17152916,0.42430216,0.5181332
96,0.2719659,0.23843844,0.5903327,0.1992249,0.4329647,0.5711331
97,0.26530302,0.2463325,0.73644733,0.1380912,0.44258994,0.5574198
98,0.24388455,0.2365677,0.6220209,0.17676575,0.447545,0.596452
99,0.25626552,0.21583867,0.55750024,0.1933704,0.41097587,0.5299108
100,0.22259307,0.21796605,0.72337073,0.1334464,0.5341437,0.58601564
101,0.2694882,0.24112888,0.6855095,0.15041788,0.4236652,0.5522244
102,0.24513912,0.23842737,0.69284844,0.13201717,0.5129826,0.591784
103,0.21583587,0.21490858,0.71144545,0.13286145,0.5423805,0.5801801
104,0.28044888,0.24016905,0.5947605,0.20479396,0.44541675,0.58445007
105,0.25991374,0.25099206,0.656408,0.18693197,0.53773856,0.68355095
106,0.25956365,0.21908116,0.5569304,0.19599837,0.4180026,0.5379535
107,0.23711912,0.23090573,0.72663087,0.12558313,0.5422653,0.5976427
108,0.23694907,0.23193006,0.7652217,0.12811741,0.52307427,0.5961746
109,0.26841128,0.23062353,0.6126369,0.17599513,0.42926884,0.52652323
110,0.24914233,0.23307788,0.6028469,0.17727777,0.43373823,0.58196056
111,0.25397724,0.22166471,0.57141066,0.19624785,0.4254229,0.5447326
112,0.25223053,0.2432586,0.763401,0.13310555,0.49379504,0.58293766
113,0.24372184,0.23187757,0.60519433,0.16105329,0.41464338,0.55317605
114,0.26113608,0.22874647,0.5926659,0.1851212,0.41908512,0.5270919
115,0.23060417,0.2378945,0.64567137,0.16258681,0.5067471,0.6072641
116,0.27190232,0.23798174,0.6234739,0.19154932,0.4437956,0.575435
117,0.272568,0.23705256,0.6231925,0.17712404,0.44701707,0.5642499
118,0.2405124,0.24528523,0.6407375,0.1696751,0.4846854,0.6109107
119,0.27469388,0.25462624,0.64718515,0.20511307,0.5071803,0.6757967
120,0.27844247,0.2460521,0.6148827,0.20920774,0.4682575,0.62479985
121,0.2570422,0.21547908,0.5597917,0.18633857,0.40487826,0.51787686
122,0.26723403,0.23302422,0.6134514,0.17883064,0.4212497,0.5376434
123,0.2501667,0.2386561,0.61132216,0.19602537,0.4815858,0.6222366
124,0.2765618,0.24094084,0.6262522,0.17522418,0.4377911,0.5552649
125,0.25206167,0.23442793,0.59908915,0.17527278,0.422502,0.56521434
126,0.2554456,0.22160348,0.5945163,0.17591685,0.41709477,0.51355517
127,0.24244803,0.23701933,0.6369272,0.16930932,0.53450024,0.6447226
128,0.27534798,0.24665025,0.6277469,0.20070465,0.4702556,0.62308687
129,0.23447016,0.23173057,0.70901304,0.13281918,0.539238,0.6062386
130,0.2704161,0.24290562,0.61127985,0.19219103,0.45407653,0.6009831
131,0.25597754,0.23143224,0.60153776,0.17635268,0.41855797,0.55300164
132,0.23766202,0.23701309,0.6164151,0.15501405,0.42989337,0.56669635
133,0.27704751,0.24222359,0.59240276,0.20757645,0.45394158,0.5970336
134,0.2794613,0.24634534,0.6245105,0.20097902,0.4553345,0.60101426
135,0.27704072,0.24491379,0.666639,0.16015089,0.44315147,0.5764153
136,0.2692123,0.22778136,0.57942,0.18873352,0.41857618,0.5341888
137,0.2739457,0.24217707,0.60910046,0.20364603,0.45534214,0.6006408
138,0.25111645,0.2399331,0.6229126,0.18868826,0.5073413,0.64336574
139,0.23952508,0.23337047,0.6880699,0.14289053,0.55120385,0.6347351
140,0.25746316,0.24381718,0.7030759,0.15364715,0.484241,0.596693
141,0.2808891,0.25123635,0.6407075,0.20332853,0.48079747,0.64798856
142,0.24096572,0.24049804,0.64134467,0.16297725,0.44912046,0.5832877
143,0.25641006,0.24132839,0.6184896,0.1973352,0.459886,0.6094632
144,0.27396658,0.23851928,0.5824527,0.20778938,0.44118014,0.57760364
145,0.28041053,0.24948265,0.6254666,0.20729066,0.47095358,0.6272264
146,0.25530595,0.2232024,0.56499577,0.20103502,0.42789948,0.5495981
147,0.27555764,0.23513275,0.60137844,0.19460678,0.43006003,0.552758
148,0.27399892,0.24171612,0.6194047,0.18481904,0.44839826,0.5801044
149,0.27498525,0.25025633,0.6194856,0.2120022,0.4844694,0.6447347
150,0.27719632,0.23299453,0.57571757,0.20009154,0.42878503,0.5518098
151,0.22183101,0.22045839,0.7046417,0.13082305,0.5383122,0.58714324
152,0.23915523,0.23631321,0.65818536,0.14727244,0.52061045,0.6119337
153,0.28077814,0.2433428,0.6518708,0.16055605,0.40996227,0.5200604
154,0.27657396,0.2496197,0.6639985,0.17614278,0.472608,0.6110774
155,0.26314604,0.23349473,0.57689047,0.20507184,0.43343502,0.565225
156,0.2420463,0.23696597,0.71222013,0.14610374,0.5275376,0.6225045
157,0.27276993,0.24850929,0.62455857,0.20148462,0.46038744,0.6118753
158,0.26672298,0.23462763,0.58644927,0.1979357,0.42282736,0.54868066
159,0.2779832,0.25164285,0.65059435,0.19347802,0.48228222,0.64578176
160,0.27489418,0.24455829,0.63241744,0.17841467,0.45820928,0.6065195
161,0.24827197,0.24319766,0.68780816,0.16002227,0.5592422,0.6670717
162,0.27288854,0.2426496,0.6260047,0.19350792,0.44898885,0.6023877
163,0.24789499,0.2169463,0.57417893,0.18233484,0.41491812,0.52125835
164,0.23444274,0.23862523,0.6201782,0.171299,0.49873745,0.61464554
165,0.2000324,0.16338529,0.47398674,0.23887503,0.2799585,0.3197174
166,0.23798648,0.16434938,0.47097522,0.3741419,0.29862684,0.37115103
167,0.22213683,0.19750044,0.5027838,0.19830433,0.3658615,0.3969144
168,0.22468917,0.20541345,0.5391231,0.20346247,0.39571723,0.44206536
169,0.23683438,0.17614546,0.49377888,0.3080273,0.310775,0.36138198
170,0.20670313,0.14933002,0.42812014,0.3783387,0.25619894,0.34096625
171,0.23287895,0.18667865,0.5176198,0.2577242,0.32802558,0.36960927
172,0.21109524,0.1619947,0.44171378,0.36524934,0.2800799,0.37304032
173,0.20278785,0.15542355,0.46283633,0.28378952,0.2686155,0.3166305
174,0.22056392,0.19846372,0.5056403,0.20339763,0.38082805,0.41663554
175,0.22445536,0.17767747,0.4833645,0.29251504,0.30724385,0.35432562
176,0.22484045,0.20506722,0.5309285,0.20420043,0.39198953,0.43648514
177,0.22372508,0.20421253,0.537858,0.19989184,0.38635564,0.433671
178,0.23869494,0.16897488,0.487148,0.35043147,0.30767334,0.37011218
179,0.20687631,0.1682347,0.45213437,0.33975607,0.29276776,0.37467593
180,0.20924377,0.17345722,0.4594102,0.29841617,0.30802375,0.36155036
181,0.22413328,0.19024926,0.51142293,0.19576965,0.34572202,0.37235507
182,0.20575756,0.16598274,0.46736857,0.2660886,0.27922186,0.3331707
183,0.22383264,0.20204526,0.53185,0.19838579,0.376285,0.41641533
184,0.20816615,0.15153295,0.44051024,0.3381132,0.2563903,0.32461417
185,0.20948137,0.18052092,0.4802416,0.2415044,0.30617243,0.35227343
186,0.21086183,0.15594567,0.43417034,0.38633147,0.26451135,0.35801053
187,0.23230073,0.19745226,0.5395559,0.19626701,0.352851,0.38181046
188,0.21946406,0.19565475,0.4962003,0.19946162,0.3434406,0.3706255
189,0.22953807,0.20334986,0.5446613,0.19896892,0.3648368,0.39815637
190,0.20963919,0.18120214,0.49665552,0.20466352,0.29994804,0.3385008
191,0.2064181,0.14594817,0.43649232,0.3423841,0.25211763,0.3092724
192,0.22738206,0.19040826,0.53733176,0.19076021,0.35645175,0.39304423
193,0.21352774,0.17578305,0.46397653,0.29230636,0.3055604,0.3556814
194,0.21749529,0.19224186,0.49465066,0.19684875,0.3248629,0.34792447
195,0.2105949,0.16619605,0.45161235,0.32373235,0.28059795,0.35722244
196,0.20598032,0.18099228,0.47742033,0.2332139,0.32724595,0.36277857
197,0.22173843,0.20565231,0.5443268,0.20076713,0.40239403,0.45742017
198,0.23130779,0.19333658,0.53490484,0.19255552,0.348955,0.381026
199,0.24373001,0.19381563,0.5445142,0.21697737,0.35008374,0.3866976
200,0.2198179,0.190425,0.49377975,0.20044497,0.34254923,0.37055707
201,0.22475263,0.19698489,0.5164896,0.1961275,0.35853693,0.39002532
202,0.20739506,0.16912022,0.45848045,0.29817903,0.29341745,0.36281306
203,0.21127518,0.1877837,0.5010503,0.1933041,0.32028562,0.34741282
204,0.21751481,0.18620293,0.49357733,0.20212728,0.33665732,0.36864656
205,0.24898292,0.19177236,0.5404473,0.25005075,0.3442439,0.38357818
206,0.21084413,0.15726998,0.44184726,0.3428974,0.26355913,0.34369668
207,0.22070348,0.18683729,0.51203716,0.19580211,0.34248102,0.37426218
208,0.21713825,0.19073403,0.48682445,0.19647223,0.33241063,0.3557545
209,0.20993745,0.17392808,0.47234988,0.24526289,0.28966096,0.344841
210,0.2159961,0.18297364,0.48805156,0.24383888,0.32613102,0.36711177
211,0.22312336,0.18663609,0.5159684,0.22219996,0.3395002,0.3772326
212,0.2106682,0.18373041,0.4913404,0.20946889,0.310087,0.34425694
213,0.20951991,0.1756172,0.4661237,0.28433102,0.30752447,0.3610724
214,0.21064998,0.1878353,0.4879223,0.20352425,0.32857937,0.3515779
215,0.20523113,0.17491229,0.49905378,0.19201887,0.28877568,0.32500854
216,0.21919543,0.19373383,0.49077672,0.19706409,0.35181013,0.376569
217,0.24725494,0.18366715,0.52442276,0.28564942,0.33801255,0.3854827
218,0.2069934,0.17862056,0.4706216,0.24484843,0.32545295,0.36764795
219,0.21594393,0.18845697,0.48755342,0.20236057,0.33147275,0.356812
220,0.26028162,0.22873014,0.76772267,0.24020055,0.4651822,0.596124
221,0.21786276,0.2185049,0.73064023,0.18233813,0.40308842,0.47756818
222,0.22754197,0.22806805,0.68608975,0.17206565,0.42586398,0.51867247
223,0.24003011,0.23194246,0.74901944,0.21208407,0.44789672,0.54866457
224,0.26337045,0.22782813,0.7403194,0.22655454,0.45284194,0.584131
225,0.26722544,0.23274156,0.749895,0.21412884,0.46195436,0.5904032
226,0.25706795,0.224162,0.75482196,0.25998846,0.45674613,0.58167875
227,0.25474387,0.22173253,0.7292539,0.2474272,0.44499072,0.5731934
228,0.227038,0.22483817,0.7185383,0.18172666,0.4294666,0.5200909
229,0.2238464,0.22337323,0.72979915,0.17552592,0.42303097,0.50639784
230,0.23189172,0.22647838,0.7095784,0.17686296,0.42567325,0.5196293
231,0.24657024,0.2152536,0.6998691,0.23416592,0.4338663,0.56473243
232,0.23376381,0.22475825,0.714938,0.17768562,0.4226992,0.52401364
233,0.26126504,0.23237406,0.7673679,0.22053102,0.4682118,0.5958842
234,0.22540829,0.22778612,0.6993846,0.16688982,0.42350465,0.51138604
235,0.2437151,0.22706822,0.7330653,0.19098985,0.43717048,0.5497998
236,0.24954335,0.22874077,0.761057,0.24288988,0.45250717,0.57327634
237,0.25341144,0.22743547,0.75588536,0.22614056,0.45368338,0.5865409
238,0.23392375,0.2239542,0.60404426,0.21811974,0.43859804,0.51445127
239,0.27868903,0.25596032,0.677526,0.18746239,0.4341486,0.52050334
240,0.24547482,0.24280423,0.66785246,0.18823607,0.4156549,0.5049488
241,0.23597312,0.23529956,0.61949074,0.20943089,0.43470258,0.4970863
242,0.2746171,0.23962753,0.7206526,0.17133519,0.42599386,0.5172608
243,0.2463597,0.24029745,0.63131833,0.20565726,0.45269126,0.5335041
244,0.23085521,0.23080648,0.5881685,0.20817192,0.43315524,0.4874256
245,0.25427166,0.24438238,0.66628325,0.1967396,0.4139613,0.52523154
246,0.26201034,0.23994415,0.6469612,0.19444776,0.42691466,0.52554816
247,0.23667482,0.22215709,0.5869445,0.22680998,0.3818527,0.40317276
248,0.2483905,0.23901834,0.67969835,0.18717463,0.45548674,0.5354443
249,0.25093356,0.23886272,0.63332593,0.19437876,0.44210467,0.544247
250,0.23399587,0.2356869,0.6337973,0.21418557,0.4510088,0.50718135
251,0.26922286,0.24034296,0.67627823,0.15838008,0.43032694,0.4974929
252,0.26249263,0.2407727,0.67048085,0.17807554,0.4466654,0.51707554
253,0.2222933,0.22007896,0.58672225,0.22683662,0.42177257,0.4519129
254,0.24782768,0.23159716,0.7162469,0.1928077,0.43331337,0.53803
255,0.24138887,0.224452,0.5879507,0.24086116,0.41786447,0.43894443
256,0.2669801,0.238403,0.65135825,0.17384928,0.40314388,0.48567963
257,0.2505908,0.24089846,0.6443788,0.20007432,0.42556143,0.5052577
258,0.23777884,0.2140508,0.5738909,0.20370138,0.39584798,0.45295882
259,0.22676493,0.21850786,0.5807304,0.21926424,0.40374655,0.43434414
260,0.26448596,0.24071085,0.6632837,0.17174341,0.41975522,0.50147855
261,0.2526378,0.24264888,0.65948045,0.19008608,0.46605182,0.54523396
262,0.23389356,0.21193989,0.5647398,0.2269635,0.41546044,0.45705166
263,0.23824008,0.23169975,0.6011957,0.20427637,0.44349104,0.540183
264,0.2599876,0.22908151,0.6438271,0.18785346,0.4252231,0.50870407
265,0.23895961,0.2334346,0.6021174,0.20337346,0.41652602,0.48820084
266,0.26827723,0.24105117,0.6668721,0.1599879,0.41910294,0.4926798
267,0.26000687,0.22738706,0.6232775,0.18262176,0.40991345,0.47177783
268,0.26711363,0.242064,0.75358987,0.19879189,0.43821916,0.54319173
269,0.277664,0.24979685,0.68478924,0.19395839,0.44862774,0.54428446
270,0.23723575,0.23487705,0.6719534,0.18112248,0.41829818,0.5147946
271,0.24175185,0.21584606,0.5949927,0.1928637,0.40601024,0.46873918
272,0.21545453,0.21933319,0.56899154,0.20788544,0.43689397,0.48759913
273,0.22145987,0.23157325,0.6156553,0.23145464,0.47938353,0.52551866
274,0.23571867,0.22217852,0.58466107,0.23687838,0.41178134,0.4244565
275,0.27514765,0.23730901,0.6543542,0.1806046,0.3976204,0.4740094
276,0.24392845,0.2372679,0.63635206,0.20320338,0.42867532,0.51445645
277,0.23389906,0.20878287,0.5618714,0.21701315,0.4028374,0.45602763
278,0.26209855,0.25284392,0.672348,0.19858634,0.46374723,0.54875064
279,0.2580861,0.23838222,0.66836095,0.17838418,0.43694964,0.515079
280,0.2766899,0.23043083,0.6581881,0.18064326,0.40463164,0.4760188
281,0.26954055,0.24843536,0.6575827,0.19304797,0.45621368,0.5542981
282,0.22724116,0.22805649,0.6058707,0.24218902,0.47270906,0.5352551
283,0.2661827,0.24475479,0.668658,0.1807218,0.45607793,0.53639424
284,0.21496187,0.214466,0.566821,0.2088531,0.42194465,0.46186417
285,0.27088568,0.2564422,0.6979809,0.2004933,0.4570349,0.5491246
286,0.2621891,0.25584638,0.6885051,0.20394164,0.47106495,0.5550765
287,0.24479748,0.23653941,0.6167347,0.20049194,0.42268965,0.5095677
288,0.26395494,0.23119646,0.627705,0.1852471,0.41329688,0.49412334
289,0.24330573,0.21939853,0.5776812,0.23582816,0.4172142,0.4442854
290,0.2608074,0.24183454,0.66609645,0.19554882,0.42614526,0.5323887
291,0.23463276,0.23584937,0.66913956,0.17347461,0.4169109,0.5009945
292,0.23307802,0.22828183,0.6037774,0.23966329,0.44701427,0.47620192
293,0.25324345,0.24562806,0.66977924,0.19877121,0.4379089,0.5412157
294,0.27060887,0.23990934,0.7371527,0.1880285,0.44219363,0.53675455
295,0.22496209,0.23214427,0.60504454,0.22179997,0.4750773,0.5625205
296,0.2383435,0.21672025,0.5805672,0.21241084,0.4082864,0.47114035
297,0.2757972,0.23185319,0.6528517,0.17721185,0.40393662,0.46435982
298,0.22654781,0.22989465,0.5930586,0.21948844,0.4423741,0.47480917
299,0.23807748,0.21862453,0.58130497,0.23771903,0.43908,0.49466023
300,0.24044052,0.23108016,0.6814247,0.18275109,0.420363,0.5175681
301,0.24510658,0.22095133,0.60607237,0.19826102,0.42147264,0.49675125
302,0.26688617,0.25897744,0.682613,0.20605214,0.45750344,0.547907
303,0.24370682,0.22873475,0.67801356,0.18518,0.42436838,0.52616066
304,0.23193318,0.22625299,0.6100694,0.2037426,0.44348422,0.5376047
305,0.21861486,0.2235753,0.57820654,0.21600471,0.44330996,0.48134756
306,0.2752127,0.2412903,0.70805275,0.16265371,0.43346027,0.50913453
307,0.25408214,0.24210778,0.6724384,0.19353887,0.43742,0.5399616
308,0.23508212,0.22899869,0.6060436,0.24838568,0.46987757,0.5155678
309,0.2386517,0.23170316,0.64147854,0.19805446,0.44962272,0.5536927
310,0.25543582,0.24044728,0.6490911,0.19536695,0.45604944,0.54392266
311,0.25066936,0.24164131,0.6830889,0.18932292,0.43954384,0.53796154
312,0.2635365,0.24269748,0.6656832,0.19350031,0.41620508,0.52394027
313,0.280764,0.24995597,0.6741503,0.18992488,0.45444974,0.54232866
314,0.26425526,0.24987853,0.6748186,0.19707513,0.44656354,0.5381669
315,0.23183048,0.2270833,0.60568094,0.19578032,0.44744313,0.542611
316,0.2375653,0.2291554,0.6249288,0.19508359,0.45035052,0.54658663
317,0.2522011,0.24075112,0.6481346,0.21952766,0.45897055,0.55189884
318,0.23828244,0.24941245,0.65778595,0.20916042,0.44942117,0.53315794
319,0.22761685,0.23252174,0.63337064,0.2173061,0.413912,0.47494552
320,0.25839946,0.23342313,0.64394397,0.20849681,0.41310662,0.4597553
321,0.24619985,0.24299213,0.6625088,0.2182379,0.45841318,0.5492791
322,0.21793978,0.21153419,0.6290805,0.1918093,0.3953607,0.4507601
323,0.24188396,0.23268959,0.6481928,0.20959343,0.41631216,0.4603085
324,0.23959774,0.22807552,0.6317344,0.21054837,0.42010194,0.43721384
325,0.27315426,0.24975151,0.7325958,0.18160784,0.4382816,0.51857483
326,0.2672755,0.25593197,0.7029278,0.18328121,0.4391432,0.52820283
327,0.2615289,0.24803844,0.7078681,0.2101489,0.46103847,0.544852
328,0.2266622,0.23613949,0.6264476,0.22710338,0.44866857,0.51599956
329,0.25728884,0.25834182,0.6793576,0.20473264,0.44490474,0.5230405
330,0.22518106,0.21486504,0.6099181,0.21138874,0.4061847,0.4397619
331,0.21464853,0.20885006,0.63000345,0.19912784,0.42079076,0.4674662
332,0.2415736,0.24084502,0.66481614,0.21195748,0.44355798,0.5125655
333,0.24481118,0.23094691,0.63964736,0.2044364,0.43192106,0.47654197
334,0.25459713,0.23492807,0.6468221,0.21927947,0.4367592,0.51381993
335,0.24423027,0.23146993,0.6312619,0.21570244,0.41357946,0.42874336
336,0.24445713,0.251284,0.6693841,0.20827633,0.44717878,0.5254305
337,0.22874139,0.21430804,0.613802,0.20956945,0.3869712,0.42363623
338,0.22281799,0.22522935,0.6134544,0.21400008,0.42800224,0.4878707
339,0.26301384,0.24557948,0.7048608,0.19884373,0.45522106,0.5444708
340,0.24515823,0.23765808,0.6426842,0.21687458,0.44719717,0.5316154
341,0.22704126,0.23949797,0.63890386,0.20853849,0.43505678,0.5061305
342,0.24648945,0.23492597,0.6300477,0.21370599,0.40797085,0.46333927
343,0.2389206,0.23979534,0.6585175,0.22343932,0.43551138,0.50392157
344,0.2679271,0.26962933,0.6837798,0.20934364,0.43276995,0.5219968
345,0.22316931,0.22508718,0.63254124,0.20245074,0.41658252,0.48651016
346,0.23538135,0.2278584,0.6633717,0.20794007,0.40577394,0.45330518
347,0.24871853,0.24278213,0.6790893,0.2138775,0.45928818,0.54469955
348,0.22191007,0.21420553,0.619486,0.2092964,0.42457658,0.4573835
349,0.23068191,0.24449886,0.6411668,0.21531521,0.43411422,0.5193803
350,0.247561,0.23047125,0.6173235,0.20887658,0.40201834,0.4533804
351,0.22601074,0.23514774,0.6540736,0.19281027,0.43615118,0.50519335
352,0.24828017,0.23609892,0.6438776,0.20722291,0.41740263,0.46137506
353,0.24611479,0.23523882,0.63395524,0.20937043,0.41586906,0.48719656
354,0.2540363,0.2395615,0.65068924,0.20973264,0.461704,0.5511155
355,0.22551511,0.21443337,0.61408246,0.21177559,0.41711834,0.44626883
356,0.22627534,0.23006035,0.6155195,0.22038676,0.44586468,0.5066888
357,0.22926928,0.24099165,0.63935465,0.20685099,0.4321548,0.50556225
358,0.26029018,0.23460414,0.63748056,0.21668129,0.3916665,0.42168775
359,0.23603767,0.23001835,0.656111,0.21116433,0.41859502,0.4649459
360,0.26053384,0.26128262,0.67919254,0.21075253,0.43349597,0.51730156
361,0.22004569,0.21296775,0.62910616,0.19510782,0.41921136,0.46631604
362,0.24346516,0.24776936,0.6484691,0.21501546,0.4352396,0.51141363
363,0.24563867,0.24051803,0.6576885,0.2180035,0.4286507,0.4996826
364,0.2533182,0.25461173,0.66006136,0.22473302,0.4170317,0.48790348
365,0.24553077,0.22525512,0.6425461,0.20713943,0.3989628,0.415209
366,0.21944529,0.21034166,0.638607,0.19984356,0.408432,0.45304805
367,0.25758058,0.23979351,0.6979017,0.19445749,0.44345182,0.5212158
368,0.24698073,0.23596601,0.6628338,0.20742966,0.459853,0.52699304
369,0.25841802,0.2346087,0.6376388,0.21825503,0.3949071,0.4116186
370,0.25241223,0.2350467,0.6645924,0.1960601,0.45040992,0.51087755
371,0.23712635,0.22658388,0.6252883,0.20548686,0.43716574,0.48022327
372,0.25412086,0.25667968,0.67450476,0.20830095,0.44102368,0.51981425
373,0.2528678,0.23778312,0.65289026,0.22022796,0.42355967,0.49558622
374,0.27181044,0.24916637,0.7350768,0.1754984,0.4343537,0.51438856
375,0.25254858,0.23470303,0.6275753,0.20595601,0.39370096,0.45359576
376,0.22680327,0.23044749,0.6303274,0.2043306,0.40815672,0.48338142
377,0.23502229,0.21683635,0.63002276,0.20971309,0.41389975,0.43831646
378,0.22117008,0.22072206,0.6415273,0.20086014,0.41500634,0.47496316
379,0.22442797,0.21145937,0.66265804,0.20118247,0.4020226,0.4461975
380,0.23882854,0.23494533,0.64494145,0.21349257,0.44165665,0.52164525
381,0.24661088,0.25452113,0.66259646,0.21313207,0.4509398,0.5301629
382,0.2472627,0.24027109,0.65405715,0.21294042,0.43570715,0.5175449
383,0.22238424,0.21473733,0.62682205,0.20085184,0.41864306,0.45667404
384,0.25478885,0.24014297,0.6535914,0.21930882,0.43202844,0.5172446
385,0.23268121,0.23656736,0.6391502,0.22215258,0.4194319,0.4827925
386,0.25729942,0.24512833,0.7004677,0.20997676,0.458161,0.5405536
387,0.26757702,0.25103799,0.7183783,0.17597774,0.43726298,0.5211048
388,0.22937627,0.21294242,0.6253478,0.2080219,0.3938324,0.4302273
389,0.23991013,0.25274324,0.65590155,0.2284657,0.42496467,0.49836153
390,0.25363973,0.23336416,0.62730217,0.21346915,0.39012444,0.43239197
391,0.26373982,0.24039224,0.7087159,0.18341988,0.4442689,0.52376586
392,0.21378872,0.2064959,0.6408881,0.19039199,0.405748,0.45794058
393,0.2293445,0.21339534,0.64684963,0.20362535,0.3922903,0.43074903
394,0.23022641,0.21896788,0.6258755,0.19272508,0.42018148,0.476349
395,0.26820445,0.26400912,0.6925603,0.19260742,0.441679,0.53256094
396,0.25355816,0.24002478,0.6680502,0.21162014,0.44698456,0.5326927
397,0.24456812,0.2219085,0.6427144,0.20604938,0.3975166,0.41603756
398,0.23020925,0.2329751,0.62892693,0.21960087,0.40774605,0.47142875
399,0.23056775,0.24273075,0.6368699,0.22705984,0.44700325,0.52118194
400,0.24792631,0.24936254,0.6604002,0.20757991,0.43272698,0.5023868
401,0.25350025,0.23602752,0.69487214,0.18746048,0.44872925,0.52289444
402,0.25480843,0.23434047,0.6499124,0.21523654,0.41633314,0.46375248
403,0.25719976,0.25098172,0.67909706,0.1925101,0.4410965,0.5128585
404,0.22959569,0.23697251,0.63658357,0.2154395,0.42208132,0.49544078
405,0.24970606,0.23891234,0.6717197,0.2114784,0.42713678,0.5011735
406,0.22416423,0.21350382,0.6647445,0.19846198,0.40072578,0.44651765
407,0.21923552,0.20987152,0.6400836,0.18944669,0.38976973,0.44189996
408,0.2628403,0.23940039,0.63787454,0.2180343,0.38199475,0.4147974
409,0.23849921,0.25077438,0.64721173,0.21967132,0.4344948,0.5168107
410,0.23686628,0.226989,0.63022864,0.20349544,0.42031997,0.47588766
411,0.23833789,0.23791024,0.650465,0.22165678,0.47310305,0.5571264
412,0.24561146,0.22592968,0.6381649,0.20150235,0.4103735,0.45450574
413,0.25031868,0.24250972,0.665862,0.20278606,0.44234478,0.5028283
414,0.22849724,0.22771855,0.6214473,0.21589568,0.42278373,0.48079416
415,0.22983217,0.22557037,0.642057,0.20234166,0.4272275,0.49330592
416,0.24520507,0.23901534,0.6461615,0.21893285,0.42641327,0.49717125
417,0.22498292,0.2141684,0.6525266,0.19429117,0.3968097,0.44556224
418,0.23288661,0.21841808,0.6287593,0.20739824,0.4153071,0.4420853
419,0.22243789,0.22195867,0.6388643,0.20157473,0.40575567,0.47195646
420,0.24050687,0.22269401,0.6406664,0.20894444,0.4083183,0.43137604
421,0.26009262,0.23236737,0.6347207,0.21192515,0.40594026,0.43279412
422,0.2325516,0.24966352,0.6474509,0.22773121,0.43359345,0.51178455
423,0.22923464,0.22315916,0.6186844,0.20338401,0.41788667,0.4807949
424,0.26477098,0.24342753,0.71033555,0.17177843,0.44177023,0.5166243
425,0.23227118,0.24098024,0.6368439,0.22126217,0.4162761,0.48940888
426,0.22206937,0.21251628,0.61586094,0.21097305,0.4164099,0.45390755
427,0.2571376,0.23945399,0.6431285,0.21685392,0.4082429,0.46464604
428,0.22132885,0.22384873,0.62995267,0.19779477,0.40686983,0.47836855
429,0.25851756,0.24489789,0.67492294,0.18945903,0.43081188,0.48884588
430,0.23100114,0.23903185,0.62293833,0.21681474,0.41735336,0.4948671
431,0.21523465,0.2075148,0.6346606,0.18962826,0.41432333,0.4657162
432,0.25236988,0.2369324,0.65407544,0.2226756,0.44272268,0.5219473
433,0.22946507,0.23743284,0.6471431,0.22269869,0.44013682,0.5204133
434,0.26045376,0.23348117,0.6379287,0.21292442,0.41040656,0.44053295
435,0.22707371,0.22594295,0.6601254,0.18283433,0.43050998,0.48589998
436,0.2592113,0.23696323,0.69911385,0.17805815,0.4470684,0.51648265
437,0.26021183,0.24312657,0.70919776,0.19815865,0.45552665,0.53578323
438,0.24664234,0.23827073,0.64038837,0.21815406,0.41823453,0.48345697
439,0.21701144,0.20793505,0.6477302,0.19297615,0.4008422,0.4477094
440,0.24567603,0.24962044,0.6580715,0.21193594,0.45133603,0.5284472
441,0.24394128,0.22935218,0.63566536,0.21282418,0.41209948,0.42959666
442,0.23076534,0.2285772,0.6204244,0.2127788,0.43666553,0.48349464
443,0.22893633,0.2342913,0.6190823,0.21890965,0.42564103,0.48768407
444,0.2571769,0.23990645,0.6513048,0.21934056,0.42048082,0.49783874
445,0.25174516,0.24151146,0.682687,0.20409217,0.43849564,0.51787907
446,0.23262289,0.24456444,0.646505,0.22826582,0.4342613,0.5085127
447,0.23693256,0.23937482,0.64727753,0.22165371,0.44536626,0.52473867
448,0.2267232,0.22796877,0.6223119,0.21924292,0.40794232,0.4682044
449,0.25022238,0.2383301,0.68370944,0.20289604,0.44541952,0.5234876
450,0.22291853,0.22596544,0.62101495,0.20112658,0.4089338,0.47992134
451,0.25428993,0.241029,0.6674204,0.21708223,0.42695093,0.5078285
452,0.24650812,0.23577155,0.6375764,0.21225706,0.4121699,0.47465965
453,0.26097846,0.24716023,0.69237083,0.18105225,0.43919423,0.5144567
454,0.22687449,0.23776165,0.6340442,0.21753769,0.44283414,0.51026255
455,0.21713488,0.2099003,0.6237996,0.19724269,0.42008603,0.46526128
456,0.24671374,0.23349048,0.659889,0.19852473,0.4698031,0.546902
457,0.24834754,0.2496886,0.6636755,0.22174706,0.42803356,0.5007957
458,0.24570423,0.23435044,0.6437654,0.21389903,0.4400099,0.5275825
459,0.24766098,0.24770197,0.66334075,0.19930203,0.43685624,0.5102501
460,0.23108056,0.21912615,0.66287255,0.19716352,0.39831227,0.44491294
461,0.21699151,0.21454206,0.622515,0.19424847,0.40631524,0.46481982
462,0.2626301,0.2403703,0.712569,0.17710486,0.43835783,0.5137706
463,0.21800065,0.21323463,0.62814915,0.19318286,0.41658658,0.4771573
464,0.2510005,0.2279855,0.6130043,0.2100533,0.38577947,0.4200692
465,0.25049493,0.24003612,0.68073153,0.20250285,0.4268061,0.49855947
466,0.24822977,0.23586181,0.6747404,0.19480458,0.46429646,0.54583526
467,0.25633293,0.2379345,0.6497321,0.21849264,0.4043813,0.45123848
468,0.25953236,0.23763672,0.6840745,0.18003729,0.44230914,0.5028165
469,0.24372335,0.24933504,0.64654845,0.21845928,0.43752933,0.51490676
470,0.21526797,0.20833318,0.6189115,0.18591805,0.41134134,0.46530274
471,0.22914457,0.23392235,0.6371478,0.21022537,0.4291817,0.50287384
472,0.23898998,0.2510639,0.6598999,0.22939846,0.41057575,0.4794854
473,0.22779536,0.23811245,0.6200475,0.22309965,0.44359416,0.51865584
474,0.23290643,0.23868906,0.64891684,0.22659628,0.42551345,0.4875557
475,0.26413074,0.24669668,0.719966,0.19003385,0.45171598,0.5368894
476,0.25266942,0.24085657,0.64985883,0.2193211,0.41778687,0.48917773
477,0.2297263,0.2356389,0.634879,0.2193074,0.41450453,0.4798286
478,0.25811517,0.23527636,0.64411974,0.21138607,0.42470255,0.48899627
479,0.22443594,0.22758101,0.6136668,0.2103424,0.41321358,0.47836995
480,0.24744089,0.23766007,0.6483443,0.21192674,0.47653478,0.56326324
481,0.2499215,0.23146722,0.6403866,0.20662946,0.42693827,0.49900186
482,0.23080356,0.24380976,0.6374129,0.21819592,0.43796557,0.5100975
483,0.25513607,0.23722069,0.65567535,0.21900785,0.42197263,0.48802903
484,0.23579234,0.23808065,0.6670369,0.22032124,0.45745224,0.53364754
485,0.2483356,0.23881558,0.6513884,0.2234484,0.45523876,0.5413972
486,0.2402806,0.24795672,0.65866387,0.22813438,0.41665497,0.48629782
487,0.25118524,0.23394145,0.6751473,0.18741742,0.4593394,0.53103125
488,0.24639398,0.22612551,0.6397739,0.20484537,0.403342,0.43366355
489,0.23443894,0.22206993,0.63072896,0.19588895,0.41736916,0.46946302
490,0.21057121,0.2057394,0.6233431,0.1861969,0.40520743,0.46008605
491,0.23184147,0.22724481,0.6251152,0.20745695,0.4346098,0.48719734
492,0.26282457,0.23456316,0.6292189,0.21730231,0.37285602,0.3956455
493,0.25366285,0.25723696,0.6697911,0.21183391,0.44607538,0.5235477
494,0.22514012,0.22230348,0.64617026,0.20370197,0.4143693,0.4698601
495,0.22252461,0.2197307,0.6298248,0.2007018,0.41641745,0.47563323
496,0.22014496,0.22061709,0.6183258,0.19958329,0.4216556,0.49135357
497,0.23203841,0.22877222,0.65579665,0.20706595,0.40651214,0.4584136
498,0.23143902,0.22533838,0.656482,0.20210639,0.40177768,0.45111623
499,0.23007008,0.23259817,0.6279457,0.2136437,0.41024762,0.4744026
500,0.22731163,0.23164248,0.6258939,0.20775539,0.40790072,0.47518587
501,0.22863024,0.22370702,0.6540227,0.19904852,0.4019127,0.45655704
502,0.22631271,0.22108236,0.65120196,0.19721079,0.39723325,0.4532917
503,0.25035328,0.23693225,0.6919316,0.19587216,0.43792033,0.511538
504,0.25331122,0.23683612,0.6995262,0.18823089,0.44219095,0.5145086
505,0.22991258,0.2267086,0.64018977,0.20661448,0.4156593,0.46783724
506,0.24907419,0.232571,0.64311445,0.18719673,0.42829716,0.54040825
507,0.29168993,0.26643232,0.6692626,0.20123729,0.4340551,0.5545061
508,0.25581616,0.24395019,0.6646035,0.21261716,0.43531823,0.56331885
509,0.2500996,0.23292355,0.65152085,0.19043832,0.41270047,0.5202453
510,0.24753162,0.23547336,0.63325465,0.19942456,0.42245063,0.51504135
511,0.2701031,0.2544368,0.6803868,0.2073875,0.42915112,0.5330046
512,0.28044957,0.25271064,0.65766615,0.2073714,0.44239545,0.5560064
513,0.26939183,0.24541067,0.66718066,0.20472097,0.43680322,0.5498167
514,0.24485311,0.2265261,0.59663105,0.20115902,0.4188357,0.5788282
515,0.26798233,0.25307623,0.6423356,0.21124499,0.45281556,0.6242211
516,0.24162775,0.22676969,0.5992365,0.19744849,0.41442585,0.5603235
517,0.27025992,0.2556005,0.67516893,0.20487723,0.4367715,0.58571386
518,0.24589589,0.23214118,0.644953,0.19600171,0.4157773,0.51589787
519,0.26659667,0.25234017,0.65736955,0.18216382,0.4130767,0.51079243
520,0.24552016,0.24862777,0.6714756,0.21193457,0.45347413,0.60476995
521,0.2757572,0.2544958,0.67972875,0.20436089,0.41705513,0.52483594
522,0.2865026,0.2636263,0.68497545,0.21760964,0.4415262,0.5785275
523,0.28454554,0.25878912,0.6477096,0.19897512,0.4383725,0.5731655
524,0.28068137,0.24960524,0.67423093,0.20267212,0.44617358,0.5470817
525,0.25826925,0.23657963,0.64828235,0.18850067,0.40886006,0.51638544
526,0.25581527,0.24272554,0.6774331,0.20816348,0.436293,0.5583642
527,0.25381666,0.23939669,0.6622198,0.20372865,0.42235523,0.52094984
528,0.2280282,0.2224622,0.58415365,0.19415227,0.42430305,0.5611119
529,0.2715102,0.25842986,0.6659199,0.21107414,0.46882188,0.6403024
530,0.2682711,0.24580616,0.67904353,0.20874162,0.4274721,0.5300126
531,0.23170625,0.2447044,0.6717758,0.22071537,0.4730578,0.60955584
532,0.26839262,0.24939772,0.6547681,0.20059362,0.43369746,0.5430472
533,0.2797214,0.25208315,0.6865972,0.19766144,0.4536817,0.5498692
534,0.24947663,0.2432658,0.62620974,0.2076321,0.45731145,0.6277422
535,0.2592361,0.2357929,0.63963604,0.19457313,0.4167646,0.5143385
536,0.28762186,0.2646006,0.6866091,0.20963801,0.4251515,0.53596705
537,0.23998313,0.23857881,0.67037934,0.1987476,0.44058812,0.57077366
538,0.23452756,0.2243942,0.5849066,0.20284468,0.4213183,0.59338033
539,0.23694018,0.24792959,0.67509586,0.2221061,0.4680266,0.6079901
540,0.25084233,0.24700649,0.6697103,0.20918226,0.44152385,0.5866519
541,0.27959695,0.2475653,0.6776998,0.19469082,0.45466247,0.539504
542,0.23966818,0.24796753,0.6681774,0.21796443,0.46488485,0.6134241
543,0.28685394,0.2626756,0.6869983,0.21645154,0.4326439,0.57083297
544,0.23587605,0.23042944,0.596763,0.20376256,0.42192012,0.5808925
545,0.2571423,0.23973317,0.63169426,0.19750637,0.42858508,0.5488447
546,0.2803069,0.24508387,0.66723466,0.20088577,0.43282098,0.5450319
547,0.22513717,0.21958062,0.5746984,0.20407651,0.4065385,0.5758966
548,0.24554157,0.23667863,0.6647914,0.20367506,0.41462076,0.53985167
549,0.24132988,0.23020536,0.6092154,0.18888806,0.43644094,0.5429938
550,0.26032442,0.23690188,0.64901733,0.1892176,0.42701298,0.5352833
551,0.2898742,0.2529089,0.66942334,0.19127265,0.44082618,0.53191257
552,0.26353872,0.24869734,0.649227,0.19973205,0.4481675,0.5357228
553,0.2727223,0.25535947,0.6665698,0.20564121,0.43653136,0.544073
554,0.27011448,0.24482208,0.6687543,0.20401579,0.44637877,0.5379748
555,0.23500913,0.24544333,0.6782507,0.21657765,0.46533805,0.59746313
556,0.22760502,0.21692938,0.5781195,0.20385909,0.42283833,0.57997227
557,0.24601921,0.2343744,0.6576701,0.19044872,0.42341784,0.5427662
558,0.24489541,0.2452369,0.662261,0.21333405,0.44757307,0.58087766
559,0.28535086,0.2643193,0.67776,0.2079016,0.43014622,0.53853106
560,0.24371462,0.23631553,0.6609223,0.19447537,0.41649103,0.5424763
561,0.26049116,0.25198308,0.6560343,0.19889458,0.44952738,0.54308856
562,0.29852012,0.26250935,0.6746308,0.21573317,0.41015616,0.53816783
563,0.23435792,0.22610985,0.6116587,0.19328809,0.45714587,0.56621635
564,0.28579867,0.26234648,0.67511714,0.19819883,0.44120353,0.54518795
565,0.26018226,0.2413971,0.626914,0.19006409,0.4294464,0.5118641
566,0.2308181,0.22908172,0.5903554,0.20229727,0.43419114,0.58358586
567,0.24259734,0.2451173,0.66989976,0.21412727,0.44429076,0.57774806
568,0.26830575,0.2549197,0.67526245,0.19928423,0.45298842,0.5400396
569,0.24199095,0.25006247,0.67328185,0.21743478,0.45350093,0.5911564
570,0.27601194,0.259882,0.66649747,0.2161564,0.45653105,0.61364675
571,0.27345824,0.25116575,0.64708304,0.20542006,0.4452566,0.5942048
572,0.2801105,0.25028235,0.6698737,0.20356046,0.42719838,0.5392267
573,0.24783234,0.22833857,0.6282793,0.1867612,0.43286958,0.53645575
574,0.24731916,0.23361841,0.6221594,0.19338784,0.43467817,0.553586
575,0.24008241,0.24274501,0.6746632,0.21242514,0.45282614,0.5879068
576,0.25565758,0.24574348,0.6639194,0.2132205,0.43752262,0.56995994
577,0.2248409,0.21760133,0.57722664,0.20641017,0.4273076,0.5896385
578,0.24371822,0.23866007,0.67125165,0.20593931,0.42769355,0.5610595
579,0.24490798,0.23253386,0.59943384,0.19050707,0.41991803,0.5245818
580,0.22478929,0.21721947,0.5619335,0.19907036,0.40326846,0.57399964
581,0.25782418,0.24320126,0.63011897,0.20456327,0.45196906,0.626551
582,0.29155198,0.25503588,0.6692977,0.20979543,0.41640764,0.53226656
583,0.25187832,0.24421278,0.62446374,0.20061466,0.44448507,0.56664115
584,0.27621183,0.24537303,0.6596501,0.20404306,0.42560333,0.54549325
585,0.24501583,0.23271237,0.6601154,0.19770698,0.40779936,0.516066
586,0.23987582,0.24335262,0.6744162,0.21720126,0.44760942,0.5724314
587,0.22945406,0.2209673,0.5892326,0.19680046,0.4301924,0.5820817
588,0.2744997,0.25313377,0.65341455,0.21271816,0.4444049,0.582211
589,0.2361947,0.22793376,0.5963595,0.1900253,0.42143726,0.55316055
590,0.26828337,0.24416465,0.65660393,0.20721313,0.4327466,0.55689514
591,0.2723333,0.2576318,0.6564018,0.211366,0.46774474,0.6466535
592,0.2836118,0.25100288,0.67031544,0.19603631,0.44145513,0.5322502
593,0.28706145,0.24948442,0.67709714,0.19811936,0.44065282,0.5407664
594,0.2762069,0.25267252,0.66310596,0.20564158,0.42655966,0.55705595
595,0.2904901,0.2545513,0.66170895,0.20812336,0.42270482,0.533239
596,0.24731404,0.23534241,0.6642713,0.20397316,0.41440412,0.5258305
597,0.2716033,0.2484675,0.63693714,0.20470448,0.43183905,0.570096
598,0.24758321,0.24020238,0.6064204,0.2043229,0.44542673,0.5910214
599,0.24486023,0.23415764,0.64329046,0.20016843,0.41959065,0.51370794
600,0.26597756,0.2526496,0.6743876,0.20173901,0.43037868,0.5270319
601,0.267137,0.25037652,0.6421889,0.21310589,0.4570144,0.5992259
602,0.26550674,0.23760597,0.6446403,0.19246481,0.4124761,0.51046103
603,0.24392247,0.24924201,0.67021286,0.21471232,0.45278752,0.601787
604,0.24812387,0.24829288,0.6669354,0.21499968,0.44370818,0.58100975
605,0.24966775,0.2449606,0.6731246,0.20965886,0.44712853,0.5733098
606,0.25157362,0.24485688,0.66764593,0.20973621,0.44165316,0.5696223
607,0.22163287,0.20626943,0.5969042,0.15020467,0.40055454,0.49960515
608,0.24890718,0.19112737,0.534135,0.22433229,0.38949665,0.45582634
609,0.23678623,0.22309603,0.5878511,0.14842734,0.4294642,0.57253414
610,0.22020938,0.18928476,0.57117087,0.15615867,0.43561038,0.54831624
611,0.22657472,0.21759398,0.5960827,0.15140942,0.43950376,0.5688241
612,0.20844556,0.18452334,0.55871964,0.15432096,0.4403053,0.5559298
613,0.21360981,0.19680792,0.5615223,0.15378469,0.42606914,0.5398927
614,0.23101589,0.19026707,0.54604197,0.15398255,0.39115134,0.44465706
615,0.20709926,0.18748808,0.5655722,0.16788985,0.45786715,0.57726306
616,0.22582656,0.21391909,0.61436605,0.1450581,0.40449518,0.505206
617,0.23856518,0.19028279,0.52445126,0.1648778,0.36120862,0.41165727
618,0.22276375,0.19120297,0.57430965,0.1561588,0.44187713,0.54228103
619,0.23614758,0.18931901,0.5139329,0.16438878,0.36574298,0.41376233
620,0.23458736,0.22416994,0.62347174,0.1504325,0.4279673,0.5418799
621,0.21010074,0.20134908,0.56524223,0.15501583,0.44712052,0.5765952
622,0.20999572,0.19720165,0.5534871,0.15292369,0.42982504,0.5502537
623,0.23126978,0.21762468,0.5678445,0.14450476,0.4324598,0.58859867
624,0.22411872,0.18721688,0.5038701,0.16200468,0.37334412,0.42192376
625,0.21381609,0.1878472,0.567661,0.16942906,0.44239992,0.5295634
626,0.23573834,0.20739985,0.6090118,0.18301116,0.45978862,0.54572976
627,0.21908018,0.20171098,0.57898784,0.15797135,0.4026459,0.49412513
628,0.24865918,0.1853782,0.50448465,0.21737894,0.35475928,0.41565073
629,0.20947765,0.18706392,0.5539339,0.148989,0.4309433,0.54290324
630,0.21927488,0.20962523,0.5736457,0.15051597,0.45195585,0.5964525
631,0.2550343,0.18002632,0.4942105,0.28149736,0.35992306,0.43388647
632,0.21622647,0.20605789,0.5883527,0.15623361,0.43299907,0.55635494
633,0.22525053,0.18982066,0.56127614,0.15821333,0.41833505,0.4849889
634,0.21899062,0.20180455,0.5713752,0.1543737,0.4124385,0.52878463
635,0.24044718,0.1884595,0.51407766,0.18630779,0.3579538,0.41186297
636,0.22049198,0.19794974,0.5969765,0.17417619,0.46384698,0.5652888
637,0.23820405,0.2273585,0.6085962,0.15118146,0.4230455,0.55026877
638,0.22972402,0.19563155,0.5822411,0.1739418,0.4360646,0.5139502
639,0.21222536,0.18182892,0.55110174,0.14901176,0.42595387,0.530503
640,0.24092466,0.19171175,0.5402625,0.1877103,0.38152432,0.4377224
641,0.2565859,0.1920658,0.53974843,0.25551668,0.39758727,0.4806751
642,0.21286532,0.19652247,0.57454133,0.17178869,0.44272345,0.55678976
643,0.23470315,0.18860182,0.5267669,0.14962399,0.36052662,0.40721387
644,0.20620498,0.17961924,0.5488949,0.156728,0.43926048,0.536447
645,0.22263691,0.21355827,0.6080748,0.15153365,0.4309258,0.5516401
646,0.23188852,0.18729256,0.5181773,0.15447043,0.36807454,0.41880888
647,0.2132625,0.16574554,0.48286867,0.23658252,0.30459377,0.37273872
648,0.25772387,0.21718445,0.6231278,0.21603589,0.3711853,0.37823373
649,0.23716274,0.23184624,0.62537307,0.21357898,0.442666,0.523949
650,0.20082092,0.15133804,0.4413824,0.33061147,0.27324152,0.34518597
651,0.22602443,0.19963712,0.5506272,0.1886202,0.31600946,0.3466723
652,0.22571933,0.21770519,0.5954662,0.20906697,0.38265848,0.42751643
653,0.25475094,0.22992805,0.62261707,0.19354445,0.42566228,0.5145089
654,0.24624747,0.22541033,0.6483759,0.21396768,0.41597497,0.4467454
655,0.23420036,0.21677567,0.5777332,0.22847548,0.3728044,0.39607853
656,0.22935602,0.21146327,0.5950724,0.20206764,0.37154454,0.40346456
657,0.25596392,0.23465478,0.62561584,0.20100188,0.43312395,0.52792317
658,0.19198847,0.1380317,0.4282195,0.3255273,0.27422035,0.336563
659,0.20291226,0.16930385,0.49195376,0.18452692,0.2829035,0.31808245
660,0.2399654,0.2249952,0.6390461,0.20998773,0.42369935,0.4530723
661,0.22900748,0.18157929,0.5155773,0.23351958,0.31028378,0.36347288
662,0.20183387,0.1511929,0.4493947,0.27825588,0.2743165,0.34967637
663,0.24417971,0.23490232,0.6145398,0.2035833,0.43072823,0.5170697
664,0.25585103,0.22702533,0.60430217,0.19531831,0.3947209,0.45901656
665,0.22393548,0.19441698,0.5514035,0.18274496,0.30732787,0.3398599
666,0.22522986,0.22308119,0.5870528,0.20340602,0.422314,0.489598
667,0.2326081,0.21255283,0.61311865,0.20604962,0.4029428,0.42602366
668,0.2586335,0.23424791,0.6425824,0.1948601,0.43375397,0.537862
669,0.23197827,0.21497655,0.6126901,0.20358407,0.37555906,0.4112811
670,0.20494321,0.16267844,0.46680078,0.28129634,0.29116178,0.34848136
671,0.2362882,0.23113695,0.623285,0.21562095,0.42847744,0.49182382
672,0.2428998,0.22594196,0.6012996,0.20897609,0.4034539,0.44822156
673,0.20639217,0.15685886,0.47095418,0.24304147,0.27314374,0.30751234
674,0.2403131,0.22786288,0.6108353,0.21407169,0.4088587,0.44556683
675,0.19502243,0.13748112,0.42731464,0.3297674,0.27078158,0.34620047
676,0.24454947,0.21022028,0.5993357,0.20870262,0.35182497,0.3788841
677,0.2169218,0.21354079,0.56440634,0.20060167,0.40903768,0.45606947
678,0.20882918,0.18024,0.51153654,0.16677946,0.28849977,0.32888132
679,0.24242972,0.19805835,0.5607865,0.21186422,0.323234,0.35916457
680,0.23086816,0.20773695,0.58137625,0.19507414,0.33836105,0.37245908
681,0.26140425,0.23738329,0.6372446,0.19939795,0.42662948,0.5238042
682,0.25024062,0.22673501,0.5977497,0.20214067,0.4003492,0.45783174
683,0.20538196,0.1551307,0.46608415,0.2556722,0.2691069,0.30759326
684,0.22728802,0.20940308,0.5941161,0.20063059,0.3804292,0.41493106
685,0.21315655,0.20823324,0.5626948,0.19650564,0.39693248,0.43869516
686,0.20147489,0.15052465,0.45591655,0.26896766,0.29473978,0.35985777
687,0.25807908,0.22982202,0.6118231,0.1978257,0.41178447,0.49437
688,0.22558856,0.19748321,0.5506312,0.19134367,0.32703608,0.3586963
689,0.23180297,0.2307922,0.59780633,0.2042422,0.4358907,0.5069414
690,0.21399647,0.18365254,0.5206916,0.16481087,0.2903332,0.3272121
691,0.2098465,0.1740655,0.4838243,0.26002938,0.30373377,0.34829855
692,0.22572255,0.20711859,0.54871327,0.22826397,0.3529968,0.38120615
693,0.2583275,0.23355149,0.62320596,0.21651468,0.38007605,0.40696406
694,0.19241466,0.13535337,0.4290609,0.33288985,0.28286633,0.34637058
695,0.2519568,0.21038498,0.59124595,0.21064144,0.3452657,0.35406384
696,0.22724488,0.20528755,0.5820472,0.1905645,0.34288847,0.37312353
697,0.25348508,0.23534063,0.6204887,0.20565352,0.42631105,0.5142308
698,0.24856046,0.23092107,0.60484505,0.21055014,0.42814788,0.49254215
699,0.23753971,0.21285541,0.6073767,0.21124506,0.3754038,0.41051707
700,0.23902912,0.2329133,0.6024365,0.20294973,0.43163514,0.5118236
701,0.20163102,0.1632576,0.47622293,0.22256093,0.28966504,0.3608723
702,0.21804366,0.21443154,0.5714983,0.20238459,0.40923867,0.44383317
703,0.21283098,0.1987712,0.5413359,0.19328877,0.3488735,0.3940724
704,0.2526403,0.22150664,0.64815307,0.21607104,0.39563674,0.40803477
705,0.20482925,0.17997119,0.51541746,0.18772663,0.312945,0.37851968
706,0.2571105,0.21717964,0.6242897,0.21181811,0.3651212,0.37114596
707,0.22944343,0.20286053,0.56693685,0.1926836,0.33084956,0.3574364
708,0.24547207,0.23581156,0.61661077,0.20759916,0.4377853,0.5282975
709,0.21723476,0.19049364,0.533064,0.17892611,0.30162662,0.33612067
710,0.22024542,0.19895206,0.55157137,0.19437878,0.34282833,0.39211208
711,0.22872034,0.21370105,0.5673068,0.21839228,0.36332992,0.3913148
712,0.24122255,0.2237738,0.6441953,0.20747375,0.41349286,0.43288743
713,0.25582153,0.23250926,0.62552214,0.2000075,0.43193048,0.5231776
714,0.22780818,0.22160906,0.6179031,0.21634701,0.41524035,0.4697349
715,0.20371413,0.18320325,0.5128761,0.18557054,0.32553512,0.38959354
716,0.20334841,0.14984986,0.45454147,0.27728426,0.2803222,0.3246671
717,0.23917411,0.2289496,0.6179297,0.21324828,0.41721326,0.4483668
718,0.24466693,0.21530448,0.62345284,0.20461781,0.378552,0.3945915
719,0.24835025,0.23246124,0.61782354,0.210394,0.4369274,0.51859117
720,0.21294379,0.21066365,0.56319445,0.19509143,0.39330825,0.4356975
721,0.23129718,0.20412807,0.5694848,0.20347913,0.34523323,0.38033357
722,0.21139225,0.17912881,0.4964344,0.21695144,0.31045958,0.3610995
723,0.23465782,0.23081745,0.62895983,0.21670504,0.43725744,0.5110626
724,0.22875734,0.21293242,0.6005047,0.19847809,0.36539927,0.3977673
725,0.2361211,0.20408246,0.57319087,0.1948418,0.33771676,0.3612739
726,0.21094632,0.17572835,0.5057627,0.19999819,0.32293913,0.38812715
727,0.21242332,0.20321283,0.55180347,0.19856974,0.36687475,0.40628183
728,0.22527876,0.18047705,0.50973344,0.23286872,0.30163002,0.34091902
729,0.2468009,0.2286878,0.5953924,0.21280648,0.41997966,0.47078162
730,0.2286847,0.2216379,0.62292755,0.2145139,0.42002574,0.47353405
731,0.25192356,0.23065807,0.61660725,0.20536105,0.43383816,0.5178013
732,0.20792145,0.17225416,0.50212944,0.18460041,0.2830835,0.32041353
733,0.22251569,0.21125498,0.5873688,0.20688167,0.37531683,0.41981983
734,0.19871339,0.14897403,0.4517231,0.27097648,0.28455615,0.35596243
735,0.2166199,0.21393606,0.58300835,0.20197172,0.39000008,0.44563705
736,0.24312446,0.23568013,0.6200564,0.2149355,0.43783805,0.5146954
737,0.23545387,0.20731589,0.5911945,0.20029432,0.36757296,0.3852763
738,0.22764093,0.20072554,0.57160467,0.18712744,0.3299678,0.360822
739,0.22726478,0.18754506,0.53496236,0.21196082,0.32613584,0.38065335
740,0.22710598,0.21480113,0.5721126,0.21007885,0.3784097,0.40968838
741,0.24546415,0.20514774,0.5718543,0.20248872,0.33034396,0.36774084
742,0.2552142,0.22155648,0.6421317,0.20529848,0.3776564,0.3900624
743,0.23570998,0.2303516,0.62638795,0.21581642,0.4373732,0.50944346
744,0.21987116,0.20255202,0.54263616,0.2151986,0.34469748,0.37887788
745,0.22798914,0.20795116,0.5882487,0.19397324,0.3474062,0.3778066
746,0.24670468,0.23439501,0.61359125,0.20906894,0.4269698,0.5079301
747,0.2018817,0.16512415,0.48293698,0.21355705,0.3026366,0.3748929
748,0.23921941,0.22954614,0.60766387,0.21519971,0.42731243,0.47777405
749,0.20336293,0.16433722,0.4730659,0.24326962,0.29400477,0.35538065
750,0.201803,0.15068762,0.45099568,0.27937835,0.28994673,0.34806165
751,0.21522132,0.16673307,0.47860515,0.24375975,0.29950497,0.357012
752,0.2361391,0.22319412,0.62909055,0.21099678,0.41720217,0.46132845
753,0.23169218,0.20807788,0.5842337,0.19693299,0.34774816,0.37625194
754,0.22458568,0.19646972,0.554672,0.18680158,0.31096077,0.34256846
755,0.222267,0.20616856,0.5710036,0.2070857,0.36060733,0.39788115
756,0.2437342,0.21841839,0.6338211,0.2132583,0.39892682,0.42461342
757,0.20788634,0.2072963,0.5664445,0.1937427,0.38467437,0.4340148
758,0.24917336,0.22739498,0.59640104,0.20698573,0.42217216,0.4881058
759,0.20298387,0.19962004,0.552124,0.18872362,0.37142467,0.41771325
760,0.23585063,0.19219384,0.542682,0.21764757,0.31633174,0.3440255
761,0.22316034,0.21867448,0.60452205,0.21093959,0.40367842,0.4610068
762,0.20948699,0.19344032,0.5431782,0.18393084,0.33051717,0.38918307
763,0.23840007,0.22700895,0.63278645,0.21132368,0.42072263,0.4344129
764,0.24265212,0.22370863,0.6332606,0.21242863,0.40070108,0.43456957
765,0.21154363,0.18129326,0.5100122,0.20335588,0.30738407,0.36628193
766,0.21743591,0.19260313,0.5253023,0.2065902,0.32865542,0.37399772
767,0.22604978,0.22129488,0.6100537,0.21377869,0.41882715,0.47922122
768,0.23348951,0.20688799,0.5787848,0.19709371,0.3460498,0.37272072
769,0.24495845,0.20846808,0.5937517,0.20490299,0.3475473,0.3604539
770,0.20589145,0.19554803,0.54933107,0.18463725,0.34872362,0.40042886
771,0.24014316,0.23291537,0.6268231,0.2115101,0.44575372,0.53401536
772,0.24140826,0.2192677,0.62290347,0.21466994,0.39420974,0.42690843
773,0.2405079,0.23218533,0.6142436,0.21294895,0.43284124,0.49738646
774,0.21081805,0.19234024,0.5399527,0.18971907,0.3299104,0.38445604
775,0.22152218,0.19157387,0.53872347,0.194458,0.334688,0.38136917
776,0.23867057,0.2225935,0.6229644,0.21479718,0.38935974,0.4315597
777,0.25779557,0.22226295,0.643828,0.21055304,0.38234222,0.38877127
778,0.20949136,0.16304728,0.4775654,0.23577482,0.28915355,0.32745808
779,0.20020296,0.13928275,0.43015352,0.34511098,0.2668871,0.3153786
780,0.23646724,0.22879711,0.6081996,0.21217969,0.42633528,0.49457413
781,0.25345242,0.22889331,0.6063518,0.20144877,0.4289001,0.5067032
782,0.21105069,0.20399761,0.56167316,0.1918214,0.3736704,0.42355382
783,0.25868538,0.23681355,0.6339615,0.20189472,0.42497802,0.5114365
784,0.24761029,0.22377913,0.6487629,0.21012679,0.40898982,0.42945796
785,0.2266464,0.18822347,0.54167175,0.20754716,0.32043287,0.3498034
786,0.23284642,0.21758592,0.60405904,0.21349673,0.38418376,0.42638105
787,0.22946343,0.19694112,0.558835,0.19409406,0.3307938,0.35950747
788,0.2495718,0.23282526,0.62336314,0.2053505,0.43985328,0.5296313
789,0.22800988,0.22632712,0.6275821,0.21646173,0.4395364,0.51142
790,0.24944566,0.22235751,0.64287645,0.20718777,0.39872557,0.40953422
791,0.1965566,0.14126325,0.42184502,0.36001897,0.26245534,0.3384748
792,0.20623468,0.14702499,0.4442492,0.31969538,0.25820905,0.30674204
793,0.25437602,0.21117264,0.59636575,0.20956422,0.33953226,0.35960424
794,0.24806932,0.2059704,0.57309437,0.20836075,0.3276029,0.34418947
795,0.21573815,0.19032298,0.5144937,0.23396823,0.32808566,0.3658172
796,0.23843731,0.20010965,0.5661046,0.20307396,0.33352837,0.3514497
797,0.21805567,0.17684829,0.5146426,0.21622385,0.3038029,0.33816558
798,0.250363,0.21633059,0.6268183,0.21552087,0.37869316,0.3977897
799,0.21105659,0.16260007,0.46964055,0.24548188,0.29201612,0.33979157
800,0.23904416,0.23120545,0.60216725,0.20791432,0.4312477,0.5039876
801,0.21996675,0.21499904,0.57536364,0.200865,0.40060374,0.4492105
802,0.21606562,0.19961527,0.5594935,0.19155172,0.34952742,0.3966825
803,0.23730709,0.22925833,0.61915565,0.21325818,0.42448267,0.47572428
804,0.24536029,0.23051193,0.63001543,0.21728158,0.4022383,0.42303842
805,0.21142502,0.16991246,0.5010979,0.20650628,0.29164526,0.32456857
806,0.21038678,0.1760656,0.5108028,0.19535424,0.29568154,0.33037952
807,0.21788645,0.18949953,0.53539866,0.17743494,0.29941624,0.3345226
808,0.21106699,0.1813659,0.5186881,0.17981887,0.2941567,0.3309862
809,0.21447316,0.18494573,0.533914,0.19213694,0.31837925,0.35305768
810,0.21735182,0.19122179,0.53813887,0.18290108,0.31174538,0.34746978
811,0.22370586,0.1951132,0.5501213,0.18506029,0.31212968,0.34461594
812,0.22603112,0.19897111,0.5642376,0.18871696,0.32317454,0.35408407
813,0.24625115,0.1953371,0.46721888,0.17241658,0.33100304,0.4635946
814,0.26106757,0.21048614,0.48214793,0.20078774,0.46772772,0.5938285
815,0.2363387,0.2020654,0.49550986,0.18604232,0.46920466,0.6055494
816,0.2735211,0.19264106,0.5192837,0.1401963,0.4908766,0.54200107
817,0.27316815,0.22832672,0.5578732,0.17485563,0.4857276,0.6229604
818,0.25214618,0.19755492,0.48863718,0.18237026,0.3615723,0.49281332
819,0.22919011,0.18362498,0.4894598,0.17146501,0.4335122,0.5640237
820,0.27831584,0.23616004,0.5828405,0.16719083,0.49640098,0.66876084
821,0.26440546,0.22880007,0.5688402,0.17822619,0.5000454,0.6529236
822,0.2273176,0.17794988,0.47976732,0.15701509,0.41502714,0.5362356
823,0.27066472,0.19240692,0.5117488,0.15908287,0.40641186,0.4979249
824,0.23869443,0.19740276,0.5344835,0.15881243,0.35611653,0.48109967
825,0.27099252,0.19611713,0.508477,0.15702677,0.47248793,0.53997433
826,0.27724802,0.2300255,0.5610266,0.18031031,0.48886955,0.6080504
827,0.26172423,0.20842475,0.51621425,0.18769467,0.43209302,0.5338732
828,0.26143909,0.1991963,0.49882776,0.1753821,0.3863982,0.49224922
829,0.24585651,0.20602798,0.5173873,0.17664757,0.47503135,0.6170453
830,0.2610604,0.20914897,0.47292137,0.1924262,0.4591399,0.5910225
831,0.27198535,0.23280615,0.5778589,0.17191148,0.4975315,0.6653955
832,0.275219,0.19425617,0.5297834,0.13862334,0.49051133,0.55647707
833,0.26196167,0.21102227,0.49794337,0.20314774,0.42875183,0.5457882
834,0.25966817,0.20450869,0.4725471,0.19078873,0.4728502,0.6067778
835,0.23947828,0.1948455,0.4732526,0.16040419,0.3300536,0.47071987
836,0.24052855,0.18883714,0.5307168,0.16332376,0.39235657,0.4986329
837,0.26150435,0.2069675,0.49149036,0.19700125,0.425656,0.5342177
838,0.26559532,0.21747254,0.5189495,0.18231888,0.47664142,0.6133225
839,0.23650667,0.19537404,0.47747797,0.16702402,0.35293826,0.48501462
840,0.23457642,0.1839046,0.510796,0.15094995,0.37159157,0.4709762
841,0.2405799,0.2035151,0.49935663,0.18561538,0.39250514,0.51381594
842,0.27880043,0.19069524,0.52422386,0.13261086,0.492636,0.5488093
843,0.26022238,0.22249915,0.5758812,0.17583819,0.4980172,0.6478595
844,0.27614498,0.18902285,0.5178852,0.145791,0.43524325,0.52540123
845,0.26243538,0.2121765,0.49442428,0.19242312,0.4653792,0.5929191
846,0.23709676,0.19476832,0.4959703,0.16173404,0.34716555,0.4815451
847,0.2787323,0.19418986,0.52885824,0.1392779,0.46760923,0.5323671
848,0.27132487,0.23031038,0.5665736,0.17208204,0.5073392,0.65909666
849,0.2594555,0.2028294,0.46528518,0.19962919,0.47029787,0.6029222
850,0.2615733,0.21025759,0.50630134,0.20506263,0.44080177,0.55481446
851,0.25925937,0.19198412,0.49424234,0.16734745,0.37378144,0.48061085
852,0.23467347,0.1802868,0.49709484,0.15584731,0.39255184,0.5010047
853,0.23330985,0.19837566,0.50258255,0.18193123,0.4064822,0.5243259
854,0.26771632,0.200174,0.50925934,0.18042716,0.44111866,0.5305953
855,0.25971454,0.20643297,0.48073798,0.20952559,0.44728404,0.5670768
856,0.2794417,0.18335934,0.53025365,0.12846643,0.47112173,0.5359669
857,0.27272704,0.22456147,0.5236106,0.1909587,0.4736368,0.5987695
858,0.2560402,0.19609842,0.47326627,0.17145151,0.33686,0.46583053
859,0.26332593,0.21411909,0.51836836,0.18794593,0.40668976,0.51972705
860,0.22991166,0.18606925,0.48633176,0.16955012,0.4496944,0.5816395
861,0.24284403,0.19320501,0.53467435,0.15471269,0.36019376,0.46965468
862,0.23738208,0.19788608,0.49180233,0.17585129,0.3648317,0.49126235
863,0.25201377,0.21507724,0.5356268,0.17959847,0.49287862,0.63910335
864,0.23237294,0.18895836,0.5231348,0.16987278,0.40531144,0.51502824
865,0.26497212,0.21296701,0.4874373,0.18775141,0.4745496,0.6122312
866,0.25807717,0.1945186,0.4828523,0.17017429,0.35545528,0.4709738
867,0.24218826,0.19611225,0.4679176,0.16566841,0.33316284,0.46735057
868,0.2757919,0.19910985,0.52116483,0.15157501,0.4833724,0.5508435
869,0.23135969,0.19300258,0.5078126,0.1712502,0.3849709,0.50007105
870,0.2788489,0.19797036,0.5246779,0.15042622,0.43420497,0.5253099
871,0.2555005,0.20694435,0.4813776,0.18580264,0.47674528,0.6069656
872,0.26891094,0.20361035,0.51504594,0.17257567,0.4549107,0.5455372
873,0.2699582,0.22309366,0.5237349,0.17992947,0.49143738,0.6423686
874,0.26261392,0.21029817,0.48110765,0.20880693,0.46055514,0.5856153
875,0.23796354,0.20235854,0.5032941,0.19219294,0.4155699,0.5292021
876,0.25777093,0.2018127,0.49704698,0.1835215,0.38216734,0.5074314
877,0.25746405,0.21189137,0.49689162,0.18180236,0.48543638,0.6335683
878,0.24559045,0.2091095,0.51110613,0.19926429,0.45189133,0.5612212
879,0.23144919,0.19604503,0.49119914,0.18287759,0.47585213,0.61784464
880,0.25403342,0.21407546,0.5219766,0.20242885,0.42775637,0.5371848
881,0.2409251,0.19542745,0.47632465,0.17086385,0.34238482,0.47382066
882,0.2608536,0.20425564,0.4691188,0.20677245,0.45631242,0.5831798
883,0.23706315,0.19656724,0.5355575,0.1633737,0.37720162,0.49228927
884,0.25311592,0.19740692,0.47690928,0.1764822,0.33810985,0.46717983
885,0.24660587,0.19746876,0.49029458,0.17871371,0.35892388,0.49038526
886,0.26176643,0.21152341,0.51406103,0.19650462,0.4211129,0.5304623
887,0.2671275,0.21954224,0.5130894,0.18248227,0.49074787,0.6382108
888,0.27411944,0.20104724,0.5202525,0.15039666,0.46176288,0.5418656
889,0.25108802,0.20961826,0.49926504,0.18352698,0.4871111,0.63148457
890,0.2351868,0.19805878,0.49525982,0.16806057,0.36207575,0.49010772
891,0.26339668,0.20285386,0.5011041,0.17133394,0.39805713,0.50925386
892,0.2331739,0.1931971,0.52230066,0.16684268,0.3780646,0.49233726
893,0.26403317,0.21148935,0.4806102,0.18881077,0.47620854,0.60861015
894,0.2565288,0.19786076,0.49060965,0.18162206,0.3709555,0.48486874
895,0.26669794,0.2173924,0.52963114,0.19593775,0.4206214,0.53068954
896,0.26138088,0.20766352,0.47521877,0.1990541,0.47302938,0.60306805
897,0.22238305,0.18437117,0.4863317,0.17649901,0.43271405,0.54940426
898,0.25978065,0.21137889,0.5073931,0.20386933,0.44829476,0.5585829
899,0.24656752,0.20718877,0.48886648,0.1892669,0.4753549,0.60620964
900,0.25509208,0.2072062,0.48562282,0.19457613,0.46370178,0.5790774
901,0.26078102,0.2065602,0.51258993,0.18352133,0.4095207,0.5206568
902,0.23138228,0.191251,0.4953143,0.17739934,0.46682885,0.60516083
903,0.23794752,0.20176573,0.5038411,0.18492104,0.43706214,0.5535294
904,0.25370106,0.20406947,0.4986797,0.1848704,0.38552573,0.51783687
905,0.2680923,0.20322789,0.51729876,0.1716447,0.44809932,0.5432138
906,0.25720164,0.21314022,0.5174544,0.18978807,0.40525648,0.5204045
907,0.2607828,0.21239786,0.49617904,0.18462965,0.48093417,0.6225387
908,0.23651254,0.19633241,0.51183254,0.1639457,0.35898456,0.48488504
909,0.26964125,0.20261596,0.50911796,0.16173291,0.4183884,0.516426
910,0.27769423,0.18994932,0.52928954,0.13940534,0.4674018,0.5435418
911,0.27633774,0.18876964,0.52709484,0.13443945,0.47430167,0.5416157
912,0.27588657,0.19715106,0.5233168,0.14545257,0.44944018,0.53262603
913,0.27541488,0.20063657,0.5168307,0.14623398,0.4299376,0.5193757
914,0.28264046,0.19360879,0.53149414,0.134819,0.46403942,0.52952456
915,0.26976505,0.20145741,0.51368517,0.15734549,0.41585395,0.51738477
916,0.27011156,0.19943713,0.5140377,0.16538963,0.40171295,0.49940658
917,0.22549254,0.15263435,0.40943563,0.42666346,0.23431005,0.32989144
918,0.23807897,0.17977096,0.4791333,0.23563355,0.3500223,0.39419904
919,0.24139859,0.18219368,0.48938233,0.21005681,0.35206866,0.3983921
920,0.23401882,0.21729065,0.5757004,0.2380884,0.38558933,0.39879802
921,0.25544873,0.22254708,0.61825883,0.1779024,0.4000838,0.44974908
922,0.23710725,0.20618308,0.54137605,0.22512269,0.39399448,0.40581885
923,0.22366932,0.1576245,0.4066837,0.4326824,0.23882931,0.35326612
924,0.22332652,0.19010201,0.5042989,0.20560135,0.36150357,0.38714695
925,0.22465117,0.19990312,0.5315101,0.24666713,0.33483955,0.36620247
926,0.21018271,0.14596787,0.4003517,0.43817565,0.24083324,0.32796735
927,0.25479096,0.1747736,0.47783867,0.27950028,0.3384674,0.40720063
928,0.20976058,0.17311203,0.47088963,0.314867,0.29735646,0.35329252
929,0.20075917,0.14409277,0.4217013,0.39072037,0.26249477,0.34273982
930,0.22704388,0.207999,0.55227315,0.22727996,0.3795377,0.38936493
931,0.21861468,0.19322506,0.5149969,0.19711661,0.38242054,0.4130205
932,0.22977632,0.18677908,0.49047458,0.20945796,0.35932165,0.40208983
933,0.23202254,0.20230111,0.5420099,0.21120565,0.39010882,0.43943024
934,0.23058219,0.19946557,0.52819324,0.2157899,0.39267886,0.42279214
935,0.21749268,0.1687937,0.4362128,0.34775552,0.27038383,0.34756893
936,0.22478864,0.18868259,0.5058423,0.17427543,0.3712762,0.41678214
937,0.21927728,0.17461212,0.4473659,0.33542487,0.27076,0.345815
938,0.23757382,0.21891919,0.57397944,0.23956694,0.40378806,0.41517425
939,0.20433155,0.1409798,0.40215063,0.42480534,0.25029248,0.3314213
940,0.24285671,0.16490267,0.43328607,0.31225753,0.303181,0.356103
941,0.21795847,0.19927044,0.5217562,0.18437712,0.38377738,0.43222278
942,0.24209979,0.14139175,0.3978547,0.44652566,0.25939196,0.35163063
943,0.25106212,0.16492784,0.44847643,0.3211969,0.30770674,0.3815735
944,0.22131485,0.16096713,0.41957757,0.4211585,0.24077897,0.3393684
945,0.2455909,0.21638805,0.56896883,0.23202519,0.3979894,0.41459072
946,0.22788247,0.1482305,0.40973884,0.42830145,0.24236733,0.32987374
947,0.23299244,0.17829323,0.47213706,0.25512823,0.3399548,0.37559152
948,0.22034954,0.15197368,0.3965344,0.47287124,0.23158206,0.35207677
949,0.22222295,0.19131726,0.50424784,0.27638888,0.32031673,0.36046785
950,0.22548833,0.15307122,0.40088362,0.4374094,0.22996385,0.33561075
951,0.22042637,0.1874042,0.49426594,0.20297462,0.35731956,0.38550657
952,0.2366849,0.14941022,0.40463617,0.40955997,0.25366056,0.34007823
953,0.23730215,0.21148238,0.5810344,0.18968233,0.39933857,0.44478735
954,0.20908609,0.18196012,0.47809517,0.2823263,0.3091452,0.35463768
955,0.22719152,0.19611204,0.5217047,0.2089344,0.3791475,0.41261244
956,0.23654601,0.14317065,0.39870936,0.44648385,0.24548778,0.34156644
957,0.25070179,0.18125306,0.4919694,0.23343533,0.3445066,0.39838558
958,0.22689693,0.14811414,0.3899814,0.48354542,0.22336818,0.33564147
959,0.22377414,0.19666934,0.5123951,0.17357361,0.38126862,0.43521595
960,0.20428269,0.16004415,0.45202747,0.33724922,0.2872966,0.35234234
961,0.24724945,0.15761098,0.42847696,0.35518515,0.28677619,0.35828114
962,0.23325524,0.1575989,0.4215642,0.37718466,0.26175913,0.3398312
963,0.22889808,0.20538759,0.55832946,0.18975422,0.39489418,0.4301237
964,0.2436901,0.14895736,0.41359335,0.4082084,0.27389473,0.35676974
965,0.21181618,0.19354075,0.50976324,0.25428635,0.33582452,0.3662297
966,0.22685067,0.17686266,0.47266686,0.28056294,0.30717546,0.34816495
967,0.20866597,0.16594312,0.45372716,0.3530013,0.28663212,0.35134578
968,0.21693057,0.1852738,0.49878436,0.26461807,0.3156857,0.35636616
969,0.23885226,0.1674794,0.4471427,0.30123305,0.30862036,0.35946676
970,0.23792523,0.21506721,0.5637684,0.2318678,0.39405012,0.40420377
971,0.23994969,0.15662575,0.41467917,0.37067372,0.26693195,0.3386323
972,0.22834662,0.19179608,0.50680983,0.18439645,0.37195045,0.41587263
973,0.21410516,0.15832125,0.41949034,0.40258944,0.25563338,0.34122148
974,0.22145593,0.19723451,0.52462244,0.19135721,0.38589746,0.42701143
975,0.22358221,0.15078825,0.39353365,0.47835347,0.22776738,0.3500744
976,0.23308533,0.21053338,0.56104165,0.23946041,0.35881463,0.3756937
977,0.23812816,0.20793276,0.56308746,0.18044147,0.38003686,0.4223511
978,0.21928705,0.15182006,0.40158904,0.46173176,0.23455372,0.34080362
979,0.22030455,0.19093552,0.5019312,0.19960669,0.3679232,0.4044239
980,0.22112936,0.20364898,0.543868,0.23338684,0.36560225,0.37997454
981,0.21894944,0.1838488,0.48259002,0.2195774,0.36046618,0.38285285
982,0.23757342,0.18562666,0.49618372,0.18900114,0.35738134,0.40335855
983,0.21312058,0.17878568,0.46565953,0.2743599,0.30410302,0.3505851
984,0.22607444,0.1465304,0.39382666,0.46839812,0.22290613,0.32754338
985,0.2278707,0.20287319,0.53322893,0.24474889,0.34333673,0.36270845
986,0.22994792,0.2062879,0.5467147,0.20066035,0.38666153,0.4375309
987,0.21337354,0.18243493,0.47500926,0.3073932,0.30233258,0.35655963
988,0.2064448,0.1533592,0.43104446,0.3853423,0.26799408,0.34303677
989,0.23665312,0.16280653,0.4302409,0.337925,0.2832908,0.34702983
990,0.21861401,0.19308068,0.5103603,0.18404122,0.3850519,0.43391526
991,0.21334897,0.19308214,0.5102371,0.2313906,0.34291714,0.36339846
992,0.23183802,0.18639496,0.49292016,0.24125808,0.35005486,0.36601144
993,0.22480229,0.1815712,0.48089522,0.23297523,0.35160124,0.38851494
994,0.2142551,0.1784468,0.47251555,0.31883335,0.29958248,0.35428408
995,0.22336599,0.19016239,0.5035687,0.21341868,0.37965262,0.3969326
996,0.24900427,0.17861469,0.47879663,0.2479588,0.3415851,0.39357588
997,0.2215483,0.16083203,0.4256039,0.37858802,0.25740558,0.34334502
998,0.22206376,0.19866961,0.53106284,0.19733629,0.38070738,0.41875497
999,0.22806132,0.20643368,0.54473984,0.22515154,0.39204732,0.39960134
1000,0.22957224,0.20588744,0.56021714,0.19410877,0.39136612,0.43549475
1001,0.24033092,0.1717476,0.45797276,0.27689993,0.32955396,0.3757761
1002,0.22330798,0.16712943,0.43082702,0.39270222,0.25315905,0.3436837
1003,0.25385714,0.22074705,0.6077681,0.18443435,0.39558846,0.43234134
1004,0.21945453,0.19065402,0.50087965,0.27740774,0.32190228,0.35823745
1005,0.23056081,0.16497928,0.4387372,0.34723726,0.2764909,0.3458134
1006,0.21972224,0.20091727,0.5392364,0.22369802,0.36957824,0.38448954
1007,0.2233879,0.19213529,0.5063331,0.22168404,0.3806967,0.3916052
1008,0.2207241,0.19324651,0.51603574,0.22356802,0.34564698,0.35926712
1009,0.20570482,0.15579344,0.42453334,0.39106417,0.26261848,0.34096634
1010,0.22318357,0.16082326,0.41819286,0.39583483,0.24448274,0.34207493
1011,0.23897971,0.2102029,0.55029845,0.22620696,0.40162414,0.42630577
1012,0.2507424,0.1708886,0.4591857,0.28529894,0.31933993,0.3810146
1013,0.22705211,0.19936723,0.527395,0.22108392,0.39061356,0.4033351
1014,0.23585731,0.16872689,0.45133686,0.31200668,0.30041364,0.3493028
1015,0.2207539,0.17026354,0.45135522,0.32234073,0.284797,0.34980386
1016,0.23702276,0.17604291,0.46999544,0.26848167,0.3352797,0.3720131
1017,0.22208086,0.19173549,0.50739133,0.1661034,0.37628984,0.4242505
1018,0.24621423,0.16245423,0.42953783,0.3312366,0.29011306,0.35178372
1019,0.23174688,0.21146324,0.5569054,0.24017099,0.37301266,0.38724113
1020,0.23226328,0.21367885,0.56484467,0.2351742,0.38693526,0.39772397
1021,0.2447183,0.17201552,0.45682555,0.26475772,0.33095938,0.382805
1022,0.23193824,0.18453413,0.49083626,0.19701767,0.36076117,0.40393373
1023,0.24065436,0.1510772,0.41722366,0.39858267,0.27202442,0.35275054
1024,0.23801285,0.1476396,0.406847,0.41424328,0.2641693,0.34980857
1025,0.23246092,0.14388911,0.4005433,0.43845448,0.2460843,0.33864552
1026,0.23475625,0.1446973,0.40277958,0.43439743,0.25008965,0.34204224
1027,0.24115145,0.156338,0.4201469,0.36890164,0.2744412,0.3509227
1028,0.24336171,0.15668653,0.42629027,0.37139177,0.28323022,0.35497266
1029,0.21670687,0.17217071,0.4459734,0.3490125,0.2749924,0.34846988
1030,0.21550924,0.16664058,0.4328851,0.37635306,0.2638851,0.34596384
1031,0.22830832,0.14367937,0.3977603,0.46508676,0.22674373,0.32639766
1032,0.24666467,0.16503601,0.43904066,0.31104696,0.3033784,0.3648552
1033,0.24484225,0.16161385,0.43230763,0.3363437,0.2931455,0.35910195
1034,0.20986442,0.17044696,0.44867542,0.3535406,0.28319004,0.354455
1035,0.20770766,0.16499646,0.4402979,0.3615725,0.27737388,0.35177678
1036,0.23222911,0.14451486,0.4001346,0.4637748,0.23514858,0.33353594
1037,0.23320517,0.14331883,0.39696515,0.46634072,0.23493247,0.33649576
1038,0.24723685,0.16860871,0.4437464,0.29033202,0.3117329,0.36670578
1039,0.24888381,0.17073995,0.45208192,0.27970934,0.31833658,0.37558934
1040,0.24481276,0.20330581,0.5569251,0.13669059,0.31416407,0.4593473
1041,0.2457416,0.20218782,0.5765102,0.13681915,0.3233769,0.4616534
1042,0.2923892,0.19312546,0.54522455,0.11046604,0.4325265,0.49985212
1043,0.28990814,0.1965003,0.55375296,0.106553994,0.44164568,0.5079565
1044,0.24295312,0.19840492,0.5353031,0.1493984,0.32958108,0.4685312
1045,0.24980311,0.18760473,0.47802874,0.16088234,0.3414929,0.4647082
1046,0.23729645,0.203318,0.5634072,0.13538918,0.33600843,0.4472872
1047,0.26522887,0.21321025,0.5706095,0.1360716,0.36600766,0.48478448
1048,0.23569873,0.19147705,0.5243128,0.14804697,0.35333762,0.4553041
1049,0.28804666,0.21152371,0.5591834,0.10984316,0.40733534,0.496202
1050,0.29197323,0.20960017,0.55983615,0.10445653,0.41998154,0.5012188
1051,0.23774502,0.19394255,0.4701485,0.15086877,0.3105788,0.45479977
1052,0.24222396,0.19572803,0.46381778,0.1600797,0.31798977,0.45829713
1053,0.2399988,0.20292558,0.56080943,0.13883299,0.33220008,0.43972895
1054,0.27467948,0.19274607,0.5284483,0.12561658,0.43178353,0.5127437
1055,0.25107592,0.20444444,0.5648599,0.15433744,0.34173667,0.4632066
1056,0.25371522,0.1870866,0.47959235,0.16055861,0.34660232,0.46427622
1057,0.28638345,0.18531606,0.5356028,0.11122124,0.45015308,0.5102166
1058,0.24192463,0.20232071,0.5388952,0.14257294,0.3271049,0.43364745
1059,0.26428917,0.18744147,0.50295323,0.15229587,0.39170346,0.48350883
1060,0.25345683,0.20239702,0.54836637,0.14604075,0.33475882,0.4699945
1061,0.24054278,0.19545063,0.5152167,0.14692745,0.319574,0.46613085
1062,0.23909147,0.19516915,0.46808708,0.1585121,0.3186946,0.46014234
1063,0.29279104,0.21341075,0.5672143,0.10271241,0.4154028,0.4985991
1064,0.29023618,0.19285104,0.5563143,0.109185755,0.46243024,0.5196599
1065,0.24836133,0.20526674,0.58866394,0.13729282,0.32803246,0.45889142
1066,0.28749472,0.18373851,0.5383805,0.11943353,0.46524748,0.526811
1067,0.27408642,0.21170972,0.5626426,0.12513022,0.38049108,0.4836982
1068,0.2457397,0.20297065,0.5804979,0.13514227,0.32303342,0.46649906
1069,0.24985455,0.19096509,0.49491578,0.15883312,0.3324413,0.45656407
1070,0.26365274,0.18767309,0.50009155,0.15755086,0.38944775,0.4839546
1071,0.2901595,0.20131668,0.55373144,0.10580781,0.42853794,0.5023882
1072,0.25806934,0.18552287,0.48348215,0.15964273,0.36180452,0.46869025
1073,0.2626622,0.20134223,0.5346976,0.15690641,0.35694158,0.4642078
1074,0.23855282,0.19268167,0.49285758,0.14980786,0.3157952,0.4655601
1075,0.24626249,0.20443152,0.5507295,0.14053443,0.32356393,0.43505263
1076,0.27060622,0.19181113,0.51913697,0.1438686,0.40282834,0.48952052
1077,0.24046609,0.1941439,0.49098712,0.15522063,0.31781915,0.45354354
1078,0.24351625,0.18942377,0.47345123,0.1598039,0.32950523,0.46231878
1079,0.23798974,0.1947226,0.5019187,0.14552133,0.3131274,0.463008
1080,0.27673724,0.19042876,0.5142527,0.14463046,0.41771793,0.5054252
1081,0.2866609,0.2060327,0.55159205,0.111573346,0.41988012,0.50561154
1082,0.23773633,0.19341563,0.47854972,0.1552349,0.31765565,0.46479073
1083,0.2685922,0.21276869,0.5667461,0.13630824,0.37153867,0.48085836
1084,0.2460825,0.20322591,0.5565609,0.1461601,0.32926404,0.4668638
1085,0.2812332,0.19004247,0.5381444,0.11539677,0.44440013,0.50833654
1086,0.24193981,0.20186007,0.55512244,0.13780162,0.32726794,0.4318982
1087,0.25546026,0.20526898,0.5768237,0.1414921,0.33927763,0.4774998
1088,0.24349532,0.19400954,0.46258408,0.16214657,0.3201725,0.46070075
1089,0.25619793,0.18545175,0.4893219,0.15645775,0.36657107,0.47096783
1090,0.24213797,0.19766451,0.5340966,0.15357377,0.34250546,0.47222355
1091,0.25013995,0.20188454,0.55567694,0.15553764,0.352605,0.47027135
1092,0.2595787,0.18810977,0.5078851,0.15417714,0.37452212,0.47430587
1093,0.2511841,0.20803918,0.58541155,0.15044703,0.33963475,0.45902503
1094,0.24764164,0.20381248,0.54613256,0.13915387,0.31769574,0.4650706
1095,0.2571085,0.19384688,0.51404786,0.15836391,0.35505468,0.467772
1096,0.27400732,0.21003228,0.5534311,0.11815492,0.40046504,0.49782103
1097,0.2395322,0.19474816,0.5123298,0.15056136,0.3295591,0.47141334
1098,0.29119343,0.18878964,0.54383886,0.10908627,0.4507962,0.51364255
1099,0.24560688,0.20889758,0.5841644,0.1440661,0.34362385,0.46695837
1100,0.23745055,0.19324806,0.4890754,0.14724767,0.3125925,0.4634012
1101,0.28006166,0.19976194,0.545604,0.118815325,0.43690613,0.5149187
1102,0.27740493,0.19937795,0.5396413,0.124649,0.42042863,0.5058962
1103,0.24950339,0.2045888,0.5804312,0.13782096,0.3293275,0.4763482
1104,0.29011297,0.20191017,0.5472397,0.11134429,0.4282847,0.504851
1105,0.24987769,0.18677938,0.489738,0.15835994,0.35224083,0.46740404
1106,0.24297802,0.20300147,0.55186754,0.14272232,0.32167706,0.4644715
1107,0.24824265,0.20322973,0.5593115,0.15089644,0.33494967,0.4690536
1108,0.28478563,0.18934268,0.5339836,0.12986663,0.45278347,0.52746904
1109,0.27328318,0.20740157,0.560725,0.13802904,0.38312525,0.48185757
1110,0.2421102,0.19976294,0.5153817,0.14722092,0.31189865,0.45661753
1111,0.24679413,0.19976208,0.5461768,0.14857942,0.33914894,0.44792718
1112,0.26725984,0.20067969,0.541191,0.1506328,0.37409627,0.4756475
1113,0.27380168,0.19937824,0.54016423,0.1386149,0.3973766,0.48847613
1114,0.28273052,0.20660764,0.5535343,0.11923486,0.41323227,0.50400156
1115,0.25060362,0.20778336,0.5810677,0.14738101,0.338696,0.4655928
1116,0.23997682,0.19216302,0.46564433,0.15573491,0.31458107,0.4558568
1117,0.2451099,0.20640633,0.5754337,0.14220178,0.3385266,0.4685477
1118,0.25138178,0.19952066,0.5143502,0.15518272,0.32091329,0.45052326
1119,0.26004428,0.20639244,0.554005,0.15028843,0.35192704,0.4726917
1120,0.24910666,0.19371888,0.46700922,0.16448587,0.32357892,0.45923817
1121,0.27789408,0.20423456,0.5540571,0.12583175,0.40525705,0.49973196
1122,0.25238925,0.20604236,0.5690013,0.14637315,0.3337534,0.44593257
1123,0.23657328,0.1939292,0.47646198,0.1488804,0.31179833,0.46125907
1124,0.23757178,0.1939113,0.48629472,0.1515593,0.31355518,0.4555745
1125,0.24139442,0.19867024,0.52665776,0.14506641,0.31709346,0.4653992
1126,0.25331426,0.21125191,0.5924339,0.13701743,0.3354871,0.46032792
1127,0.27822247,0.19084126,0.53253746,0.11806004,0.44669005,0.5189562
1128,0.27685615,0.19192438,0.5293092,0.1330601,0.4428862,0.52299404
1129,0.28051415,0.18835256,0.5342582,0.12069285,0.45362094,0.5228069
1130,0.28199065,0.18210648,0.5329426,0.11606707,0.46118587,0.5246302
1131,0.2807955,0.18433851,0.53505504,0.11358756,0.45485282,0.5164973
1132,0.23883635,0.19875734,0.5263547,0.14288008,0.31388462,0.46179998
1133,0.24146594,0.200227,0.5362153,0.14325088,0.31514734,0.46241683
1134,0.2688258,0.18943386,0.5111337,0.14829056,0.40817305,0.4962474
1135,0.27524018,0.19109757,0.52066714,0.14145845,0.42529055,0.5085362
1136,0.24290638,0.23857257,0.6509562,0.21355468,0.46039176,0.55385333
1137,0.28291216,0.27092212,0.71840435,0.21784891,0.47484747,0.5926182
1138,0.254118,0.2662629,0.721856,0.17384902,0.4853986,0.57068175
1139,0.28015646,0.26698777,0.6869122,0.19975995,0.4688713,0.62899816
1140,0.22955361,0.24065587,0.63506067,0.21242222,0.46995717,0.593184
1141,0.24166451,0.24703546,0.6638822,0.21794486,0.47528163,0.5860964
1142,0.24214932,0.2460002,0.66628826,0.21332732,0.45862204,0.6043991
1143,0.23586838,0.23639892,0.6631096,0.19330238,0.4500888,0.57319707
1144,0.2637506,0.27061316,0.72458905,0.1879375,0.49895453,0.5987519
1145,0.26373062,0.25725377,0.6595973,0.20246585,0.4763376,0.6001853
1146,0.26001653,0.2635906,0.6784765,0.20607734,0.46253213,0.6145538
1147,0.22984168,0.22687328,0.5889297,0.19431634,0.4268385,0.59697306
1148,0.24356464,0.23187709,0.6321895,0.1868914,0.42549342,0.5253413
1149,0.27322537,0.26223361,0.66961944,0.19417575,0.4735012,0.58263767
1150,0.26018986,0.26013538,0.6843934,0.17846705,0.4447322,0.5270213
1151,0.23604909,0.25026426,0.65858805,0.21412143,0.46335763,0.60179317
1152,0.26103193,0.2626706,0.6665287,0.20456986,0.4329284,0.5704433
1153,0.26189795,0.26239824,0.7032447,0.2026797,0.4972728,0.60537744
1154,0.25935233,0.2303598,0.6185572,0.19164833,0.40223962,0.48442715
1155,0.28096217,0.27069074,0.6993654,0.19516563,0.46240216,0.62185085
1156,0.2863726,0.2675291,0.69131684,0.21078856,0.44365227,0.57443446
1157,0.28770185,0.26800877,0.6830478,0.20984465,0.45332384,0.5938045
1158,0.21569273,0.2216879,0.5798644,0.19426224,0.4221603,0.6026153
1159,0.26686695,0.26182744,0.6669864,0.19642706,0.4761733,0.5875459
1160,0.26057377,0.2504265,0.67224646,0.20995033,0.4514352,0.5715433
1161,0.27597702,0.2635002,0.67456037,0.21227369,0.46499002,0.62799597
1162,0.2789966,0.2663702,0.6876892,0.204737,0.4783856,0.63908017
1163,0.28739658,0.25468153,0.69548094,0.2016981,0.44506198,0.5586192
1164,0.24322788,0.23502488,0.6474262,0.18968639,0.43132755,0.54595256
1165,0.24685432,0.25495273,0.668947,0.225602,0.4789371,0.59574723
1166,0.2542128,0.25371033,0.6552952,0.19919682,0.43424547,0.5748627
1167,0.28589034,0.26459554,0.69120264,0.21649972,0.44036806,0.5745131
1168,0.29069462,0.2750101,0.7147783,0.20870256,0.46098197,0.59548366
1169,0.25833556,0.26279384,0.6846489,0.21168277,0.48675072,0.5988908
1170,0.28876206,0.2730906,0.7133886,0.21723388,0.46792224,0.5861683
1171,0.25448948,0.26356494,0.7194694,0.17659654,0.46613008,0.54094577
1172,0.23580028,0.25384685,0.6806437,0.22036783,0.4812444,0.6006365
1173,0.27289724,0.24764523,0.6845428,0.20180695,0.4476397,0.5711338
1174,0.2349478,0.23947366,0.61597484,0.21488412,0.4583479,0.59431005
1175,0.22328487,0.23104984,0.6065253,0.2120745,0.45364356,0.6093687
1176,0.2492593,0.25358844,0.6799011,0.21879596,0.46899372,0.5947261
1177,0.28470248,0.27261433,0.7084245,0.19703834,0.46577826,0.62480795
1178,0.2343201,0.24818662,0.6765729,0.22091976,0.46753523,0.5965735
1179,0.25391534,0.23398533,0.6335284,0.1961908,0.40650266,0.48424664
1180,0.2954865,0.27713695,0.71777713,0.2124907,0.4573443,0.5808885
1181,0.2872849,0.27353948,0.70728815,0.19859287,0.4672346,0.6260453
1182,0.24451241,0.25724787,0.6805917,0.22774413,0.48757952,0.613682
1183,0.2934475,0.2621124,0.7069435,0.2050882,0.44962612,0.56158495
1184,0.2559095,0.26051283,0.69384944,0.20074072,0.49239612,0.60793626
1185,0.2172725,0.2240131,0.5905654,0.20051557,0.44059107,0.6204287
1186,0.2478534,0.22950193,0.6263057,0.18712562,0.41795635,0.5082059
1187,0.27679226,0.26330507,0.6808186,0.21040167,0.47282517,0.6426904
1188,0.275357,0.26737028,0.70015484,0.19723299,0.4626232,0.62217236
1189,0.28500572,0.26648718,0.6651142,0.19673084,0.45341504,0.56241256
1190,0.26409566,0.24819273,0.6777929,0.2075603,0.45183662,0.573374
1191,0.23707849,0.25620002,0.68157446,0.2213645,0.47378886,0.6020643
1192,0.236182,0.2466585,0.6572422,0.21774189,0.46242493,0.60785717
1193,0.24867848,0.2544273,0.6816152,0.20748006,0.49553287,0.6180731
1194,0.28563547,0.26662818,0.6871815,0.21543843,0.4473989,0.5848314
1195,0.24702206,0.2543922,0.6613166,0.2168994,0.48232594,0.6021644
1196,0.22803475,0.23056641,0.6060386,0.19060323,0.43959153,0.59989077
1197,0.29337403,0.2760201,0.7183178,0.21645825,0.46201396,0.5791671
1198,0.24115846,0.24979988,0.67213964,0.21622477,0.4689118,0.5841351
1199,0.25077075,0.234916,0.63977194,0.20721902,0.42936084,0.51062894
1200,0.25861692,0.2732153,0.72773874,0.18140018,0.50362116,0.59355295
1201,0.28488362,0.26866734,0.67979825,0.21404468,0.4566154,0.6095765
1202,0.27112055,0.25336224,0.677667,0.20509636,0.44457486,0.5819986
1203,0.2639627,0.2539979,0.6460028,0.20498985,0.46452734,0.60814875
1204,0.24528836,0.2503214,0.64870214,0.21274342,0.46254742,0.58766127
1205,0.24761286,0.23598935,0.64592326,0.19728863,0.4273525,0.5161605
1206,0.28895885,0.27423584,0.7136177,0.20428988,0.46355623,0.6128993
1207,0.25565642,0.2626313,0.7071285,0.19546402,0.5063908,0.6178796
1208,0.2926392,0.27448758,0.7091991,0.2120362,0.457532,0.5826751
1209,0.2555347,0.23468122,0.63074934,0.20204909,0.39931297,0.46627802
1210,0.27420056,0.26777875,0.689489,0.19557267,0.4480465,0.60429704
1211,0.2674019,0.2552339,0.6746866,0.20476459,0.4359053,0.5821508
1212,0.2561484,0.26433343,0.6839215,0.21665776,0.4736589,0.60064614
1213,0.24733195,0.24525493,0.6484088,0.20495655,0.47661978,0.6117796
1214,0.28842092,0.27184203,0.70286506,0.2054312,0.4614665,0.6073742
1215,0.29022762,0.26675287,0.71592605,0.21062934,0.45952052,0.5723475
1216,0.25113928,0.2483182,0.6712366,0.21066174,0.45283118,0.58983815
1217,0.23182239,0.24288842,0.6715015,0.20683894,0.46348724,0.5941613
1218,0.2698393,0.26148078,0.68213665,0.20143805,0.47266454,0.6385602
1219,0.24631965,0.24633577,0.63573956,0.20978521,0.4486844,0.584571
1220,0.28124383,0.2604379,0.68406516,0.20846923,0.44511446,0.5748126
1221,0.23435974,0.24288288,0.6653157,0.2086381,0.4653128,0.5841969
1222,0.24324335,0.24457636,0.63176453,0.2053853,0.4352011,0.5717182
1223,0.23514628,0.24419305,0.6520856,0.21262382,0.48378992,0.6053475
1224,0.2465075,0.23666163,0.65247947,0.20799214,0.4469265,0.53747296
1225,0.26099727,0.26503947,0.67089295,0.2126367,0.45390132,0.59726006
1226,0.27869147,0.25322485,0.68473184,0.19936392,0.4390088,0.5575353
1227,0.26147664,0.25472254,0.6810144,0.2079148,0.43999863,0.5821542
1228,0.24316774,0.24597193,0.66045964,0.21946213,0.46900865,0.57096726
1229,0.27680507,0.26611444,0.6902335,0.19592193,0.46591428,0.6253697
1230,0.23420072,0.2502233,0.6636869,0.21885686,0.46578035,0.6007495
1231,0.25482237,0.2620444,0.700655,0.1800322,0.48659188,0.57711947
1232,0.23474297,0.2401446,0.6293845,0.21267276,0.45764118,0.587812
1233,0.2638399,0.264238,0.6786883,0.20247015,0.4503584,0.59876615
1234,0.2836143,0.26876783,0.7151868,0.21653613,0.4696269,0.5853287
1235,0.22759494,0.2343387,0.60834277,0.20590357,0.45702118,0.62991226
1236,0.2883929,0.26962623,0.69507563,0.20692384,0.45450494,0.59363544
1237,0.25809056,0.254717,0.6683718,0.20609301,0.48678234,0.6592875
1238,0.2567012,0.2654182,0.7032941,0.1929539,0.5049393,0.6009435
1239,0.24428894,0.24220164,0.629981,0.20314518,0.4566593,0.62287706
1240,0.2518021,0.25151628,0.679569,0.20995891,0.45099872,0.5970526
1241,0.28071207,0.26021615,0.6848584,0.21012813,0.4395623,0.58209
1242,0.28499374,0.271871,0.7024123,0.19960862,0.46650437,0.6237063
1243,0.2798237,0.26493895,0.6816285,0.20654914,0.46780363,0.6277739
1244,0.24403106,0.2400831,0.6611477,0.205226,0.4478045,0.55353934
1245,0.2586105,0.26071203,0.65919065,0.20650685,0.43794927,0.5739293
1246,0.2466341,0.23935416,0.6256972,0.20674294,0.471735,0.6360011
1247,0.2611026,0.26404905,0.66951895,0.20739272,0.45556298,0.59906214
1248,0.2426674,0.24287263,0.66668975,0.21306513,0.46474284,0.5732138
1249,0.28506523,0.26935256,0.6946043,0.20464064,0.46315348,0.6161572
1250,0.28821453,0.26997155,0.69971514,0.21407953,0.45739228,0.5838403
1251,0.25831395,0.23226714,0.6173818,0.19708607,0.389497,0.45634416
1252,0.2785908,0.2642866,0.6506708,0.19766888,0.45780867,0.5789448
1253,0.25969046,0.2486234,0.6763845,0.20929287,0.45053795,0.5826909
1254,0.26935264,0.26178372,0.67539895,0.19949687,0.4492665,0.60425115
1255,0.22473344,0.22851834,0.61421776,0.20750362,0.4526033,0.6016896
1256,0.27313906,0.2669088,0.68162525,0.19738077,0.43935204,0.5915299
1257,0.25446102,0.25594458,0.6464974,0.20662305,0.4283731,0.56240267
1258,0.2489537,0.25005254,0.66644776,0.20301774,0.48459587,0.61237776
1259,0.24509987,0.2523634,0.66738594,0.2198881,0.4760282,0.59220195
1260,0.25431693,0.24896032,0.6688417,0.21209073,0.4581771,0.5820666
1261,0.24192004,0.2475641,0.65648884,0.2119689,0.4537274,0.5931082
1262,0.25490698,0.25558937,0.6501713,0.21082495,0.43941635,0.5746895
1263,0.27866936,0.25605112,0.6854616,0.20265487,0.44216377,0.5643068
1264,0.2683236,0.25824553,0.6623236,0.18277815,0.4487916,0.54440796
1265,0.2738503,0.25728974,0.6781191,0.20679024,0.443722,0.58324856
1266,0.24949281,0.24819872,0.6505275,0.1998657,0.45445725,0.60660714
1267,0.2454044,0.25696138,0.68535,0.22502258,0.4874778,0.61459696
1268,0.27142972,0.2616101,0.6787567,0.20839116,0.48407,0.65270245
1269,0.28819957,0.2638487,0.70527405,0.20679754,0.44906086,0.5633883
1270,0.28516746,0.25769126,0.6962479,0.20331039,0.4447503,0.55909985
1271,0.2848307,0.27025402,0.71102417,0.21691579,0.465805,0.58282626
1272,0.28348246,0.2700586,0.71236104,0.21668567,0.47028968,0.58698106
1273,0.2865719,0.26687542,0.71032006,0.21143618,0.4541274,0.5721976
1274,0.28470096,0.26787072,0.711099,0.21458974,0.4618451,0.57868624
1275,0.28413674,0.26563448,0.70207816,0.20926914,0.44777972,0.5664736
1276,0.28477407,0.26810655,0.704407,0.21286334,0.4525626,0.5716731
1277,0.29153752,0.27338758,0.710077,0.20871693,0.45649886,0.5874431
1278,0.2910827,0.2734313,0.7050703,0.20856555,0.45518255,0.5881358
1279,0.2504876,0.21860416,0.7062363,0.20640412,0.43532345,0.569963
1280,0.25445303,0.21094504,0.6029416,0.16176593,0.34521192,0.39675415
1281,0.24213251,0.20821518,0.57596445,0.17002001,0.36737788,0.41398025
1282,0.25395933,0.21358058,0.5924796,0.13915128,0.31610167,0.38509673
1283,0.23416916,0.1984002,0.5747351,0.13578175,0.33082995,0.44340616
1284,,,,,,
1285,0.23877463,0.2031146,0.5558184,0.13089052,0.3157578,0.4150325
1286,0.23094185,0.2009601,0.5475043,0.17320243,0.3727726,0.42528054
1287,0.2636068,0.21556985,0.6081687,0.15380332,0.33434525,0.38119468
1288,0.2443409,0.2097291,0.5695696,0.14029717,0.33760765,0.4282902
1289,0.24599609,0.20945598,0.65556616,0.19867586,0.40752062,0.54838765
1290,0.26504862,0.22130817,0.62633777,0.1669974,0.3703276,0.41693223
1291,0.24728286,0.2023032,0.58034074,0.13235268,0.29560965,0.35569078
1292,0.23616898,0.19902731,0.6027891,0.1592846,0.36141932,0.47337067
1293,0.23127861,0.20112097,0.5533689,0.17039403,0.36109763,0.41029397
1294,0.253099,0.20744167,0.58228767,0.13988063,0.29427704,0.34756407
1295,0.22858694,0.19084603,0.5635608,0.14216663,0.32148817,0.4368658
1296,0.2727635,0.23261192,0.6559322,0.17542344,0.399805,0.45124847
1297,0.2618837,0.21589103,0.6091826,0.14407212,0.3147455,0.36850244
1298,0.24996103,0.21784803,0.70163935,0.19575574,0.43201065,0.5577338
1299,0.22457203,0.20292549,0.5277344,0.17797032,0.3869664,0.4382946
1300,0.2289927,0.19302016,0.5362567,0.12606102,0.29986867,0.40516964
1301,0.25110608,0.21662357,0.5964831,0.14716142,0.34761506,0.42650038
1302,0.22721401,0.19804151,0.5296039,0.1722756,0.3680887,0.42007905
1303,0.2360621,0.20155162,0.54045045,0.12739973,0.29538107,0.38292024
1304,0.26101574,0.22001226,0.61475855,0.15207674,0.3436526,0.4109503
1305,0.25452882,0.21861367,0.5999508,0.17629352,0.3857876,0.42279333
1306,0.23654269,0.2061129,0.586684,0.16335407,0.34316006,0.39894342
1307,0.24245998,0.20647354,0.6369141,0.1784733,0.38750732,0.5167414
1308,0.24788614,0.21343249,0.6450168,0.16288279,0.39650136,0.49346742
1309,0.24777311,0.21377605,0.666468,0.18048944,0.40930697,0.5171011
1310,0.24029756,0.20426437,0.5829722,0.15191914,0.31425217,0.3725175
1311,0.26441836,0.21929315,0.6214938,0.15942681,0.3538284,0.41729805
1312,0.23450932,0.20858763,0.5571235,0.17544466,0.37803826,0.42662203
1313,0.24170537,0.20121251,0.56785053,0.12979478,0.29991192,0.3735997
1314,0.2450485,0.21148823,0.6103457,0.14900218,0.37268087,0.47713777
1315,0.2597889,0.21894725,0.6142445,0.17155714,0.37805864,0.4208766
1316,0.23675136,0.19822839,0.60215634,0.16930558,0.3663684,0.4985334
1317,0.2229447,0.19318718,0.50849724,0.1673967,0.37515664,0.42942184
1318,0.24262969,0.20873526,0.5776211,0.1378907,0.34486192,0.4468675
1319,0.26655245,0.22305179,0.6432856,0.16859306,0.37288186,0.42671242
1320,0.26048714,0.22080147,0.5937789,0.149299,0.3732894,0.448402
1321,0.23690872,0.19168018,0.51213026,0.18220182,0.35715887,0.4396026
1322,0.24258251,0.18994637,0.55913186,0.1585977,0.48899257,0.6305068
1323,0.24222082,0.21441716,0.5659045,0.18827432,0.376972,0.46577317
1324,0.23504621,0.18708147,0.49646124,0.15866318,0.4377082,0.59908795
1325,0.24979906,0.21725066,0.59720373,0.14990914,0.37387177,0.44949868
1326,0.21976648,0.18375264,0.5289219,0.14855611,0.46191555,0.62689674
1327,0.27568427,0.21445128,0.5803178,0.13640541,0.41079128,0.48953617
1328,0.24865653,0.21416357,0.5880577,0.15758254,0.38069212,0.45081243
1329,0.22612014,0.17970166,0.4878682,0.16261074,0.4377811,0.5768576
1330,0.24734311,0.21650046,0.63200706,0.16013367,0.39491802,0.46629035
1331,0.25070375,0.21485204,0.5927902,0.16801831,0.37757325,0.4530168
1332,0.23113489,0.17936538,0.49423295,0.172722,0.390126,0.50479233
1333,0.2467752,0.1961856,0.5662569,0.15677135,0.48425087,0.60356414
1334,0.23580617,0.18104316,0.49043283,0.17959066,0.36901155,0.47082713
1335,0.26311117,0.20537251,0.56780076,0.15193124,0.4421687,0.5293255
1336,0.23290598,0.19246724,0.51884246,0.15570861,0.44772166,0.6017113
1337,0.239241,0.21284808,0.5781311,0.18224135,0.38717332,0.47819695
1338,0.27618325,0.21714306,0.5850977,0.13670039,0.40110207,0.47620854
1339,0.25171298,0.2010303,0.56081456,0.15630458,0.46382144,0.56085145
1340,0.23901,0.18818721,0.5373066,0.15431157,0.47402912,0.6318723
1341,0.24883373,0.21937011,0.6291478,0.16638692,0.39275584,0.47014678
1342,0.23990142,0.21193753,0.61842215,0.15400238,0.39682323,0.4720291
1343,0.22048663,0.1851618,0.5185847,0.1545048,0.44823426,0.60112154
1344,0.245157,0.21437949,0.59051466,0.16195448,0.38841173,0.46085063
1345,0.2354956,0.18636039,0.4912986,0.18284415,0.3536191,0.4402262
1346,0.24123941,0.21396741,0.6094439,0.15484332,0.389811,0.4668982
1347,0.22234355,0.17849386,0.49704677,0.1564088,0.44520617,0.59566724
1348,0.23398307,0.1850557,0.49065757,0.18712041,0.35561287,0.4368858
1349,0.27213496,0.22329867,0.58994734,0.146628,0.37752712,0.44745523
1350,0.23085105,0.19227141,0.5358921,0.1520783,0.46138686,0.62366027
1351,0.254045,0.21748897,0.594568,0.14868382,0.37476146,0.44690895
1352,0.25700298,0.21221371,0.56594527,0.1700183,0.43544734,0.5292907
1353,0.2801383,0.2235917,0.5884179,0.13931158,0.3939962,0.46547437
1354,0.24634722,0.20810121,0.5347796,0.18057021,0.39624545,0.4838886
1355,0.23501998,0.19357897,0.5084892,0.19032449,0.36329886,0.43969178
1356,0.2551512,0.218179,0.61866456,0.16276357,0.38138732,0.45327133
1357,0.26030278,0.21236235,0.5773339,0.1594628,0.42324218,0.5072431
1358,0.23540692,0.18838559,0.51708645,0.16873339,0.443087,0.56989276
1359,0.24054648,0.21179403,0.62854415,0.1557089,0.39705795,0.46962932
1360,0.26556054,0.21924938,0.5896291,0.15494375,0.37436867,0.45455107
1361,0.2249739,0.18131267,0.49709737,0.15846446,0.4479444,0.5928968
1362,0.24325244,0.20978259,0.5839482,0.17534442,0.38187793,0.46557096
1363,0.24772781,0.19212379,0.5653719,0.15575284,0.48627973,0.6080903
1364,0.23552075,0.19290866,0.49196196,0.17943895,0.40405697,0.5111109
1365,0.25055283,0.21458511,0.594213,0.16706865,0.38118586,0.45324802
1366,0.24037261,0.19132356,0.53134286,0.15685184,0.44757873,0.5841845
1367,0.24707092,0.21635568,0.5624468,0.178663,0.39878154,0.47880223
1368,0.23551248,0.20181048,0.5271944,0.1904231,0.36410117,0.44497207
1369,0.24401447,0.19553792,0.55540204,0.157341,0.47266254,0.60572815
1370,0.25522816,0.20336261,0.5583286,0.16119148,0.4517846,0.5447411
1371,0.24434718,0.21421936,0.5572071,0.19023117,0.36745924,0.44860816
1372,0.26882753,0.22119653,0.5894084,0.15202582,0.38487926,0.45975113
1373,0.26620737,0.21041232,0.57518166,0.15187299,0.43022582,0.51172745
1374,0.2204735,0.18028143,0.5076888,0.14864546,0.45809886,0.61520916
1375,0.226874,0.18000625,0.48736274,0.16656338,0.41569096,0.54739773
1376,0.2348395,0.18944961,0.4922365,0.17400919,0.42721087,0.5492544
1377,0.26388443,0.20612575,0.5786305,0.15055673,0.44249046,0.53507704
1378,0.2356842,0.19020584,0.4832837,0.17986476,0.3652553,0.46119243
1379,0.25681362,0.21680543,0.56735957,0.1663813,0.39135566,0.47894558
1380,0.23680821,0.18668595,0.51060826,0.15612465,0.44834676,0.6023546
1381,0.24647611,0.19976303,0.53750765,0.1749549,0.44656605,0.55259323
1382,0.2479365,0.20787972,0.5669138,0.1720939,0.37391964,0.44638878
1383,0.24664573,0.21437979,0.61519176,0.15758623,0.38568383,0.45465928
1384,0.24284294,0.21336842,0.5933986,0.15299486,0.37965512,0.45395437
1385,0.2455526,0.19942525,0.5519176,0.16149181,0.45763895,0.56646997
1386,0.25482213,0.2151932,0.55395615,0.17800197,0.41199434,0.5012435
1387,0.27717915,0.21906017,0.5855588,0.1430808,0.41377673,0.49603736
1388,0.24983254,0.21574712,0.5736057,0.17443648,0.3966946,0.47465467
1389,0.23424736,0.19000474,0.502025,0.15800227,0.43183863,0.5923539
1390,0.25684702,0.19925246,0.57212937,0.1472073,0.45824468,0.5643327
1391,0.24861923,0.21844174,0.61558986,0.17559436,0.3914001,0.47109377
1392,0.2747222,0.22223504,0.593023,0.14913532,0.41002223,0.49015242
1393,0.26997846,0.2192765,0.59070665,0.15473725,0.3998841,0.480512
1394,0.2404813,0.21032126,0.6036857,0.15430541,0.39013582,0.4604701
1395,0.242622,0.20403819,0.5419562,0.17767452,0.37595767,0.44879583
1396,0.24680963,0.20485029,0.5266627,0.17840922,0.4217786,0.5268637
1397,0.23150034,0.1831452,0.48246974,0.17589772,0.3788031,0.48328957
1398,0.23944536,0.20007709,0.51713955,0.17990223,0.37309682,0.45629287
1399,0.23101434,0.18684746,0.49970406,0.15765569,0.43741518,0.58823633
1400,0.25170788,0.21807525,0.5910586,0.1549244,0.37858564,0.4564079
1401,0.2525488,0.21620443,0.58274674,0.16167893,0.38315272,0.46238044
1402,0.22683041,0.18040599,0.5006379,0.16644771,0.41516814,0.5468329
1403,0.23675552,0.20097563,0.5446974,0.18063167,0.37544042,0.45752203
1404,0.23526296,0.2028586,0.53860164,0.18534717,0.37524277,0.45843232
1405,0.2433597,0.19981965,0.53922635,0.17683138,0.3571338,0.43549436
1406,0.24234109,0.20416696,0.5543715,0.17364456,0.36548004,0.44481653
1407,0.2317259,0.18160564,0.48462948,0.18430218,0.34981117,0.4410691
1408,0.23470175,0.18476239,0.4926828,0.18430635,0.35282815,0.43854722
1409,0.23789147,0.19064614,0.50709736,0.18348886,0.35631105,0.43690863
1410,0.2364305,0.19366656,0.5143587,0.18468145,0.36087584,0.44024456
1411,0.23761037,0.18336943,0.48337317,0.18231003,0.34807172,0.44037473
1412,0.23547132,0.18119839,0.4801346,0.18383726,0.3490692,0.44177982
1413,0.2565334,0.22442913,0.5813958,0.18017039,0.41264573,0.53400373
1414,0.2840087,0.23655155,0.6348354,0.17138459,0.4680689,0.60465455
1415,0.26071954,0.21839072,0.5220174,0.20818579,0.43828177,0.5654769
1416,0.25896612,0.2142492,0.53539497,0.20755443,0.44956586,0.5577474
1417,0.25916386,0.22658469,0.59691125,0.17907232,0.41774836,0.533684
1418,0.27543646,0.22292733,0.5344941,0.18674979,0.4729548,0.59096706
1419,0.2825103,0.24717052,0.6436567,0.18922965,0.48074326,0.6348426
1420,0.2720564,0.22285885,0.5246651,0.20654112,0.42950755,0.56212413
1421,0.23899966,0.2025927,0.51052487,0.19244923,0.42953044,0.56438565
1422,0.27313733,0.24694645,0.59954095,0.21120885,0.4509396,0.6317284
1423,0.27665526,0.22654963,0.5559721,0.1775745,0.47498563,0.59446657
1424,0.2527278,0.2218526,0.6048944,0.17023802,0.42403534,0.5190644
1425,0.29041967,0.23535208,0.6499729,0.1536795,0.46328896,0.58810425
1426,0.26019385,0.21671548,0.5078939,0.20341252,0.42069545,0.5685503
1427,0.27186787,0.22126009,0.5303841,0.18820539,0.46881968,0.5943685
1428,0.27386296,0.23093742,0.5849162,0.17032352,0.44382167,0.5890354
1429,0.28884104,0.26406714,0.6292988,0.21405391,0.448328,0.6433524
1430,0.24230453,0.21307072,0.5584347,0.17570093,0.4053105,0.5121927
1431,0.26945087,0.23856448,0.5639443,0.20018664,0.4249015,0.58236325
1432,0.23604935,0.207217,0.54472756,0.18067749,0.4159278,0.5321492
1433,0.27536255,0.24697958,0.5906986,0.19867927,0.42341602,0.58038104
1434,0.27049866,0.2260386,0.5220059,0.20410421,0.4303274,0.5743241
1435,0.26773223,0.23665154,0.589137,0.19326055,0.42408323,0.561111
1436,0.26759496,0.22457853,0.5931634,0.15510944,0.48107633,0.61199844
1437,0.2869297,0.2634163,0.65285414,0.21360406,0.47563708,0.6722778
1438,0.27596706,0.22712003,0.5176428,0.20707849,0.4080948,0.5583888
1439,0.25205347,0.21585514,0.54319257,0.17957787,0.40915963,0.52055043
1440,0.26228005,0.22223303,0.51773655,0.20577067,0.4669459,0.6003297
1441,0.28603268,0.25332958,0.609851,0.21395047,0.45101774,0.6369566
1442,0.24359971,0.20534971,0.5158143,0.18537232,0.41376933,0.5271574
1443,0.26469538,0.21894759,0.5176028,0.20510298,0.42078504,0.55743414
1444,0.2726338,0.22696519,0.5729675,0.1636034,0.4819788,0.60369104
1445,0.24372828,0.21456304,0.5681174,0.17409,0.4017,0.5073721
1446,0.27947962,0.25601935,0.65000486,0.20999365,0.47894868,0.66664577
1447,0.2786974,0.23548679,0.533979,0.20925018,0.41645098,0.5771638
1448,0.26738903,0.23266,0.59299266,0.18462946,0.4178296,0.54043853
1449,0.2625385,0.22058484,0.5448731,0.1975883,0.44638237,0.5393647
1450,0.25380707,0.22089276,0.539096,0.18210971,0.4093201,0.5193045
1451,0.27825224,0.22697376,0.6104354,0.14976555,0.46003312,0.5969932
1452,0.26769775,0.22595862,0.5257396,0.20584387,0.44746703,0.5850072
1453,0.26333013,0.23076254,0.56098986,0.19187921,0.42008984,0.563473
1454,0.25009987,0.21962607,0.5986136,0.17188811,0.41754395,0.51974213
1455,0.26485038,0.22623342,0.52678806,0.1999359,0.42177874,0.5745835
1456,0.2929002,0.26365218,0.641111,0.21650021,0.4651889,0.6552722
1457,0.23076025,0.20172617,0.52372867,0.18492042,0.42494962,0.5466814
1458,0.2688398,0.23297252,0.56055427,0.19266628,0.4312679,0.58423835
1459,0.25294575,0.21926536,0.5291183,0.1981941,0.4407328,0.5574389
1460,0.271595,0.22440493,0.5266129,0.20468795,0.4324327,0.5705558
1461,0.24991615,0.21827894,0.58439344,0.17138182,0.40809533,0.50755674
1462,0.27764153,0.22827378,0.5237066,0.20509884,0.41945103,0.5600523
1463,0.27115554,0.22981305,0.5227512,0.1995817,0.42738935,0.5794598
1464,0.28326228,0.2336049,0.60739833,0.16328244,0.4465929,0.58847636
1465,0.28038758,0.25028375,0.5930462,0.21179631,0.43934363,0.6204648
1466,0.24015254,0.2136285,0.5575824,0.17833441,0.41802785,0.53492343
1467,0.26457822,0.2254211,0.5250287,0.19026299,0.4360059,0.58714706
1468,0.2544336,0.21395162,0.5182002,0.18794826,0.40593797,0.523878
1469,0.2634873,0.2219472,0.5203976,0.19260977,0.4594654,0.60373056
1470,0.27876946,0.23230602,0.5235008,0.20756075,0.4125927,0.55575144
1471,0.26433,0.22506529,0.52148753,0.20388804,0.45042524,0.59829396
1472,0.2818909,0.25514698,0.6239512,0.21589802,0.4599608,0.6490437
1473,0.24934478,0.20642507,0.5077972,0.19314706,0.41527194,0.54263777
1474,0.26750445,0.22517048,0.56958544,0.1645429,0.46898127,0.60137117
1475,0.27597892,0.23744367,0.54823065,0.20018123,0.42387515,0.57691157
1476,0.24121162,0.20883697,0.52938807,0.18857694,0.42917842,0.566569
1477,0.27836978,0.24399066,0.58719605,0.21077895,0.43763915,0.604657
1478,0.2802664,0.2439475,0.5731895,0.2133497,0.4378034,0.6056528
1479,0.25724763,0.21776389,0.5223114,0.19494088,0.41099375,0.53875506
1480,0.27534318,0.2380316,0.5472468,0.20388372,0.42014107,0.585579
1481,0.27914593,0.24168468,0.5527702,0.21227576,0.4292553,0.58887887
1482,0.24839282,0.21539316,0.5610796,0.17995417,0.4131894,0.53822875
1483,0.2706856,0.22616816,0.5468566,0.17435423,0.4699545,0.6025132
1484,0.2746022,0.2475272,0.6174471,0.20013817,0.45852357,0.63240284
1485,0.29141176,0.23428884,0.63290894,0.14969319,0.44936803,0.5804094
1486,0.24816686,0.21786392,0.5842043,0.17315067,0.40612975,0.5154223
1487,0.2757401,0.23852819,0.60404444,0.18331127,0.45256913,0.604512
1488,0.26718205,0.216129,0.54677796,0.1933964,0.4454364,0.5273704
1489,0.25725776,0.2222679,0.5444264,0.18863863,0.4204148,0.5620678
1490,0.2752101,0.23082045,0.5216166,0.20565662,0.41081828,0.5771669
1491,0.27249783,0.22216998,0.5245663,0.20416863,0.42515084,0.56066567
1492,0.266864,0.2229803,0.5440946,0.17506748,0.4499395,0.5958209
1493,0.25054103,0.22009228,0.5321443,0.19111893,0.41993487,0.533543
1494,0.25315663,0.19859055,0.4664124,0.19111133,0.44693813,0.5540769
1495,0.25832993,0.20199835,0.45469183,0.19997929,0.46083254,0.59085023
1496,0.26177254,0.19390418,0.4925695,0.17388909,0.46788207,0.55021036
1497,0.2540996,0.20306948,0.46185791,0.19726777,0.44721,0.5656829
1498,0.26048785,0.20074284,0.48831576,0.19164011,0.4389685,0.5364156
1499,0.26890212,0.19175413,0.4991926,0.15473521,0.4808344,0.54745036
1500,0.2562107,0.20552263,0.45614392,0.1990307,0.45454064,0.58482236
1501,0.262858,0.19839934,0.48995286,0.18906632,0.44407493,0.5405182
1502,0.25846034,0.19990923,0.45367324,0.20468216,0.4572176,0.584287
1503,0.26684535,0.18851106,0.50825226,0.1468586,0.46721727,0.5326382
1504,0.25346,0.19584104,0.4846139,0.18094859,0.44492745,0.53940934
1505,0.25765103,0.1909007,0.5105119,0.1661954,0.45440832,0.5255238
1506,0.25697422,0.1993935,0.46101272,0.20579213,0.44467363,0.5663659
1507,0.2554104,0.1909928,0.5144268,0.16333207,0.45113114,0.52456564
1508,0.26410678,0.19044173,0.5000393,0.1594112,0.47331837,0.5442449
1509,0.2615848,0.1947152,0.5012729,0.17486724,0.4525441,0.5316077
1510,0.25513723,0.20083134,0.46373,0.19660805,0.4428226,0.5586181
1511,0.25860557,0.20017503,0.46976548,0.20116481,0.43366292,0.542139
1512,0.26140627,0.18953776,0.5145123,0.15784934,0.4566692,0.52604514
1513,0.2552588,0.19675824,0.48344404,0.17920814,0.443906,0.53658456
1514,0.25397885,0.2000261,0.45474377,0.20240852,0.44869465,0.57825065
1515,0.2626353,0.20504926,0.4816935,0.20345455,0.42377907,0.5303512
1516,0.25773394,0.19823901,0.47846326,0.19109476,0.43773958,0.53519654
1517,0.2601668,0.19529413,0.489763,0.17617661,0.46495357,0.54994714
1518,0.26334915,0.21579283,0.50763106,0.20008546,0.46760637,0.5825743
1519,0.25684392,0.21139753,0.48505512,0.20211387,0.47061905,0.5839044
1520,0.25898266,0.2069897,0.51682603,0.20364398,0.45941508,0.56037986
1521,0.2539285,0.19444755,0.5161826,0.1740285,0.43197986,0.51398593
1522,0.27987564,0.22771023,0.56685865,0.17051783,0.4819746,0.59417117
1523,0.25721067,0.20037869,0.5034629,0.18490972,0.43154928,0.5251906
1524,0.2658715,0.21608229,0.52829754,0.20573486,0.44443658,0.5646836
1525,0.26855743,0.19661285,0.5325415,0.16806377,0.44835144,0.51213866
1526,0.2531064,0.2031884,0.46244133,0.19980374,0.45563477,0.57277906
1527,0.2750376,0.22732446,0.53256863,0.20554024,0.436659,0.5681046
1528,0.27060255,0.21418443,0.54720855,0.18543416,0.44975948,0.5300192
1529,0.25144947,0.19586757,0.47145042,0.1928178,0.44174427,0.5456426
1530,0.26509792,0.22310375,0.52079797,0.20935641,0.46404165,0.58539027
1531,0.25794327,0.20433864,0.5033476,0.19538003,0.4462917,0.5448838
1532,0.25948384,0.2002108,0.5369789,0.17684092,0.4441681,0.5161398
1533,0.27092782,0.22466499,0.5264404,0.20722562,0.4394585,0.5666633
1534,0.26773015,0.21387556,0.536633,0.2026853,0.4535216,0.5518734
1535,0.26879245,0.2195978,0.51563084,0.1980488,0.4628946,0.5831824
1536,0.26047856,0.21172193,0.514875,0.21041408,0.45858178,0.5744924
1537,0.256684,0.20674816,0.46473205,0.19857222,0.45996237,0.58308786
1538,0.2711494,0.20483674,0.5391788,0.18207787,0.45636123,0.52594376
1539,0.25716794,0.20441614,0.4766495,0.19897659,0.45222458,0.56012404
1540,0.2697453,0.22578262,0.53074217,0.20838764,0.44726458,0.5775471
1541,0.2579233,0.19780013,0.52886707,0.17480877,0.43626696,0.5141108
1542,0.26802242,0.22233005,0.522272,0.19171631,0.4812982,0.59663236
1543,0.26510075,0.22172828,0.5252519,0.21299559,0.45867223,0.57668597
1544,0.25003105,0.19414975,0.4823388,0.18487191,0.43686607,0.5363473
1545,0.2623034,0.20025304,0.53617287,0.17933868,0.45056713,0.5245759
1546,0.25945538,0.21434097,0.49683908,0.20531908,0.46377623,0.5789486
1547,0.27402672,0.22513336,0.5487953,0.18251489,0.48646525,0.59919655
1548,0.26190302,0.20639902,0.520911,0.20510721,0.4592998,0.5595248
1549,0.25396374,0.20004554,0.46872413,0.19753902,0.44574603,0.5543191
1550,0.26648945,0.22007075,0.5275922,0.20950773,0.45088065,0.5741386
1551,0.2576775,0.20839158,0.48566332,0.20134822,0.45436475,0.5662951
1552,0.256145,0.20873466,0.47699064,0.2003598,0.46349895,0.5761831
1553,0.25907457,0.2052285,0.5192489,0.19069698,0.4494627,0.5418511
1554,0.26604927,0.209706,0.5409585,0.19243158,0.45282888,0.5363121
1555,0.25877824,0.20413652,0.5227587,0.19449724,0.4553374,0.5398079
1556,0.27021116,0.22120538,0.53383,0.18822207,0.48068643,0.5937978
1557,0.25885504,0.20124936,0.48434633,0.19145699,0.43870145,0.5437331
1558,0.26089543,0.21902476,0.5114939,0.20928714,0.45815766,0.57742625
1559,0.26204842,0.21423174,0.51736856,0.2090488,0.4539762,0.5739264
1560,0.25779957,0.20542186,0.49120283,0.1980947,0.4504954,0.5575079
1561,0.26426172,0.21585733,0.49586427,0.1993319,0.47394457,0.5894627
1562,0.2566911,0.20875427,0.5034517,0.2050772,0.459812,0.5712589
1563,0.2646039,0.21647486,0.5113013,0.19423282,0.48088664,0.5940206
1564,0.25856963,0.21632889,0.5081823,0.21227357,0.4614755,0.57987803
1565,0.26268226,0.21034782,0.4756603,0.19706106,0.46021405,0.5801528
1566,0.25192675,0.19252539,0.5079142,0.17035834,0.44221237,0.5217591
1567,0.25543246,0.21130875,0.49421558,0.2078299,0.46170518,0.57824653
1568,0.18887174,0.12606674,0.40819263,0.3839296,0.2655043,0.34201795
1569,0.22219689,0.14686494,0.40302044,0.48268464,0.24590942,0.3582237
1570,0.21856853,0.14303625,0.3814311,0.50811505,0.22761708,0.34470475
1571,0.21770939,0.16305394,0.4347648,0.39538774,0.27261376,0.36545804
1572,0.23139971,0.14662856,0.41079634,0.4481314,0.26064914,0.36130822
1573,0.21764907,0.14157224,0.38680768,0.48939866,0.2283694,0.3329724
1574,0.20409966,0.13122638,0.39832336,0.4565979,0.2450995,0.32376713
1575,0.22435528,0.14324802,0.3942007,0.47615606,0.22742265,0.33191893
1576,0.22292958,0.14520256,0.37860197,0.5072249,0.22170712,0.3499228
1577,0.23377775,0.13948043,0.39133272,0.47974646,0.23678821,0.34219617
1578,0.20892507,0.13859928,0.40864018,0.43405157,0.24726072,0.3314851
1579,0.22206831,0.14340894,0.38860464,0.49407607,0.23502554,0.35609138
1580,0.20646738,0.13178518,0.39104664,0.4550298,0.23826618,0.32738766
1581,0.2212156,0.14469215,0.37847698,0.5097709,0.22456309,0.35069138
1582,0.22752672,0.15813078,0.44703963,0.40401915,0.28217083,0.3584398
1583,0.2166971,0.14735675,0.4116649,0.432912,0.24966931,0.34861594
1584,0.21942219,0.15705392,0.4197101,0.4185621,0.26552087,0.35807943
1585,0.2252177,0.14386368,0.39243108,0.49291283,0.22447497,0.33562726
1586,0.21568587,0.15793456,0.43284515,0.40409744,0.2731142,0.37151995
1587,0.22320618,0.14307287,0.39643186,0.49666417,0.23636381,0.34529316
1588,0.22526559,0.14524291,0.3872717,0.5036,0.22339423,0.34800628
1589,0.21082741,0.1354951,0.38322973,0.47839636,0.22993048,0.32165143
1590,0.21968694,0.13663861,0.3834751,0.51460326,0.22855958,0.34061223
1591,0.21831492,0.16127485,0.4436164,0.3738377,0.28915107,0.35472238
1592,0.23894785,0.1400721,0.3953639,0.46340626,0.2505173,0.3527895
1593,0.1914432,0.13022193,0.40436715,0.38400924,0.25790566,0.3379154
1594,0.20442995,0.14271815,0.4202475,0.39538786,0.25067818,0.3294884
1595,0.20933872,0.1300677,0.3766173,0.4924301,0.23157892,0.33289325
1596,0.19174443,0.12724593,0.41294718,0.38029233,0.26509088,0.3353099
1597,0.226091,0.14147672,0.39247432,0.48683083,0.23021686,0.33707678
1598,0.22097982,0.14247668,0.39109734,0.4902785,0.23435004,0.34952566
1599,0.21245354,0.16571525,0.44093838,0.36325657,0.28372583,0.35875875
1600,0.21583325,0.13596672,0.37432608,0.519073,0.22652549,0.33931503
1601,0.19718224,0.13461277,0.41808996,0.39719796,0.2537312,0.3198923
1602,0.22683461,0.1515082,0.4274879,0.42950138,0.2709643,0.36047283
1603,0.21928474,0.14557667,0.39930424,0.46864188,0.24133678,0.35688525
1604,0.19566713,0.13204317,0.39648816,0.41327623,0.24971059,0.33483702
1605,0.2205207,0.15440021,0.4187435,0.43874997,0.2584708,0.36142778
1606,0.21570715,0.15278678,0.42177805,0.41097024,0.25953898,0.358809
1607,0.22095889,0.14159629,0.39017117,0.5001445,0.22856241,0.34346324
1608,0.22315627,0.14751408,0.3986755,0.48478737,0.24289122,0.3583126
1609,0.2158925,0.16645004,0.44144773,0.3508148,0.2847984,0.35176912
1610,0.19458017,0.13184178,0.41578525,0.39488623,0.2592329,0.3306029
1611,0.1977337,0.12518717,0.39765084,0.4472872,0.248696,0.32706383
1612,0.22059816,0.14207758,0.3824737,0.50775504,0.23025718,0.35349375
1613,0.21854332,0.15380722,0.41923296,0.42948276,0.26867515,0.36402136
1614,0.22496091,0.14438598,0.38739282,0.50859743,0.22767463,0.35140795
1615,0.19296944,0.12373265,0.39381605,0.43681508,0.25270343,0.333876
1616,0.22850093,0.14279169,0.40058374,0.4734316,0.24377339,0.34746116
1617,0.22311983,0.14587638,0.39631602,0.49567255,0.24204282,0.35893014
1618,0.22206348,0.15170538,0.41895282,0.44829696,0.26296544,0.35906073
1619,0.2176907,0.1495093,0.41020846,0.45593697,0.25113356,0.362153
1620,0.22203398,0.1413106,0.37181735,0.5194125,0.22434217,0.3518781
1621,0.21853313,0.1437437,0.40322864,0.45676175,0.24261354,0.3408816
1622,0.22490199,0.14261886,0.37649405,0.5127464,0.22638106,0.35560206
1623,0.21973339,0.13937065,0.37393177,0.5273713,0.22403896,0.34748396
1624,0.20882317,0.12998915,0.3856621,0.49111214,0.23435332,0.33055842
1625,0.2163641,0.13966857,0.3970331,0.47714916,0.23872021,0.33931208
1626,0.2070066,0.12661844,0.38517973,0.47735816,0.23540297,0.32734662
1627,0.22207087,0.14324751,0.3908812,0.50126266,0.23412187,0.35044578
1628,0.2209115,0.14956988,0.4061572,0.46089083,0.2535974,0.3604117
1629,0.22528426,0.14115423,0.39526516,0.4918116,0.23384334,0.34006786
1630,0.22556731,0.1444708,0.38809684,0.50859225,0.2311567,0.35504323
1631,0.22267126,0.14663611,0.4085533,0.46387327,0.24945314,0.3467311
1632,0.26414353,0.23738162,0.6259737,0.22013576,0.45465833,0.55134106
1633,0.22645764,0.20016275,0.5426959,0.17573527,0.4163331,0.5042134
1634,0.2410467,0.20064323,0.52100533,0.19329116,0.35240287,0.42433596
1635,0.26936468,0.22466646,0.6091131,0.20194426,0.4571,0.6198495
1636,0.29881704,0.2701817,0.6459565,0.20943846,0.44030282,0.57634354
1637,0.2635965,0.21971126,0.5706011,0.22011463,0.4224751,0.49868658
1638,0.2742138,0.21817085,0.60652536,0.19858783,0.44501778,0.5739666
1639,0.24495868,0.21006656,0.5669612,0.18820877,0.36368144,0.42831695
1640,0.23468366,0.21295246,0.6505749,0.16332045,0.40581816,0.48901317
1641,0.26926887,0.2113649,0.56019247,0.209545,0.41047645,0.4795776
1642,0.3000986,0.23745537,0.631637,0.17654675,0.49438444,0.55410993
1643,0.30382,0.2618183,0.625049,0.19922118,0.4741522,0.58455896
1644,0.23754421,0.19914016,0.5501282,0.17740947,0.38669398,0.45867917
1645,0.30643445,0.24764945,0.61850095,0.19187859,0.48366442,0.5719925
1646,0.2656219,0.2140699,0.5529758,0.21093611,0.40870944,0.4749894
1647,0.23195018,0.21236964,0.6363054,0.16280696,0.3975583,0.47164005
1648,0.26900646,0.24300078,0.61042696,0.22014363,0.4699412,0.62825686
1649,0.23670593,0.22159223,0.6272092,0.18214576,0.43800393,0.5203522
1650,0.2296636,0.21197507,0.5799263,0.1809105,0.4341961,0.5326044
1651,0.27790785,0.24891846,0.6374386,0.22449529,0.45198998,0.56026816
1652,0.23824698,0.20655333,0.55054396,0.19485787,0.3679373,0.43494177
1653,0.29965213,0.26818112,0.63652015,0.20187226,0.4512725,0.5888764
1654,0.2448883,0.2211256,0.5632628,0.21142122,0.4307028,0.5171362
1655,0.27754617,0.23317921,0.59034723,0.22236899,0.42583302,0.5461783
1656,0.27419218,0.24995756,0.61564523,0.2152015,0.47977072,0.63016427
1657,0.23163983,0.19900998,0.5550372,0.17473984,0.4129491,0.4869119
1658,0.27590314,0.2300888,0.6085477,0.21517196,0.43304688,0.54032755
1659,0.23475869,0.20996696,0.5774189,0.18498126,0.39834067,0.47880775
1660,0.28174666,0.25733033,0.6180096,0.21714786,0.48036715,0.6284029
1661,0.26501215,0.21824789,0.5635101,0.21575516,0.4374655,0.52393687
1662,0.24058208,0.18565185,0.50741225,0.184616,0.35644543,0.43989712
1663,0.2759663,0.21572554,0.59238815,0.20172155,0.43397135,0.54197824
1664,0.30246904,0.24098033,0.6231698,0.18861651,0.50396323,0.5746546
1665,0.25316083,0.22872946,0.6011261,0.18762583,0.4150432,0.48696765
1666,0.29090756,0.26149893,0.6134831,0.20340306,0.4653589,0.5906352
1667,0.22841683,0.20005052,0.5453294,0.17560406,0.40493667,0.48849642
1668,0.27210268,0.23156133,0.6034423,0.21593685,0.45657498,0.620579
1669,0.2486957,0.21686003,0.5889511,0.18957537,0.3795219,0.45332038
1670,0.24560589,0.2125438,0.5521916,0.192318,0.36249298,0.43749923
1671,0.27162126,0.2489588,0.6164073,0.21634267,0.47341892,0.6223848
1672,0.2908361,0.25720844,0.62482303,0.22079828,0.44784775,0.57888955
1673,0.26877198,0.2065616,0.57085675,0.19704016,0.42425022,0.5229575
1674,0.27296004,0.22894105,0.60197085,0.20804732,0.44753575,0.611189
1675,0.2325898,0.20601168,0.5592672,0.17895205,0.42545485,0.51245326
1676,0.24742179,0.22481072,0.6135139,0.16903505,0.402111,0.4750181
1677,0.23427548,0.19088946,0.49914062,0.19355291,0.35196173,0.42635745
1678,0.30479953,0.24599797,0.6163223,0.19068013,0.48712513,0.5655099
1679,0.2742556,0.21211575,0.5837532,0.20237206,0.42628106,0.52803105
1680,0.2779811,0.25248098,0.5918429,0.21194845,0.44497788,0.5665127
1681,0.26394302,0.23736674,0.61237407,0.21121669,0.44051045,0.5260216
1682,0.3191871,0.25146723,0.63922286,0.18133801,0.47340187,0.55438673
1683,0.2388072,0.2191992,0.647249,0.16972983,0.41669846,0.5059445
1684,0.23256981,0.21352352,0.58971965,0.18398955,0.42004424,0.50998855
1685,0.26843172,0.23450637,0.6159083,0.21335141,0.47296286,0.651346
1686,0.29615605,0.26495576,0.64476204,0.21806,0.45241854,0.58674395
1687,0.27291605,0.24531902,0.6397457,0.22208963,0.4488544,0.55955154
1688,0.2633373,0.23836112,0.6053024,0.19705226,0.42533305,0.5062804
1689,0.22966117,0.20631695,0.55491483,0.20468299,0.46515512,0.561071
1690,0.24586472,0.19365913,0.52545524,0.18531278,0.3703655,0.4515167
1691,0.2572434,0.2331194,0.5982622,0.1974788,0.42021486,0.49624497
1692,0.27180722,0.24872251,0.616401,0.2194423,0.46922758,0.6207523
1693,0.28232497,0.24278767,0.59531134,0.22231713,0.42554107,0.5413671
1694,0.24805069,0.20892702,0.56346846,0.20631637,0.48797962,0.6040148
1695,0.2357768,0.21785496,0.5957763,0.18446806,0.43046355,0.5201462
1696,0.2409221,0.19935581,0.53767073,0.17740259,0.35643816,0.42078304
1697,0.2785669,0.24533305,0.6247922,0.22342879,0.45046502,0.5608785
1698,0.27149647,0.22596866,0.6155381,0.20271575,0.4487805,0.59405494
1699,0.24286343,0.22414945,0.61108667,0.18211827,0.42483974,0.50477815
1700,0.26859188,0.20518017,0.5600064,0.19999328,0.41918314,0.5019537
1701,0.27550316,0.230784,0.592125,0.21800229,0.444829,0.587698
1702,0.24964394,0.22874662,0.60631204,0.17663765,0.41009158,0.48296767
1703,0.27061093,0.21389349,0.5653406,0.21516024,0.41350657,0.48505756
1704,0.23513615,0.19918096,0.57189745,0.16643462,0.4386179,0.5399691
1705,0.28016576,0.2325603,0.58600104,0.22042666,0.4316358,0.54677725
1706,0.30494726,0.25822705,0.622351,0.19495687,0.47722277,0.5845199
1707,0.2432711,0.21330605,0.58642596,0.18745019,0.3903172,0.466797
1708,0.25171128,0.22996043,0.59650445,0.18599169,0.42286283,0.4926582
1709,0.23987995,0.20233205,0.5653624,0.19539325,0.4888383,0.6125552
1710,0.23790985,0.22301608,0.63871527,0.1789389,0.43053985,0.52654094
1711,0.23921695,0.19849125,0.56347394,0.17652217,0.41633332,0.4972943
1712,0.26538596,0.23533776,0.6120541,0.21886703,0.47217286,0.64022213
1713,0.27494204,0.22898847,0.6035212,0.20791438,0.44300336,0.5787327
1714,0.2814186,0.23447491,0.61251,0.22170392,0.43005997,0.52465105
1715,0.26812744,0.2115536,0.558553,0.20689194,0.41713464,0.49274024
1716,0.24678273,0.21694866,0.5540576,0.21536164,0.42813447,0.49989188
1717,0.28687516,0.25659266,0.60879767,0.20097283,0.46718678,0.5910001
1718,0.2359301,0.19994803,0.57669574,0.17369786,0.464639,0.577018
1719,0.30154768,0.26495752,0.6454514,0.20231962,0.4636186,0.5980624
1720,0.24457212,0.19590178,0.53712606,0.1820887,0.38702714,0.46470594
1721,0.285392,0.25292197,0.6027939,0.22158423,0.4290747,0.54665244
1722,0.2433302,0.22142036,0.6255807,0.16435361,0.39058927,0.46607262
1723,0.24967058,0.22279033,0.57445794,0.20081799,0.42857367,0.50429237
1724,0.2983362,0.24399155,0.6115612,0.19611855,0.4972608,0.5820043
1725,0.28452837,0.2589795,0.6107301,0.21236067,0.4647005,0.5964844
1726,0.23730075,0.21861218,0.57992125,0.19678673,0.44923756,0.53326446
1727,0.26434454,0.22607115,0.58841854,0.22508393,0.42641622,0.50061846
1728,0.27835628,0.24885193,0.59775853,0.21761632,0.4451805,0.5681609
1729,0.2726466,0.22649354,0.60293376,0.20563523,0.44820362,0.59990275
1730,0.23142236,0.21856683,0.6001321,0.18455462,0.44103396,0.5384003
1731,0.23563978,0.2009584,0.57260686,0.18388778,0.4805303,0.5989871
1732,0.24058165,0.19616535,0.5489234,0.1809629,0.40626127,0.4826054
1733,0.24754347,0.21912493,0.54469824,0.22167745,0.41977963,0.4958445
1734,0.29621458,0.2666887,0.657166,0.20750722,0.45806456,0.6069684
1735,0.23793052,0.20026201,0.5790127,0.16798769,0.4483345,0.5417971
1736,0.2802648,0.23560421,0.5912895,0.22037128,0.42828628,0.5496327
1737,0.23305865,0.19898759,0.5605783,0.17201665,0.4386094,0.52406615
1738,0.24770142,0.20155494,0.5343868,0.1831609,0.34982342,0.40775183
1739,0.27215514,0.24139442,0.59963435,0.22142257,0.45631728,0.6037901
1740,0.26796755,0.22404876,0.56690186,0.2205275,0.40670958,0.4785134
1741,0.23352973,0.20851587,0.5764021,0.18162295,0.41414458,0.4992661
1742,0.28430405,0.24672154,0.60628664,0.21929187,0.4386611,0.56317616
1743,0.24910788,0.22858578,0.6038786,0.17959209,0.4166997,0.48360795
1744,0.29187483,0.26099902,0.6302349,0.21992126,0.45210755,0.5830516
1745,0.31358632,0.2526315,0.6384492,0.1801932,0.47612214,0.57433975
1746,0.22763062,0.20574218,0.55553836,0.19230688,0.45754123,0.55095863
1747,0.27770957,0.229938,0.59618366,0.21148258,0.43835026,0.58076155
1748,0.25431877,0.23406851,0.606564,0.18604288,0.41582182,0.4924791
1749,0.24436183,0.21602733,0.5508382,0.2174882,0.44013304,0.5294386
1750,0.23778914,0.2009972,0.5511595,0.18182363,0.37019625,0.43780944
1751,0.2665133,0.21052921,0.567366,0.20012611,0.42530185,0.5116588
1752,0.27443025,0.25021082,0.6016331,0.21674138,0.4634304,0.5932093
1753,0.23131967,0.22017618,0.6169517,0.1847481,0.44714996,0.54199326
1754,0.27461278,0.23080327,0.6013864,0.21704325,0.44052988,0.55601466
1755,0.24410927,0.20739505,0.5657126,0.18416011,0.36970386,0.43989453
1756,0.2362611,0.19780116,0.5683492,0.16824621,0.42987928,0.5228529
1757,0.26581693,0.22423023,0.6081848,0.19864164,0.45154878,0.63826334
1758,0.30505443,0.25617698,0.61680657,0.19602239,0.4772867,0.5773229
1759,0.29512447,0.26427576,0.63326734,0.21442024,0.43231645,0.56166327
1760,0.2620068,0.22458598,0.5656891,0.21660751,0.41187203,0.48430532
1761,0.29780763,0.2676734,0.6529156,0.21226281,0.4474659,0.5884235
1762,0.28736395,0.25882095,0.6084971,0.2138069,0.43463194,0.5593966
1763,0.23640513,0.21010655,0.5594376,0.21066496,0.47441798,0.5790626
1764,0.2638502,0.22029352,0.5549807,0.21581736,0.4036961,0.4742796
1765,0.23258413,0.21469548,0.584301,0.18537353,0.44992325,0.54384214
1766,0.28613627,0.2558664,0.59455514,0.20168737,0.46311685,0.5828105
1767,0.2782372,0.22819231,0.6122698,0.21319962,0.43379155,0.5433333
1768,0.23138319,0.20766953,0.57384866,0.18388562,0.4041459,0.4860195
1769,0.23446226,0.20058528,0.56793845,0.17517468,0.41893315,0.49896723
1770,0.26878047,0.22958708,0.57831484,0.21905749,0.41396683,0.48549342
1771,0.278852,0.24797665,0.6294296,0.22540429,0.45279437,0.5618922
1772,0.25754747,0.2137405,0.5629537,0.21265195,0.46655524,0.56923896
1773,0.2783283,0.25301063,0.59368885,0.20948806,0.45764402,0.57619464
1774,0.25382912,0.22646621,0.57325214,0.2064536,0.41306093,0.48954883
1775,0.28736466,0.26047957,0.617452,0.20415014,0.44800144,0.5808274
1776,0.23379622,0.20371918,0.5652919,0.17812437,0.44499198,0.5389474
1777,0.26986998,0.2355029,0.6051638,0.21968307,0.45916086,0.6240712
1778,0.23016809,0.20203978,0.55249316,0.18207052,0.39952073,0.4737033
1779,0.26669055,0.22859877,0.5961019,0.22423847,0.43215975,0.51655424
1780,0.24157584,0.2013494,0.5340092,0.19329968,0.35528737,0.40924773
1781,0.2847066,0.24660799,0.6091258,0.21998613,0.44236517,0.5686038
1782,0.23910685,0.22140461,0.60278726,0.18913879,0.44717583,0.53289855
1783,0.27316326,0.23238221,0.59080124,0.21979943,0.4400953,0.57819843
1784,0.24481542,0.19894707,0.5233991,0.197283,0.34752032,0.40852967
1785,0.26915795,0.21953273,0.56112766,0.21868035,0.4220098,0.48808813
1786,0.27668375,0.2526198,0.5978848,0.21483067,0.46160543,0.5888563
1787,0.23377879,0.21297692,0.5617882,0.20406912,0.4466095,0.5343689
1788,0.23390728,0.2007365,0.5552474,0.17989178,0.3959852,0.46937838
1789,0.27468476,0.24713662,0.6016968,0.2206947,0.45701125,0.5903698
1790,0.26047295,0.22935025,0.6026343,0.2229637,0.4485853,0.5303513
1791,0.2487838,0.21516202,0.5404708,0.22290164,0.41765785,0.48885742
1792,0.24645631,0.21762407,0.57149446,0.19478662,0.37486085,0.45073342
1793,0.2885204,0.25610337,0.6226175,0.21792294,0.44423807,0.5726658
1794,0.24262515,0.22422647,0.6212013,0.17147627,0.41095394,0.48210105
1795,0.2275942,0.19629735,0.54531133,0.1720488,0.41981775,0.4976689
1796,0.27641505,0.23006064,0.5859804,0.21665126,0.43298805,0.5599676
1797,0.30952176,0.2662468,0.63353246,0.19801079,0.45662352,0.5806575
1798,0.23240054,0.20174938,0.55863774,0.18497835,0.47303152,0.57602936
1799,0.27793205,0.22826421,0.6064131,0.22035667,0.4348904,0.5259738
1800,0.22822031,0.20499903,0.5611533,0.17640448,0.4190693,0.5097251
1801,0.29575494,0.25699112,0.6126993,0.19979532,0.48049238,0.5970023
1802,0.27213,0.23721942,0.59826636,0.21145219,0.4170517,0.48792565
1803,0.23010007,0.20415333,0.5544296,0.18045841,0.44408986,0.5373171
1804,0.28058875,0.23598005,0.59499574,0.22420427,0.4339742,0.538994
1805,0.25128892,0.22211143,0.56736946,0.2119787,0.42501974,0.49650434
1806,0.2982866,0.25246662,0.6071774,0.19424506,0.47300836,0.5783016
1807,0.23095451,0.20886128,0.57335424,0.1795915,0.4312005,0.52629584
1808,0.2710044,0.21774445,0.5573016,0.21526518,0.41106427,0.47004157
1809,0.28007108,0.23733048,0.6126419,0.22459845,0.4316054,0.5277808
1810,0.23260039,0.20957637,0.5706468,0.18275298,0.43317324,0.5272379
1811,0.2789304,0.23056513,0.5976644,0.21335356,0.43413097,0.5624944
1812,0.2640338,0.21570498,0.5497595,0.21935913,0.40956044,0.46909392
1813,0.27070373,0.22556128,0.6066343,0.20387898,0.4477839,0.59379745
1814,0.2454153,0.21738198,0.5780937,0.19445784,0.37565482,0.44957697
1815,0.23349112,0.21281832,0.57034504,0.19137593,0.44721198,0.53374213
1816,0.25572354,0.21580094,0.54345036,0.21766274,0.4147419,0.4838748
1817,0.23212996,0.2199501,0.612396,0.1846565,0.44966468,0.5431352
1818,0.24500972,0.22276999,0.5835275,0.19715054,0.4333928,0.5122841
1819,0.23840165,0.19216922,0.50211936,0.19632182,0.34256363,0.4119174
1820,0.26885432,0.23503798,0.61896765,0.22165278,0.44348222,0.5437479
1821,0.23238276,0.20293242,0.55648446,0.19664732,0.48451915,0.5903902
1822,0.2766912,0.24344864,0.5951481,0.22195935,0.43965575,0.57137084
1823,0.23561832,0.21765521,0.6356399,0.168125,0.41673458,0.49677494
1824,0.2667959,0.2217518,0.5866692,0.21669896,0.4353038,0.52229154
1825,0.24148527,0.20969336,0.5535875,0.19684002,0.3689683,0.43778053
1826,0.2754919,0.23476133,0.60688746,0.22527021,0.42808342,0.52636456
1827,0.24804881,0.21857847,0.55498266,0.2091748,0.423235,0.49577302
1828,0.2656973,0.22995616,0.5835099,0.21271625,0.41165322,0.48430854
1829,0.29897395,0.2446746,0.62257147,0.1866481,0.49468338,0.57726526
1830,0.2515458,0.22486368,0.58267725,0.19358817,0.42379928,0.48964342
1831,0.32487032,0.25137725,0.66290057,0.17469503,0.4877973,0.570975
1832,0.2656199,0.2280456,0.60719824,0.20325772,0.4578065,0.6469266
1833,0.27719003,0.23377693,0.6060237,0.22266346,0.43495616,0.5317532
1834,0.24073392,0.21186161,0.5619122,0.19726853,0.37266237,0.44072863
1835,0.25667593,0.21814494,0.55507827,0.22527634,0.42181903,0.49202266
1836,0.28166357,0.24600603,0.6170731,0.22262837,0.4539474,0.5730266
1837,0.23134384,0.20039892,0.55006135,0.17559013,0.4235549,0.50560915
1838,0.26688418,0.23329827,0.59846735,0.22049092,0.43782887,0.5167732
1839,0.27304494,0.22523229,0.6154176,0.2012027,0.44761065,0.5850021
1840,0.23039673,0.21275873,0.58562475,0.18438141,0.4463905,0.5446218
1841,0.23406008,0.19923359,0.56641275,0.16954672,0.42947045,0.509457
1842,0.24166876,0.191214,0.4961084,0.19619372,0.33933276,0.4109206
1843,0.23541239,0.1885202,0.48856205,0.1942482,0.33922625,0.41527015
1844,0.24548185,0.1958842,0.5100609,0.19634366,0.3426198,0.40886807
1845,0.24530186,0.19296598,0.5163803,0.19051376,0.34687775,0.41794264
1846,0.24163827,0.2000694,0.5198767,0.19613008,0.35061857,0.41608945
1847,0.23890576,0.2037775,0.5322863,0.1965794,0.35877,0.42483765
1848,0.24602953,0.19728881,0.52953136,0.19062991,0.3552131,0.42285413
1849,0.2483687,0.20034485,0.5332023,0.19025709,0.35212702,0.41257578
1850,0.27578372,0.22190766,0.6076083,0.20435356,0.44159168,0.5535968
1851,0.2681841,0.2128574,0.5752624,0.20230833,0.42459425,0.51927096
1852,0.26583886,0.21449049,0.57744527,0.20793736,0.42788985,0.52332103
1853,0.27499732,0.22163837,0.59386057,0.21109155,0.43945733,0.53969777
1854,0.27422023,0.21822254,0.58737177,0.20773791,0.43178517,0.53473544
1855,0.2747922,0.2254987,0.612862,0.20540623,0.44269973,0.57103693
1856,0.27611506,0.22423431,0.6128856,0.20465745,0.44246498,0.5663432
1857,0.24099205,0.20187655,0.5399813,0.18676953,0.3525973,0.40664026
1858,0.24233966,0.20384979,0.551355,0.18436201,0.35475093,0.4150712
1859,0.26398474,0.21494451,0.56113076,0.2091095,0.41522038,0.49325687
1860,0.26374233,0.2126856,0.5603681,0.20478398,0.41937804,0.49361563
1861,0.23754606,0.20287992,0.5376953,0.19786276,0.3622404,0.4247857
1862,0.23805797,0.19921297,0.5256933,0.1978447,0.35435277,0.4176832
1863,0.27347052,0.22875199,0.60753614,0.21004614,0.44371969,0.56974113
1864,0.2724855,0.22800326,0.61054695,0.20745629,0.44257498,0.57119143
1865,0.24757093,0.19867365,0.53310704,0.18051895,0.36792895,0.43665057
1866,0.24739033,0.1978178,0.53275615,0.18418881,0.36938393,0.4414131
1867,0.27601284,0.22847673,0.610954,0.2092863,0.43389615,0.55250347
1868,0.24135515,0.18564057,0.48913556,0.18719178,0.3466295,0.42834318
1869,0.24443254,0.19806993,0.53547513,0.1783011,0.37186676,0.44185093
1870,0.24048196,0.19680306,0.54126215,0.17630531,0.37691945,0.4485054
1871,0.23380071,0.18761948,0.49003088,0.19148803,0.35314935,0.43044996
1872,0.23330143,0.18614574,0.48207206,0.19062129,0.34451318,0.42334175
1873,0.2394626,0.19530067,0.5128625,0.19837363,0.34814972,0.41252849
1874,0.24011803,0.19385983,0.5055789,0.20023265,0.34470046,0.40923953
1875,0.24152806,0.21929634,0.5773902,0.14585319,0.40999994,0.53307015
1876,0.28494537,0.22036043,0.60793626,0.1401611,0.40833467,0.49669325
1877,0.27332708,0.222201,0.58167326,0.14047301,0.38164416,0.45352525
1878,0.27136567,0.2136856,0.5712559,0.13641673,0.38391703,0.46078762
1879,0.27803022,0.22951753,0.5977901,0.1270937,0.43258914,0.52767634
1880,0.25829092,0.22079773,0.5912465,0.14791937,0.36831307,0.44198215
1881,0.24580355,0.22777566,0.6026492,0.15105964,0.42105272,0.55276906
1882,0.21155816,0.19426689,0.5378189,0.14402506,0.40406597,0.5281943
1883,0.22764975,0.21447882,0.55936664,0.14821061,0.4281456,0.58021915
1884,0.238621,0.20986928,0.5546243,0.1457335,0.38330653,0.49803135
1885,0.2564924,0.22515862,0.5864777,0.13826293,0.42596066,0.531489
1886,0.26684242,0.21469253,0.5754468,0.14428753,0.3906009,0.4875615
1887,0.246904,0.23315492,0.6242367,0.15749711,0.4233903,0.5456982
1888,0.26497084,0.21164757,0.5700278,0.13960676,0.38915548,0.47229543
1889,0.21761292,0.2044991,0.54761374,0.14641348,0.4334216,0.56858706
1890,0.24936517,0.21316543,0.5608062,0.14277755,0.3682765,0.4722154
1891,0.2922069,0.23181659,0.6513947,0.1368094,0.4536205,0.5327537
1892,0.26412874,0.22547257,0.58993864,0.14816321,0.36732447,0.44850427
1893,0.2371951,0.21664381,0.5815877,0.14771657,0.43047345,0.5732355
1894,0.2635396,0.22469832,0.5942498,0.13178463,0.44799513,0.5496269
1895,0.20530811,0.18649426,0.52961105,0.13912055,0.41659063,0.55045295
1896,0.2526403,0.21919382,0.59742564,0.14909856,0.37962934,0.4602243
1897,0.23683277,0.21784146,0.6174157,0.15481065,0.41408333,0.52674097
1898,0.24087378,0.21518786,0.6088282,0.1531756,0.39890718,0.4820186
1899,0.2467087,0.21604274,0.55716115,0.1371013,0.38581306,0.49716663
1900,0.22582766,0.20448735,0.54535854,0.1428722,0.38938043,0.51166487
1901,0.27100053,0.22525759,0.58916104,0.14637025,0.36798957,0.44555444
1902,0.25959235,0.21821845,0.5759026,0.1434035,0.3929997,0.495139
1903,0.23265006,0.20837474,0.55843586,0.14142933,0.40347356,0.5257479
1904,0.24360834,0.22007644,0.6070856,0.15366594,0.4116556,0.52315015
1905,0.2624859,0.2234162,0.59187967,0.14106773,0.4141752,0.5126958
1906,0.23667064,0.21780291,0.5854034,0.15038408,0.43254265,0.5606174
1907,0.25267783,0.22114535,0.57164013,0.13407533,0.3969267,0.5044582
1908,0.2536773,0.22102216,0.59355676,0.14900641,0.38123563,0.4737422
1909,0.2172795,0.1946064,0.5278966,0.13577801,0.40780824,0.5353246
1910,0.25711936,0.21666172,0.56439054,0.138569,0.36351687,0.47242278
1911,0.2459863,0.2253051,0.6201211,0.15478086,0.42201617,0.5453798
1912,0.26316133,0.21632196,0.5776769,0.14135098,0.3902598,0.46990913
1913,0.29574358,0.22785115,0.64982396,0.13054878,0.43230712,0.50800097
1914,0.22298822,0.20885989,0.56630254,0.14845373,0.4357062,0.56864136
1915,0.23341055,0.2067059,0.55575913,0.1418571,0.40124488,0.51814955
1916,0.25227806,0.21344367,0.5733144,0.14532247,0.39280915,0.4872535
1917,0.2671827,0.22151124,0.5767761,0.14317062,0.36761862,0.45219684
1918,0.25476578,0.22354338,0.590648,0.15071405,0.38825312,0.497137
1919,0.23576936,0.21008477,0.55114305,0.1392875,0.37676176,0.50053793
1920,0.27564862,0.22659655,0.60210377,0.1344279,0.43683118,0.52559197
1921,0.26193917,0.21216038,0.5736399,0.13956681,0.38117832,0.46689665
1922,0.25237018,0.21542037,0.5790627,0.14329782,0.3943753,0.49121818
1923,0.24010026,0.21733056,0.6097876,0.15293299,0.39938802,0.49792287
1924,0.22860655,0.20852396,0.5547037,0.14428559,0.4181854,0.5427649
1925,0.26208043,0.21257289,0.5690124,0.13978867,0.37136674,0.46205166
1926,0.23466705,0.21405031,0.61349297,0.15425438,0.41003072,0.501097
1927,0.28317988,0.22427282,0.61306345,0.13565159,0.4222219,0.50993633
1928,0.26121208,0.2240036,0.5779104,0.14711855,0.37488478,0.4787466
1929,0.27184457,0.21652555,0.57696646,0.13777721,0.3904195,0.4648843
1930,0.27701145,0.2294372,0.65647244,0.16223116,0.5216295,0.6325859
1931,0.27197468,0.2541312,0.65938336,0.20966499,0.47812515,0.6813093
1932,0.29250103,0.27418235,0.70193434,0.20852518,0.51846933,0.7072632
1933,0.26663303,0.22545356,0.6640455,0.17172107,0.601305,0.7987716
1934,0.22892404,0.17893434,0.47660127,0.18564549,0.35360593,0.44577262
1935,0.28749147,0.26739082,0.6412078,0.20823243,0.44384396,0.6436893
1936,0.27751997,0.24746774,0.6622804,0.19625135,0.48086178,0.7068772
1937,0.30092087,0.24381395,0.6928761,0.15121785,0.4857211,0.5944579
1938,0.23423913,0.20489264,0.6382446,0.15266156,0.57431304,0.77133244
1939,0.26423073,0.20632471,0.6047161,0.1881342,0.5135479,0.6744538
1940,0.25908163,0.24278049,0.72132987,0.15382476,0.5030206,0.6143353
1941,0.2568888,0.22589362,0.6097292,0.17236632,0.427204,0.53985333
1942,0.28777957,0.26414475,0.62614864,0.20950995,0.48860815,0.6432088
1943,0.28527856,0.24638097,0.63710487,0.17024285,0.42767024,0.547227
1944,0.24262038,0.21072647,0.58215636,0.15203296,0.4577716,0.60926
1945,0.28036994,0.24262093,0.631783,0.17217916,0.44006708,0.5499183
1946,0.25101763,0.22677311,0.65370697,0.15932009,0.5099404,0.6713214
1947,0.26548547,0.2385766,0.6092457,0.1861485,0.42971405,0.5567516
1948,0.2328998,0.19707134,0.5580013,0.15194772,0.46751097,0.62331444
1949,0.24703327,0.23207374,0.7248882,0.14644773,0.5150308,0.58856374
1950,0.2653941,0.24279904,0.7204802,0.13418886,0.41584402,0.5271045
1951,0.28186804,0.25462896,0.62333465,0.19540581,0.42861632,0.5876305
1952,0.2454897,0.1973558,0.5747144,0.17174047,0.43593585,0.53424084
1953,0.31012967,0.25254473,0.6925965,0.16654754,0.5181445,0.60130906
1954,0.2805724,0.2426597,0.65361476,0.1924314,0.46935236,0.6911088
1955,0.26047456,0.2314621,0.60925704,0.17910075,0.42811835,0.5502847
1956,0.28940517,0.27641234,0.6998926,0.21815288,0.5208759,0.7311727
1957,0.2348272,0.19743021,0.570363,0.15940006,0.48012152,0.6130124
1958,0.25010452,0.19969597,0.59439456,0.16937621,0.46686724,0.59144324
1959,0.271841,0.22508608,0.6412272,0.1703411,0.4639999,0.6225192
1960,0.25981528,0.2430693,0.7470725,0.12939137,0.45060116,0.5460526
1961,0.24355495,0.19214457,0.5384662,0.18262681,0.39799365,0.48462832
1962,0.28653833,0.2394745,0.64822125,0.19252178,0.45177698,0.6291942
1963,0.27007735,0.24903655,0.62745607,0.21634635,0.4779563,0.6505114
1964,0.29099894,0.2719118,0.67689955,0.21535571,0.4929667,0.69265676
1965,0.23008275,0.18200706,0.47765878,0.18819283,0.35166636,0.4365351
1966,0.2748413,0.21334025,0.59687686,0.17983693,0.4458416,0.5644512
1967,0.27293792,0.25029844,0.62221575,0.21047595,0.48398963,0.66064817
1968,0.24623197,0.2203054,0.6327163,0.16138409,0.5205082,0.6914598
1969,0.2843336,0.24778831,0.65715706,0.15989724,0.40942687,0.51433086
1970,0.24465273,0.19576548,0.5521858,0.18128538,0.42135036,0.5094559
1971,0.28880462,0.2722881,0.6717892,0.21529421,0.48273388,0.69199026
1972,0.22006907,0.21617007,0.71900415,0.1326854,0.53984416,0.58184826
1973,0.276771,0.20781288,0.5827198,0.18822032,0.4189487,0.5276937
1974,0.2329647,0.17767347,0.48867935,0.17893812,0.359285,0.45408094
1975,0.26728207,0.22989547,0.6299321,0.1701363,0.44774753,0.54682815
1976,0.23499411,0.22905318,0.73307085,0.15188494,0.5309734,0.5934907
1977,0.22527651,0.19250375,0.5433469,0.15563694,0.4562952,0.6088557
1978,0.28862938,0.2631622,0.6339408,0.20026474,0.48998407,0.6324434
1979,0.29094034,0.2407757,0.6662384,0.16144173,0.47685322,0.60043526
1980,0.2516999,0.24009746,0.7722173,0.12948544,0.48930222,0.5639728
1981,0.274803,0.20527223,0.57230747,0.18613303,0.416601,0.5155331
1982,0.2802288,0.25780737,0.6684914,0.20525807,0.4995169,0.6790973
1983,0.26838848,0.2339477,0.6346311,0.16873161,0.44685182,0.54847795
1984,0.2442816,0.233278,0.7180937,0.16132618,0.52131134,0.62103635
1985,0.2559987,0.22620547,0.61610043,0.16972047,0.43385434,0.5369329
1986,0.2802664,0.23900473,0.6495788,0.18961649,0.4553875,0.669791
1987,0.23045087,0.18743594,0.5210204,0.16692859,0.42824212,0.56239295
1988,0.25488698,0.23966691,0.70104194,0.15954304,0.5119575,0.6549313
1989,0.2731141,0.20832902,0.5720216,0.19688791,0.41218445,0.49795836
1990,0.23921174,0.18483053,0.51685864,0.18373647,0.37728643,0.46849206
1991,0.27462214,0.21262652,0.59388995,0.19219278,0.45293105,0.5470345
1992,0.3097089,0.25928956,0.7175939,0.166125,0.50550133,0.6109474
1993,0.23683397,0.20309806,0.56810224,0.15498593,0.466254,0.6143793
1994,0.27866754,0.24644962,0.6882577,0.15325765,0.4354814,0.5406895
1995,0.28466046,0.24931914,0.66923666,0.17943569,0.47804773,0.6370969
1996,0.31251085,0.25174,0.7250202,0.15329328,0.502115,0.5907576
1997,0.24302536,0.196816,0.5720737,0.1772817,0.4489051,0.5602131
1998,0.28191257,0.24913916,0.666325,0.17552967,0.47302186,0.6467887
1999,0.23736742,0.22039762,0.6934849,0.15485834,0.53250796,0.6381628
2000,0.27985772,0.25661376,0.62573737,0.21087413,0.4864257,0.6603509
2001,0.2864568,0.25340378,0.6901362,0.16196331,0.45069686,0.5973033
2002,0.27568468,0.21137394,0.588219,0.19292931,0.42982376,0.5462337
2003,0.29186577,0.27613926,0.6944666,0.2091595,0.51444286,0.709895
2004,0.26906124,0.2379002,0.6316365,0.21088529,0.47956553,0.6768049
2005,0.24438366,0.21858016,0.65744346,0.16307332,0.5744773,0.80183244
2006,0.27720386,0.22565296,0.66546667,0.17604828,0.5622927,0.70090556
2007,0.26155946,0.23868896,0.70301056,0.14926305,0.50648254,0.66469127
2008,0.28618705,0.27515706,0.6898627,0.21531539,0.5133953,0.72281474
2009,0.24041563,0.20109302,0.5978502,0.16204244,0.5143261,0.6532841
2010,0.2704361,0.2560426,0.6828717,0.1883306,0.49698317,0.7157288
2011,0.27826038,0.26215115,0.6759857,0.18505625,0.46634948,0.6423104
2012,0.27322337,0.21289608,0.5983344,0.18888348,0.4446771,0.57366323
2013,0.29808193,0.25752842,0.6436945,0.1872933,0.49766105,0.6167364
2014,0.23442018,0.20297779,0.6026776,0.16172715,0.525097,0.67435306
2015,0.28563792,0.26824072,0.67990804,0.21560489,0.5034618,0.6981539
2016,0.24193813,0.19699688,0.5827098,0.16177282,0.44518548,0.5558142
2017,0.27349597,0.25223333,0.67716753,0.1837681,0.4980417,0.7069601
2018,0.25499716,0.23470522,0.6783749,0.15885077,0.52615196,0.68377244
2019,0.25532645,0.22478187,0.6923486,0.15911247,0.58486533,0.8546471
2020,0.295149,0.2733708,0.6946924,0.20360214,0.513049,0.6960186
2021,0.22226296,0.21945794,0.7383592,0.13298987,0.55761486,0.61997056
2022,0.27465144,0.22077869,0.6188623,0.18972148,0.4519214,0.5927452
2023,0.22370702,0.22028281,0.7478058,0.12866919,0.5510082,0.5985657
2024,0.26167858,0.20610783,0.58324194,0.19429204,0.49066353,0.6356503
2025,0.3028651,0.25408205,0.70557857,0.16008294,0.49625546,0.60703677
2026,0.26497805,0.24082759,0.698545,0.14248127,0.4113176,0.5172824
2027,0.22966698,0.1941891,0.5498332,0.1529684,0.46254933,0.62073255
2028,0.26321527,0.22379573,0.6829562,0.15884598,0.60592604,0.8622704
2029,0.32245466,0.25415248,0.71876216,0.15629676,0.5013666,0.5819131
2030,0.2725424,0.21118197,0.5847231,0.20493278,0.43399948,0.5267375
2031,0.2859057,0.26332214,0.62793106,0.21248847,0.489661,0.65697473
2032,0.23947139,0.20223357,0.6092937,0.15803866,0.54836756,0.7136479
2033,0.27195424,0.21224388,0.61576873,0.19055961,0.4936337,0.62475526
2034,0.2849696,0.27273715,0.6853287,0.21119872,0.49002737,0.7044076
2035,0.24250421,0.2298936,0.6966741,0.16258007,0.54755354,0.6968969
2036,0.2686871,0.2323257,0.6285595,0.1994782,0.47005478,0.67729926
2037,0.24631299,0.20464821,0.6503192,0.14970681,0.5716839,0.76673657
2038,0.29100677,0.25268918,0.6863572,0.18307963,0.49736395,0.6464004
2039,0.27705914,0.23060161,0.65155625,0.17526057,0.46226504,0.62563115
2040,0.23891221,0.23094681,0.7165977,0.16413775,0.5351813,0.6403413
2041,0.27887136,0.25462925,0.680063,0.19010311,0.50138664,0.72362876
2042,0.2525819,0.20432404,0.6211226,0.17572248,0.51650214,0.6962408
2043,0.2529454,0.23476249,0.71640676,0.14656624,0.5379224,0.6809299
2044,0.2828587,0.24950288,0.66352063,0.16933277,0.4519708,0.6010382
2045,0.24670844,0.20393264,0.61444557,0.1606926,0.5175866,0.6690234
2046,0.2699232,0.21048474,0.59045386,0.20711297,0.46422672,0.5862056
2047,0.24119475,0.19858411,0.61602354,0.15987605,0.5248734,0.69786704
2048,0.2648771,0.23525551,0.61908257,0.17083202,0.43864584,0.56364244
2049,0.25530276,0.2375873,0.70758486,0.13835225,0.4823308,0.60945755
2050,0.29688343,0.25737816,0.6791316,0.17690006,0.51869345,0.6371914
2051,0.26308864,0.22843097,0.6687833,0.16595417,0.5865026,0.7937301
2052,0.23059644,0.21445355,0.69639903,0.14256868,0.55217254,0.6473495
2053,0.27778578,0.25973958,0.6595783,0.21353024,0.48000735,0.67527664
2054,0.24894507,0.20260157,0.6334721,0.14960918,0.5278138,0.69403446
2055,0.2832864,0.25508863,0.6816448,0.18633023,0.503338,0.71840274
2056,0.27422512,0.22008465,0.6237524,0.17045683,0.4761591,0.5947434
2057,0.2836249,0.24352185,0.6526211,0.17392983,0.46409175,0.59803736
2058,0.3034085,0.25146312,0.65705335,0.1727832,0.50881314,0.6103345
2059,0.26019362,0.22581781,0.6921957,0.15571249,0.58997893,0.86223125
2060,0.2763659,0.22761288,0.62762374,0.19543129,0.45303616,0.6052752
2061,0.27435824,0.24758935,0.69568473,0.15150836,0.46257657,0.6024509
2062,0.29142764,0.26591682,0.66517293,0.19762342,0.50890064,0.6563779
2063,0.2460863,0.21994486,0.63930464,0.16728467,0.54440796,0.7221223
2064,0.28406337,0.2732936,0.68265724,0.21754129,0.4903878,0.70398897
2065,0.23684497,0.19796067,0.588027,0.15783429,0.47684312,0.6006409
2066,0.24520674,0.21722214,0.679997,0.14927933,0.543558,0.65856814
2067,0.2634983,0.24278203,0.62724257,0.21526404,0.4789501,0.66044927
2068,0.27417827,0.21852866,0.6191275,0.18187718,0.45738322,0.60121906
2069,0.2479254,0.22535144,0.66264486,0.1630727,0.55013055,0.74085414
2070,0.2633056,0.23219752,0.6865414,0.15251717,0.53457725,0.6871625
2071,0.27746826,0.23080392,0.6230781,0.19555971,0.44514936,0.630357
2072,0.28628284,0.24031655,0.66500235,0.17998578,0.46092606,0.6323268
2073,0.24204898,0.21098241,0.661089,0.15462229,0.5905976,0.80817854
2074,0.28644493,0.27203435,0.66694075,0.20604117,0.45628074,0.66516477
2075,0.23335303,0.22936241,0.76078665,0.12885731,0.5300354,0.5907962
2076,0.27481943,0.21620768,0.60510474,0.18199426,0.44885385,0.57479656
2077,0.27526283,0.2197809,0.6323864,0.1764954,0.50170404,0.6132832
2078,0.25642076,0.23268098,0.69886243,0.1505053,0.54730535,0.66703296
2079,0.29974878,0.2657085,0.71179736,0.18568799,0.5075947,0.6677354
2080,0.24151567,0.19337665,0.5522759,0.1650387,0.44212854,0.5773067
2081,0.2741023,0.2529238,0.6702042,0.18307175,0.4684073,0.6275094
2082,0.2421928,0.23146549,0.7483334,0.13320124,0.5102494,0.5864993
2083,0.25311953,0.20847489,0.6625153,0.15743405,0.5766083,0.7967313
2084,0.28306866,0.2640087,0.6604756,0.19505666,0.44687736,0.61781645
2085,0.23303737,0.19894214,0.57801443,0.1574834,0.4913203,0.63152975
2086,0.23976058,0.19783106,0.60711145,0.14809567,0.5117261,0.674451
2087,0.24998945,0.23454985,0.7269811,0.140286,0.5042611,0.61495614
2088,0.28328314,0.27089894,0.68370324,0.20078428,0.47927982,0.69287413
2089,0.23391639,0.17919278,0.5003294,0.1783927,0.38219497,0.48897114
2090,0.28448114,0.24776658,0.64667946,0.17325774,0.4420652,0.5768208
2091,0.28745672,0.26875305,0.6571758,0.20467727,0.50222355,0.67276084
2092,0.2682265,0.22696045,0.67324835,0.16994035,0.5912884,0.7562687
2093,0.2515022,0.22789408,0.6619243,0.16146547,0.53562146,0.7070166
2094,0.2681738,0.23859942,0.6856353,0.15574032,0.5000562,0.66265756
2095,0.27057737,0.23129094,0.6849929,0.16045713,0.5599781,0.67436886
2096,0.27664018,0.22831973,0.62475693,0.19807899,0.45198053,0.61765957
2097,0.23724362,0.20993856,0.61943203,0.16181639,0.54483724,0.71587515
2098,0.2721398,0.24774756,0.66514206,0.20364234,0.48135477,0.69663495
2099,0.2395805,0.22634332,0.7124323,0.14532277,0.5455086,0.64433616
2100,0.22613652,0.2172911,0.7036756,0.14585288,0.53688896,0.6010955
2101,0.24459997,0.2002839,0.5899967,0.18678966,0.49497065,0.6324091
2102,0.28326923,0.25100487,0.6852746,0.17347376,0.47922865,0.6635781
2103,0.26674896,0.21520288,0.6434909,0.18190023,0.5666474,0.73832583
2104,0.24826561,0.21822312,0.61091983,0.15332404,0.47459507,0.63159806
2105,0.2715292,0.22437018,0.6305549,0.16894296,0.467161,0.60773206
2106,0.28157187,0.24654862,0.6910757,0.16275924,0.4754992,0.64207786
2107,0.25997663,0.24030565,0.7061016,0.13181877,0.44347242,0.5517221
2108,0.26156706,0.21045992,0.63041174,0.17645308,0.54601574,0.74049604
2109,0.27772188,0.24334098,0.67532134,0.153192,0.39655977,0.49573016
2110,0.2816742,0.26427847,0.66422653,0.2114904,0.49341726,0.69736904
2111,0.2522077,0.2183083,0.6903538,0.15556338,0.613863,0.85528296
2112,0.26696274,0.23441704,0.6309244,0.16940199,0.44586113,0.56284815
2113,0.28011012,0.2508319,0.6756206,0.18515074,0.49675393,0.66978055
2114,0.24732181,0.20560125,0.65164524,0.15001792,0.58052385,0.80532604
2115,0.2749781,0.24546072,0.6516096,0.17489004,0.45711702,0.58794135
2116,0.283325,0.24904673,0.6764248,0.16324538,0.44633436,0.57388943
2117,0.27581915,0.21518072,0.59515613,0.18421476,0.44764218,0.54383767
2118,0.24494886,0.1973742,0.6027098,0.15506276,0.48123735,0.6139748
2119,0.2617865,0.2198088,0.6898011,0.1538956,0.615039,0.8901312
2120,0.2840901,0.26773962,0.65446186,0.2079994,0.50004494,0.6890574
2121,0.23715137,0.21150939,0.6356659,0.16358218,0.5671875,0.7605957
2122,0.2848105,0.2512933,0.69209886,0.16807845,0.47258297,0.650074
2123,0.26939085,0.24498686,0.6324433,0.18082938,0.44266838,0.5784416
2124,0.24759191,0.22686863,0.68802834,0.16165677,0.5720557,0.7928605
2125,0.24430235,0.22749913,0.6998869,0.16485512,0.55168986,0.7201934
2126,0.253905,0.22423692,0.6775409,0.16031623,0.5643148,0.6930976
2127,0.23690052,0.20758525,0.59886944,0.15756746,0.500505,0.6500802
2128,0.28457344,0.25001627,0.68775964,0.18272741,0.4912455,0.6902819
2129,0.25770307,0.2285817,0.6882138,0.16221273,0.5709386,0.7924541
2130,0.25151485,0.23381527,0.6852527,0.16401632,0.5364821,0.69744986
2131,0.2714618,0.23089916,0.62661266,0.1934424,0.45300007,0.6600887
2132,0.25243747,0.23558542,0.7355237,0.12963378,0.47959828,0.5742049
2133,0.22103915,0.21300876,0.70434034,0.13521524,0.5546328,0.61776364
2134,0.257796,0.2257411,0.67220485,0.1623039,0.54229784,0.6975575
2135,0.27592534,0.2113035,0.5893121,0.17688638,0.44182092,0.55190814
2136,0.29445305,0.26892275,0.6982569,0.19276226,0.5163852,0.68931884
2137,0.2949515,0.27832454,0.70384187,0.21560967,0.5222968,0.7258909
2138,0.2826603,0.24236108,0.64235634,0.17126034,0.44667426,0.55946463
2139,0.23180562,0.17502205,0.48579663,0.17844404,0.36562034,0.4638741
2140,0.2334878,0.17698447,0.4860373,0.1793043,0.36538061,0.46297643
2141,0.23313425,0.17814547,0.49939346,0.17919165,0.3769182,0.47816828
2142,0.23243868,0.18248092,0.516931,0.17953208,0.39550778,0.5059419
2143,0.23700856,0.18729201,0.5428797,0.17263427,0.4320472,0.5479953
2144,0.24167663,0.19503453,0.5677078,0.1629763,0.46522853,0.5842978
2145,0.23773393,0.1833437,0.5289749,0.17657486,0.4070045,0.52452534
2146,0.23496187,0.18007053,0.5098524,0.17855553,0.39338246,0.5026082
2147,0.23351726,0.18241349,0.47685644,0.18718128,0.3532874,0.44025546
2148,0.23629159,0.18054008,0.48057136,0.18625328,0.35783422,0.44659865
2149,0.23510522,0.1896089,0.55484223,0.17231002,0.43773508,0.5511007
2150,0.23824197,0.18768369,0.5445553,0.18023568,0.41321394,0.51782817
2151,0.2765207,0.22878982,0.6373008,0.18615468,0.4630536,0.616549
2152,0.28239974,0.23444104,0.6410769,0.19061267,0.4560728,0.61749995
2153,0.23617569,0.17939165,0.49149626,0.18210933,0.36575985,0.46253008
2154,0.23444924,0.17856076,0.4823819,0.18638854,0.35815513,0.4498425
2155,0.24307433,0.20065178,0.59796923,0.16369355,0.5036788,0.6399518
2156,0.24001788,0.19651088,0.581178,0.16632195,0.4692072,0.593061
2157,0.23962182,0.22581607,0.6329082,0.2064547,0.4345183,0.51113725
2158,0.22609666,0.23003924,0.59065306,0.23458815,0.4344901,0.43821853
2159,0.23797458,0.2111711,0.6253216,0.18446094,0.47982976,0.5819433
2160,0.24528609,0.22120327,0.612504,0.18338855,0.39584193,0.48568752
2161,0.24520719,0.14547941,0.4131274,0.4342978,0.26998216,0.3690238
2162,0.24117735,0.22380003,0.64307845,0.16957766,0.42371356,0.5073054
2163,0.24144302,0.19893911,0.55913806,0.19042662,0.3605986,0.40062296
2164,0.2303448,0.21880046,0.6249139,0.14364445,0.40428692,0.4977738
2165,0.24796051,0.2268448,0.6022968,0.19266753,0.39645132,0.48233435
2166,0.23019558,0.226607,0.587881,0.25527805,0.46654275,0.46105257
2167,0.24059156,0.14858255,0.41917711,0.43674684,0.27023482,0.36716107
2168,0.24048375,0.21417186,0.6235374,0.15608416,0.40600038,0.48284653
2169,0.23996666,0.22813562,0.6091562,0.2561721,0.47971398,0.4943799
2170,0.24254456,0.20783225,0.6157266,0.17121433,0.45681816,0.55805695
2171,0.24102184,0.22832263,0.62817967,0.21539679,0.4304185,0.4890839
2172,0.2504018,0.22566253,0.588296,0.19356924,0.3776405,0.46889958
2173,0.2216837,0.22410604,0.57468104,0.20341456,0.36727932,0.42800304
2174,0.21945265,0.22626218,0.5761422,0.21113348,0.3909095,0.42484716
2175,0.23338376,0.20586595,0.61376715,0.17376296,0.47570327,0.5801064
2176,0.2438648,0.1767657,0.5050525,0.32247156,0.33359617,0.39841986
2177,0.23491338,0.21639684,0.6332156,0.1517284,0.41962284,0.5115135
2178,0.23967749,0.2052983,0.56414473,0.1932402,0.35724744,0.3939027
2179,0.25589362,0.20234261,0.57703227,0.21989375,0.41553995,0.49283472
2180,0.24804315,0.21983352,0.6430068,0.17446041,0.4214489,0.501261
2181,0.24548031,0.22693692,0.65625226,0.19927485,0.45362028,0.54159683
2182,0.22635245,0.22817025,0.59022343,0.24480025,0.45773947,0.45677352
2183,0.24073869,0.22817792,0.61523414,0.24151129,0.4703893,0.51500154
2184,0.21546161,0.2028023,0.5817158,0.17597035,0.40714848,0.49464524
2185,0.26442745,0.21406142,0.6165896,0.19126816,0.39843252,0.44557774
2186,0.25025046,0.16448909,0.4579878,0.34253687,0.31981432,0.4098032
2187,0.24679363,0.21995069,0.6253457,0.17550138,0.39500052,0.48132217
2188,0.22452536,0.21918996,0.5645705,0.20401573,0.3873773,0.44468814
2189,0.21609595,0.22697102,0.56846935,0.20326023,0.37807858,0.429095
2190,0.23435223,0.22045293,0.6367235,0.17725381,0.4241478,0.50096476
2191,0.2465672,0.20120199,0.567348,0.18914664,0.3654409,0.40421158
2192,0.23593384,0.16017306,0.45529097,0.39121068,0.29388738,0.37200734
2193,0.24961722,0.23072071,0.59594023,0.19719183,0.3891166,0.47844934
2194,0.24661817,0.15483567,0.4331224,0.38626373,0.29019397,0.38279825
2195,0.23190722,0.22520585,0.57739186,0.24552347,0.46551126,0.47973433
2196,0.24363548,0.22828087,0.6002437,0.21974726,0.4293697,0.4996754
2197,0.23309168,0.22606263,0.6191444,0.22585626,0.43765664,0.48187673
2198,0.23757371,0.22331898,0.6258941,0.15064673,0.41814762,0.5301279
2199,0.24230132,0.21317789,0.6349418,0.16466764,0.41460478,0.49071455
2200,0.253523,0.21321878,0.6137433,0.18710855,0.44382173,0.51993155
2201,0.21566904,0.2058087,0.58897215,0.16468337,0.382127,0.45961863
2202,0.23657301,0.208917,0.5659994,0.196056,0.3692559,0.411592
2203,0.25600755,0.20834693,0.60401034,0.1886428,0.39287674,0.43891218
2204,0.24443485,0.21720341,0.6047729,0.18412578,0.39041716,0.4775672
2205,0.22456576,0.2049465,0.59993976,0.17871146,0.4573118,0.5678197
2206,0.23837273,0.22788247,0.58564377,0.23476815,0.44983757,0.49510834
2207,0.22859761,0.23068777,0.5983275,0.2392534,0.4119553,0.42151567
2208,0.22106214,0.20877069,0.5481805,0.2017365,0.39436918,0.44904372
2209,0.22554825,0.21437724,0.6260648,0.17313343,0.39428508,0.44404835
2210,0.25778764,0.1727795,0.48959345,0.32275587,0.34586304,0.43623352
2211,0.2468077,0.21885583,0.6334031,0.16956179,0.4044233,0.4868332
2212,0.26000673,0.21776617,0.64080995,0.19428067,0.41181624,0.4724314
2213,0.23040794,0.22395311,0.59067446,0.2583632,0.48647702,0.4883618
2214,0.2189383,0.20071524,0.58828306,0.1868,0.4581713,0.5744231
2215,0.22743057,0.22138985,0.5828879,0.252397,0.47591826,0.474031
2216,0.21188736,0.20764422,0.5958203,0.16567731,0.38703722,0.45739287
2217,0.24979213,0.18708271,0.5335932,0.2800051,0.34726685,0.40173644
2218,0.23589446,0.21474046,0.6349217,0.15712453,0.4185325,0.4968652
2219,0.2472196,0.22162145,0.6216743,0.19497561,0.4124074,0.49138653
2220,0.23636329,0.22852921,0.58001494,0.23906049,0.45553315,0.4845708
2221,0.23537683,0.23401755,0.61852974,0.22769926,0.41928506,0.46634406
2222,0.2565071,0.20611271,0.5808504,0.20205119,0.3693877,0.40436864
2223,0.2327204,0.22480276,0.6339504,0.24214822,0.454372,0.46666193
2224,0.23762903,0.21190085,0.62969583,0.15896104,0.41115415,0.48769423
2225,0.23652628,0.22454502,0.6220344,0.14980447,0.41769606,0.5240485
2226,0.24448723,0.22112224,0.59208775,0.1891281,0.3872478,0.48218238
2227,0.2261082,0.20669916,0.5451598,0.1993321,0.38292167,0.4325309
2228,0.22702634,0.22459756,0.59546596,0.2603932,0.4695741,0.45399448
2229,0.23623484,0.21884231,0.63049823,0.14965247,0.41454542,0.5063856
2230,0.25698137,0.21919909,0.6369023,0.18396804,0.46067506,0.5468491
2231,0.24791743,0.2299921,0.6476023,0.20082577,0.43168807,0.5078608
2232,0.24764684,0.22106716,0.63435566,0.17586595,0.41369462,0.4950751
2233,0.23396328,0.2181023,0.6299237,0.18637785,0.41244864,0.45574582
2234,0.22938222,0.23466597,0.6064992,0.23615777,0.42080194,0.44933546
2235,0.2183434,0.20495377,0.5882387,0.18320431,0.4404702,0.5511854
2236,0.25357705,0.20850793,0.60088897,0.19047174,0.3885523,0.43526965
2237,0.24189931,0.22201702,0.62670547,0.20668924,0.44512892,0.506964
2238,0.24825202,0.15744375,0.44728836,0.3936122,0.3007248,0.39663145
2239,0.21315935,0.20631349,0.5974142,0.1493632,0.37205747,0.44768897
2240,0.23692364,0.21858889,0.62647426,0.1949783,0.44257677,0.5078216
2241,0.24521127,0.22959706,0.64451957,0.20677248,0.44188407,0.5224824
2242,0.26093015,0.20347384,0.57253194,0.22778438,0.37277025,0.4175281
2243,0.23997697,0.22887981,0.5918931,0.2397341,0.45796302,0.50089043
2244,0.23856926,0.21445765,0.5881417,0.1993384,0.39434043,0.45791012
2245,0.24729109,0.2226524,0.6463304,0.18565625,0.46874726,0.56704915
2246,0.2287126,0.2299374,0.61579514,0.2453512,0.43725806,0.4623618
2247,0.24821183,0.22716883,0.61310655,0.19948703,0.40703538,0.49240577
2248,0.21515803,0.20866689,0.60220385,0.1823194,0.4167655,0.50229865
2249,0.24147056,0.22231096,0.64433444,0.15835482,0.41567683,0.4976049
2250,0.258036,0.20994505,0.5909237,0.20912993,0.39257717,0.4480763
2251,0.24304312,0.22564514,0.6482978,0.19474764,0.4747166,0.575628
2252,0.2259766,0.22682275,0.59563804,0.25034663,0.4451874,0.43530867
2253,0.24618478,0.22172163,0.6287471,0.1812056,0.4067676,0.49138993
2254,0.24832396,0.2320242,0.6098132,0.20788054,0.38732764,0.4542647
2255,0.21403685,0.20971629,0.5983209,0.17984173,0.41070014,0.48473015
2256,0.25246003,0.21998502,0.6419191,0.19349678,0.41652432,0.484525
2257,0.2446685,0.22334224,0.61932415,0.21556596,0.4466172,0.5143134
2258,0.22534384,0.23154704,0.5940168,0.22025177,0.40120456,0.43427485
2259,0.22714931,0.22544673,0.6173086,0.2636852,0.47733992,0.4675124
2260,0.25055027,0.17163047,0.49237993,0.3270855,0.33603305,0.4156006
2261,0.26478213,0.22533277,0.6657181,0.19228573,0.44471878,0.51956713
2262,0.2316281,0.21445635,0.5591953,0.20162603,0.38632905,0.4410439
2263,0.22361068,0.21878855,0.6168773,0.22101395,0.44700196,0.47837937
2264,0.24615118,0.22677307,0.6109808,0.21977529,0.43833154,0.5078262
2265,0.24000087,0.2198868,0.64291203,0.16411668,0.42727166,0.5079435
2266,0.24516316,0.22952569,0.6318539,0.2044069,0.41972503,0.4946505
2267,0.2281466,0.21409264,0.62713575,0.20696552,0.4309383,0.4491195
2268,0.2603414,0.22540484,0.659911,0.1849265,0.4616244,0.551865
2269,0.24924731,0.22856408,0.599608,0.1954611,0.38719657,0.47937658
2270,0.23825903,0.22956401,0.5922499,0.24731109,0.46603033,0.4876063
2271,0.21754822,0.21151459,0.61055756,0.19048151,0.4491674,0.54137707
2272,0.2295808,0.22220856,0.622096,0.20513248,0.4363389,0.5076373
2273,0.23316737,0.22556643,0.6216593,0.25308293,0.47600424,0.47815555
2274,0.2405807,0.231173,0.62222445,0.21526612,0.4243798,0.47859138
2275,0.22567248,0.22313023,0.59861344,0.2660395,0.48927164,0.47670695
2276,0.22403488,0.21820131,0.61508656,0.20607032,0.43645078,0.49653292
2277,0.23626456,0.23083174,0.6228334,0.23276287,0.4316495,0.47414553
2278,0.22889537,0.23111972,0.6011563,0.25305802,0.4384052,0.44023937
2279,0.2626293,0.21702714,0.64915764,0.18845902,0.4264974,0.48894235
2280,0.22937514,0.22663482,0.6179447,0.24690554,0.45081362,0.46824345
2281,0.23254049,0.21627815,0.61691535,0.19092187,0.46289852,0.5671735
2282,0.23855862,0.23784246,0.61742586,0.22099529,0.39074126,0.4474511
2283,0.23071012,0.23337401,0.6151781,0.2401636,0.42949873,0.45995107
2284,0.23545754,0.22161165,0.6320604,0.22713701,0.44257015,0.46359134
2285,0.23773177,0.21962814,0.6450526,0.15464012,0.42735267,0.50917166
2286,0.21380894,0.20853393,0.6092227,0.15824974,0.38152796,0.4438777
2287,0.24778187,0.21709785,0.63913214,0.18470165,0.47945857,0.57916784
2288,0.24983114,0.22585456,0.66038126,0.19701922,0.4393112,0.5192705
2289,0.23580395,0.22564441,0.6375178,0.19793978,0.4625976,0.5576645
2290,0.24237111,0.22943228,0.6278938,0.233511,0.4583411,0.5021754
2291,0.25161415,0.19962317,0.5667442,0.23545751,0.386308,0.4567335
2292,0.24434157,0.22138335,0.62598825,0.1962323,0.41299993,0.48432657
2293,0.244459,0.22970825,0.59677833,0.20969251,0.41387716,0.49142063
2294,0.2370093,0.22145614,0.6299626,0.20137185,0.43704957,0.48906672
2295,0.23934758,0.20994335,0.5886733,0.19230814,0.38534656,0.4340426
2296,0.22127028,0.21134317,0.62047577,0.14532007,0.3787269,0.45557225
2297,0.2232647,0.2235572,0.601276,0.2620415,0.4707783,0.45466703
2298,0.21867119,0.21035425,0.61050826,0.19357172,0.4242512,0.47173515
2299,0.22161126,0.21459538,0.6095009,0.19422074,0.46461183,0.5717421
2300,0.25073156,0.22211245,0.6326436,0.18749182,0.413892,0.4888908
2301,0.24627545,0.20920907,0.5959058,0.19012105,0.38248247,0.42792776
2302,0.24383384,0.21763897,0.64116013,0.16591626,0.42216137,0.5001185
2303,0.21664263,0.212443,0.611731,0.1916655,0.4334197,0.5129624
2304,0.22909188,0.21663514,0.6352822,0.15083082,0.382829,0.4507134
2305,0.2355507,0.22436175,0.6365491,0.20291662,0.4542148,0.5437776
2306,0.2472467,0.23034547,0.6415992,0.20844932,0.43017992,0.5017013
2307,0.22943364,0.2255519,0.60486096,0.2659778,0.49204898,0.483332
2308,0.24129991,0.2190687,0.6305099,0.17898914,0.4246411,0.50377643
2309,0.22875586,0.23008555,0.6103902,0.25645283,0.45454443,0.4517361
2310,0.2383728,0.23359153,0.5976156,0.21173012,0.36623412,0.43095487
2311,0.2357617,0.22086784,0.6443377,0.16081795,0.400319,0.4667568
2312,0.23524433,0.2231444,0.6265087,0.23771822,0.4561502,0.48321584
2313,0.24202985,0.15868512,0.4525562,0.39788094,0.29757696,0.38367227
2314,0.24273522,0.22929862,0.5870804,0.22243407,0.43060127,0.49147192
2315,0.2249869,0.22780341,0.58556414,0.2241987,0.41015565,0.42552733
2316,0.2625724,0.2186648,0.63801205,0.18735984,0.42703775,0.4932326
2317,0.2336048,0.21908525,0.63645077,0.14929634,0.40315133,0.48798195
2318,0.22055686,0.21465993,0.6197381,0.19508627,0.45234436,0.545832
2319,0.24712124,0.22406073,0.6025862,0.18630113,0.38689625,0.48182052
2320,0.25049502,0.22767894,0.6010603,0.19115573,0.38526955,0.47753233
2321,0.25775334,0.21758048,0.5889789,0.09882512,0.4035954,0.49697956
2322,0.2887702,0.2182104,0.59961057,0.092711926,0.41230977,0.50355506
2323,0.28350353,0.23979676,0.594916,0.11362085,0.41983214,0.5285804
2324,0.25204876,0.20629445,0.5959718,0.13843858,0.3323825,0.46736118
2325,0.25373143,0.20764694,0.6066544,0.13513267,0.32688844,0.45610952
2326,0.2570958,0.20728771,0.59211,0.13845062,0.34818828,0.47299075
2327,0.25642607,0.21352538,0.57768553,0.094247155,0.42141232,0.5090362
2328,0.28436866,0.22184831,0.60778993,0.09068081,0.43074903,0.5102985
2329,0.2820411,0.21675327,0.5785777,0.0995764,0.4053375,0.50096166
2330,0.26129043,0.22185725,0.6015118,0.11754764,0.38856122,0.4904657
2331,0.28377253,0.21697475,0.5653369,0.10800061,0.4002784,0.496233
2332,0.26292628,0.22925305,0.58392906,0.10606052,0.41678816,0.51987404
2333,0.25341117,0.20827916,0.60120183,0.1326827,0.31903985,0.45624202
2334,0.29295534,0.23405626,0.6124709,0.09862076,0.42235008,0.5069364
2335,0.2695388,0.21917811,0.5850414,0.097010285,0.4158061,0.504509
2336,0.27205265,0.2191339,0.56516767,0.112669475,0.38749173,0.49002975
2337,0.25606048,0.20868957,0.6099211,0.1397666,0.3389039,0.46392483
2338,0.2605655,0.2116292,0.6048131,0.1337378,0.3573541,0.4788626
2339,0.2682349,0.22043678,0.5742843,0.12050834,0.3823994,0.4890313
2340,0.27447706,0.22113457,0.59171224,0.09462252,0.39493945,0.5003313
2341,0.29899377,0.25173467,0.61941767,0.11958209,0.44516236,0.540208
2342,0.24864666,0.203728,0.60402966,0.13212495,0.31989232,0.46164545
2343,0.27506822,0.21944684,0.59789264,0.0912247,0.41799188,0.50639284
2344,0.2644086,0.22109565,0.57959765,0.105777934,0.38639072,0.4901966
2345,0.26042137,0.21752793,0.58647823,0.13147841,0.36982504,0.4883184
2346,0.29840422,0.243221,0.62433857,0.10896212,0.42973465,0.52467847
2347,0.2845754,0.20845181,0.5909876,0.14708292,0.4955194,0.529493
2348,0.27358192,0.22269437,0.5554826,0.17426485,0.4505437,0.52280396
2349,0.2768212,0.2420515,0.5861031,0.17447615,0.450024,0.52917624
2350,0.2944693,0.18722227,0.59627366,0.109825954,0.46105438,0.5007787
2351,0.25501055,0.23840787,0.5956759,0.17943136,0.39652765,0.5348472
2352,0.29144692,0.18362777,0.54394484,0.11493272,0.48519015,0.5250192
2353,0.27642274,0.17935722,0.56722945,0.10899283,0.47538254,0.52256405
2354,0.26048198,0.21901304,0.57297814,0.18276231,0.41459456,0.52666384
2355,0.25834945,0.2246801,0.5588111,0.18827237,0.40628967,0.52746236
2356,0.2785683,0.18100575,0.5290603,0.12136231,0.4831758,0.54456544
2357,0.264307,0.18040389,0.5229385,0.13730383,0.45822462,0.5165348
2358,0.2613354,0.23620968,0.55889744,0.18661122,0.39178112,0.52046597
2359,0.25632465,0.22910726,0.5529077,0.19444764,0.43391302,0.53647107
2360,0.2815537,0.22761211,0.6309011,0.1298807,0.47526172,0.5020359
2361,0.2587688,0.21619338,0.5498851,0.19150616,0.4087323,0.5293233
2362,0.26307297,0.19018531,0.534163,0.14666429,0.44925863,0.51347834
2363,0.25053397,0.23265052,0.59396875,0.17973413,0.40654448,0.5380505
2364,0.26443213,0.24347283,0.59703994,0.18689638,0.38768935,0.52840436
2365,0.29394808,0.18920733,0.60916895,0.110025324,0.46982577,0.50664985
2366,0.25637054,0.18476975,0.5274663,0.14948505,0.45429498,0.5203947
2367,0.27331194,0.21726581,0.5518441,0.181012,0.43888766,0.51069117
2368,0.2544774,0.21343619,0.5563035,0.18530296,0.3992289,0.51017654
2369,0.28338885,0.25561208,0.5769071,0.18371765,0.38037652,0.50579417
2370,0.2808396,0.2200126,0.61378276,0.12895149,0.4644403,0.50612664
2371,0.27815214,0.17819485,0.5247217,0.12068492,0.49752477,0.5370451
2372,0.25593713,0.23633535,0.56843805,0.1946576,0.42624214,0.5359552
2373,0.29349375,0.20549121,0.6085212,0.12462504,0.45503592,0.49677378
2374,0.26988918,0.22904406,0.5597061,0.1829963,0.43324494,0.52021956
2375,0.26004747,0.23107086,0.6076047,0.17403115,0.41182917,0.5335501
2376,0.26152796,0.19123173,0.5365936,0.16223389,0.4458092,0.51000464
2377,0.2828069,0.18668243,0.5370088,0.12954691,0.48373204,0.5396482
2378,0.24975836,0.21825495,0.5552063,0.1819945,0.41214925,0.52542114
2379,0.28845853,0.23086205,0.6161573,0.14810896,0.45594907,0.51186347
2380,0.2614887,0.24249223,0.56695914,0.19640929,0.42023936,0.54049826
2381,0.27763346,0.23144735,0.5717586,0.17173877,0.47141773,0.54754525
2382,0.28972885,0.18956682,0.60527277,0.114634775,0.47947973,0.5156918
2383,0.25399038,0.21445109,0.5492136,0.19007102,0.40391243,0.522509
2384,0.29405084,0.18470491,0.5899042,0.10927479,0.45741424,0.49807435
2385,0.2855988,0.25479993,0.59919375,0.17606518,0.42575276,0.52063704
2386,0.26484063,0.23646234,0.573718,0.18308565,0.3844745,0.5146022
2387,0.29127988,0.1763451,0.55891,0.10384951,0.47242007,0.5016987
2388,0.27374995,0.20697145,0.5360182,0.16665742,0.44675574,0.510187
2389,0.26243013,0.24235278,0.5814036,0.1882316,0.38416573,0.5217324
2390,0.27253884,0.1809766,0.5667095,0.11828472,0.48383665,0.5180458
2391,0.26505762,0.24039362,0.60379106,0.17825437,0.38646522,0.5156934
2392,0.2572215,0.19520837,0.5401149,0.16429867,0.4400167,0.50843245
2393,0.25270653,0.22906078,0.5595646,0.19019252,0.4250009,0.5328875
2394,0.2869645,0.19884303,0.5953723,0.12306026,0.46246642,0.5073424
2395,0.2860236,0.1895622,0.5359987,0.123763576,0.4885788,0.5389816
2396,0.26620027,0.24620488,0.5664133,0.19818145,0.41004917,0.5418216
2397,0.28587455,0.19344467,0.5862912,0.11909284,0.46704108,0.50868773
2398,0.28381917,0.2440884,0.6183371,0.14948243,0.46912143,0.5125147
2399,0.26896533,0.18288854,0.52428454,0.13387953,0.46236178,0.51795816
2400,0.27223223,0.24778283,0.56459177,0.18451178,0.43001097,0.53876966
2401,0.2613868,0.23332939,0.6114602,0.17660458,0.3946908,0.5134426
2402,0.2800086,0.19445996,0.5947967,0.12379681,0.5029225,0.5312619
2403,0.28910518,0.190562,0.6070416,0.110154115,0.4817397,0.5207909
2404,0.26124176,0.23939866,0.57233614,0.17988802,0.38375896,0.52225596
2405,0.27205956,0.19321345,0.5597683,0.13250817,0.47329876,0.5213806
2406,0.29241595,0.17600673,0.5735827,0.11037771,0.4530357,0.4897587
2407,0.2570016,0.21710336,0.5661374,0.18432875,0.40826708,0.52243495
2408,0.28806552,0.20506813,0.6066548,0.13143979,0.49475273,0.52270824
2409,0.27666214,0.1816007,0.52431566,0.12353168,0.50035304,0.5423177
2410,0.2696103,0.21470043,0.5424923,0.17480582,0.44249713,0.5111202
2411,0.28576607,0.25012314,0.6118417,0.16608557,0.44798833,0.52096945
2412,0.26500627,0.23719564,0.56131667,0.18190193,0.43712536,0.54017246
2413,0.29176357,0.18533297,0.57459843,0.10616914,0.46395367,0.50551015
2414,0.2741741,0.22075564,0.5500216,0.17660137,0.4341955,0.506247
2415,0.2737764,0.24182822,0.5633652,0.18078434,0.44865274,0.5492648
2416,0.2484702,0.22272284,0.5572706,0.1874019,0.42178485,0.53622955
2417,0.2737844,0.2503491,0.5895274,0.1893859,0.3778073,0.51304233
2418,0.26931953,0.1795383,0.54933447,0.116065785,0.47186038,0.52994454
2419,0.2621188,0.24296369,0.5584147,0.19177553,0.41032583,0.54133636
2420,0.25851193,0.23902322,0.5665827,0.1940636,0.43294767,0.53627825
2421,0.2902471,0.18967342,0.5982103,0.10773802,0.467036,0.508264
2422,0.26376826,0.2326298,0.6110007,0.16990645,0.40334427,0.5151539
2423,0.25790775,0.19311503,0.5345346,0.15878798,0.44691578,0.5191562
2424,0.2754096,0.23295748,0.5910314,0.16455995,0.46607307,0.5296843
2425,0.28790504,0.19133177,0.59166855,0.116870224,0.47118822,0.50775874
2426,0.2581206,0.23235534,0.60134494,0.17853966,0.4024794,0.5273274
2427,0.28716394,0.23553938,0.6381234,0.13035145,0.48389402,0.50556207
2428,0.2812037,0.18788701,0.52834976,0.12547247,0.49424008,0.53836656
2429,0.2673106,0.2407317,0.5709668,0.1927073,0.39962527,0.534969
2430,0.28240988,0.19172636,0.5979698,0.11558494,0.48496097,0.5242461
2431,0.27631402,0.20836036,0.5627399,0.1499524,0.48392054,0.52273923
2432,0.28984994,0.24283278,0.61537313,0.14989166,0.4562083,0.49878722
2433,0.24935578,0.2163614,0.5571972,0.18775472,0.40233636,0.5201151
2434,0.29350436,0.18902382,0.586125,0.10565972,0.45980725,0.5018935
2435,0.2611149,0.1860378,0.5329806,0.13726766,0.46525076,0.5267646
2436,0.2747414,0.21620771,0.5457021,0.17534746,0.44265276,0.51259625
2437,0.26923805,0.17687096,0.54483455,0.12118441,0.46448484,0.52319247
2438,0.2793482,0.24138685,0.5599573,0.17955822,0.4463496,0.53878987
2439,0.2638978,0.24133961,0.59501344,0.18490966,0.38915887,0.52778447
2440,0.25943825,0.18497416,0.5351459,0.1316964,0.4676925,0.526401
2441,0.28772855,0.17881893,0.57036734,0.11035815,0.45853174,0.5033666
2442,0.26464915,0.22904009,0.5794601,0.1760263,0.37950608,0.49364844
2443,0.2838426,0.17604703,0.55070287,0.11003802,0.468051,0.516783
2444,0.24930911,0.22099966,0.55777854,0.1865439,0.41480023,0.5295581
2445,0.28619593,0.23898363,0.6325518,0.13602439,0.47869223,0.50929445
2446,0.25878274,0.18942052,0.5356455,0.14221802,0.4630743,0.5325563
2447,0.2620335,0.18652362,0.5262061,0.15017347,0.44357696,0.5012573
2448,0.2726539,0.23918006,0.56694907,0.18035787,0.43192926,0.52181375
2449,0.2905802,0.21852213,0.6164669,0.13989878,0.46815854,0.512275
2450,0.2899741,0.18188742,0.58195996,0.11284484,0.45480496,0.49728495
2451,0.25588322,0.23396778,0.56166655,0.1948627,0.41716117,0.53358805
2452,0.2814611,0.24697329,0.5876007,0.1676911,0.44016218,0.5185778
2453,0.2730077,0.18127468,0.5565039,0.11656617,0.4742918,0.52013564
2454,0.26449728,0.23837565,0.5419049,0.1796689,0.410103,0.53548354
2455,0.2741727,0.18467267,0.51307845,0.13543753,0.48299873,0.53700143
2456,0.26059884,0.22036913,0.5658394,0.1827594,0.4003846,0.51502717
2457,0.28087255,0.1882476,0.5914324,0.117689736,0.4872674,0.52568144
2458,0.2608893,0.23809738,0.55806005,0.18662408,0.41360497,0.5354835
2459,0.27478734,0.19132319,0.5843141,0.13028724,0.49336562,0.52145994
2460,0.2689522,0.17652631,0.5317763,0.12189261,0.47238827,0.5190095
2461,0.28258473,0.22627866,0.601341,0.15332322,0.47732344,0.526122
2462,0.26023442,0.18732591,0.53683406,0.13624218,0.46529582,0.5300685
2463,0.2718734,0.18302011,0.57946473,0.120507404,0.50131714,0.5323303
2464,0.27738962,0.23457384,0.5637449,0.17500535,0.44435534,0.52974534
2465,0.2673999,0.1826331,0.540969,0.121443704,0.4747535,0.5290834
2466,0.26894262,0.24505673,0.5724731,0.19120716,0.42736256,0.53294504
2467,0.26467457,0.23469931,0.5388401,0.18041219,0.40747893,0.5266949
2468,0.26779288,0.22701092,0.5713935,0.18597408,0.38751632,0.51081264
2469,0.28284594,0.21793637,0.593804,0.1548179,0.48432225,0.5300091
2470,0.25447983,0.21494439,0.55152184,0.19288725,0.410325,0.5294268
2471,0.28017485,0.20357755,0.54605424,0.14521977,0.4554602,0.51137567
2472,0.28872323,0.19404566,0.5921221,0.12036143,0.46366346,0.49906427
2473,0.2758019,0.18379594,0.5886369,0.115613446,0.4994638,0.53272206
2474,0.287044,0.18368226,0.60648715,0.10953848,0.4726181,0.51448464
2475,0.2897783,0.23772472,0.63624245,0.14075257,0.4674894,0.5012506
2476,0.29237232,0.17822254,0.5703231,0.10892861,0.46398,0.5010243
2477,0.27464548,0.19255035,0.56703454,0.1270096,0.47829753,0.5167016
2478,0.29188,0.18579258,0.6059583,0.11251568,0.4723305,0.50988334
2479,0.2703647,0.24299367,0.549118,0.18325734,0.42017278,0.5420416
2480,0.27558082,0.22935204,0.5830469,0.16805783,0.4770933,0.5442445
2481,0.273215,0.17382053,0.5281731,0.114197396,0.48870912,0.5257997
2482,0.27484006,0.24030936,0.56779975,0.18375345,0.4320972,0.52598774
2483,0.26841617,0.18345484,0.5473033,0.12567738,0.46780726,0.51754785
2484,0.28400275,0.18353108,0.58308995,0.11044814,0.45866328,0.5023856
2485,0.27855283,0.21119094,0.5369352,0.16354729,0.44692904,0.5107676
2486,0.28761432,0.18031603,0.54122937,0.11510651,0.49108368,0.52604955
2487,0.25393137,0.2342296,0.59087753,0.18145199,0.3957485,0.53044474
2488,0.26448706,0.25067738,0.56564134,0.19569857,0.41695613,0.54594105
2489,0.27200603,0.23931628,0.573618,0.1775029,0.451687,0.5424721
2490,0.26361373,0.24431095,0.57006663,0.19534022,0.40550622,0.54619694
2491,0.28835797,0.19301134,0.5948011,0.11989898,0.4765713,0.5068027
2492,0.26134622,0.22759023,0.59259,0.17272952,0.3990479,0.506902
2493,0.28115723,0.2084204,0.5459443,0.15500423,0.45783758,0.5133816
2494,0.26028112,0.1836648,0.53936124,0.12710378,0.47386718,0.53731334
2495,0.2764852,0.24441618,0.5709653,0.17829818,0.43396682,0.52762467
2496,0.2807125,0.17975444,0.5794559,0.1069535,0.46119803,0.508428
2497,0.27606654,0.18033548,0.57739925,0.11123097,0.49065885,0.5218057
2498,0.2753981,0.18966687,0.5146522,0.13944644,0.49421984,0.5447877
2499,0.27983657,0.20230818,0.5775417,0.1431902,0.49075451,0.52585477
2500,0.29035535,0.2291348,0.63575256,0.13880034,0.4638202,0.5043175
2501,0.24777803,0.21592312,0.5547076,0.18995643,0.4087768,0.526149
2502,0.27027726,0.18888426,0.5375025,0.13678694,0.4602536,0.51232576
2503,0.28575498,0.1829083,0.59541786,0.10829239,0.48348182,0.5197456
2504,0.27125013,0.175382,0.55294013,0.1110841,0.46009007,0.5153906
2505,0.272585,0.17320171,0.5409266,0.11482943,0.46918756,0.52008384
2506,0.29094234,0.21775149,0.6236318,0.13507012,0.4582001,0.5052422
2507,0.27187255,0.25003514,0.5690664,0.19216269,0.42236322,0.53946126
2508,0.27697635,0.21551114,0.575411,0.15833057,0.48822036,0.53916
2509,0.26333153,0.24142832,0.5611942,0.18209824,0.39323252,0.5311293
2510,0.29323196,0.18578094,0.59657335,0.10919913,0.45991337,0.5007621
2511,0.2692168,0.24748379,0.56043184,0.1863103,0.43063378,0.5465252
2512,0.28064173,0.2033153,0.55879426,0.13945687,0.4725979,0.5162227
2513,0.26163238,0.18224864,0.5396414,0.13109581,0.47190696,0.5339246
2514,0.27381945,0.23781756,0.5450507,0.18068035,0.4185331,0.52857774
2515,0.26079464,0.18502384,0.52796173,0.1383263,0.45262778,0.5053183
2516,0.29126212,0.1861546,0.5486276,0.12033139,0.48516643,0.5292089
2517,0.25830948,0.23459019,0.5511923,0.18283603,0.39878398,0.52833724
2518,0.26274195,0.23793712,0.5543653,0.1740457,0.38630003,0.5240933
2519,0.26623893,0.23844132,0.58791125,0.17162648,0.37646186,0.5011023
2520,0.28216666,0.1752274,0.54274106,0.10927767,0.4929551,0.5252816
2521,0.28148073,0.24937943,0.56878394,0.1806001,0.39933813,0.51169723
2522,0.29078156,0.20718037,0.61466265,0.1292811,0.46870685,0.5066434
2523,0.27694,0.21395816,0.5551825,0.15930596,0.4685213,0.52065724
2524,0.27584767,0.19666353,0.5333936,0.14853656,0.4412883,0.4977054
2525,0.24758826,0.22433999,0.55855644,0.19117567,0.4158004,0.5357123
2526,0.28737,0.21142252,0.60456425,0.12613069,0.46019927,0.5037727
2527,0.2702874,0.17600651,0.53900176,0.11918582,0.4783285,0.52411574
2528,0.27349848,0.22670308,0.564514,0.16799152,0.4719147,0.5433472
2529,0.2698586,0.18058722,0.51701015,0.12725548,0.47750092,0.53075314
2530,0.26369077,0.23759381,0.56231385,0.19576886,0.40903196,0.530507
2531,0.26388684,0.22744852,0.5890328,0.1742954,0.3902301,0.49784163
2532,0.28657544,0.18203399,0.5550004,0.1161362,0.49440357,0.54056764
2533,0.28703225,0.18444546,0.54870355,0.119933724,0.4940682,0.5433293
2534,0.28772417,0.17615558,0.55724025,0.107903786,0.472916,0.50813514
2535,0.29281095,0.17653468,0.56752723,0.10628164,0.4595875,0.49130514
2536,0.28591946,0.17607144,0.55685127,0.11014841,0.47043392,0.5064553
2537,0.28699288,0.17804171,0.5576954,0.11216935,0.4820956,0.520599
2538,0.29306176,0.1813577,0.570838,0.11000134,0.47310707,0.51331425
2539,0.29042816,0.18215744,0.5682715,0.1083255,0.47067186,0.51107526
2540,0.2909415,0.17982836,0.5563527,0.110930815,0.4833129,0.53134733
2541,0.28916904,0.18317524,0.5482339,0.11667076,0.48685616,0.53900087
2542,0.29070967,0.17990662,0.55340356,0.11192566,0.48147565,0.5317052
2543,0.28331834,0.17391148,0.5387334,0.113267645,0.5015695,0.53436494
2544,0.28438756,0.17320654,0.54430413,0.10919808,0.49793196,0.5279965
2545,0.2881234,0.17955568,0.55384946,0.11534461,0.48832816,0.5291246
2546,0.28509665,0.17869636,0.55232257,0.11116514,0.48802865,0.5220212
2547,0.2880687,0.17782131,0.55140483,0.11015092,0.48913053,0.5198585
2548,0.2865897,0.17524587,0.55336297,0.10638232,0.48977622,0.5190217
2549,0.2825584,0.24416974,0.5932523,0.16570705,0.44739968,0.51793355
2550,0.28171104,0.24166687,0.603667,0.16193151,0.4574999,0.5184204
2551,0.28223535,0.23875712,0.60795486,0.15986675,0.45973796,0.5178311
2552,0.28510725,0.235248,0.6204371,0.15146972,0.46189243,0.511521
2553,0.28741822,0.1895945,0.5369262,0.12625092,0.48461327,0.5341095
2554,0.28263676,0.19168058,0.5315728,0.13188158,0.48354584,0.53944796
2555,0.27846068,0.22885329,0.57480055,0.15596676,0.4351647,0.591787
2556,0.2871335,0.23240055,0.59496605,0.13675167,0.4964378,0.52187896
2557,0.26686698,0.23432064,0.58471286,0.1483213,0.45290607,0.5799625
2558,0.29290918,0.24999487,0.6121545,0.14054663,0.43700728,0.55079365
2559,0.24465239,0.19029006,0.5321188,0.16286232,0.4796761,0.652015
2560,0.24915066,0.23836972,0.7237907,0.13368851,0.5220015,0.5949876
2561,0.24448465,0.25170177,0.6507097,0.1403045,0.4261985,0.5622503
2562,0.28367713,0.19155508,0.58789545,0.110889636,0.4830511,0.5261732
2563,0.29205596,0.18664247,0.57136416,0.10677577,0.46709237,0.51147604
2564,0.29155973,0.2288934,0.66134745,0.14189911,0.4658572,0.5967213
2565,0.25487185,0.2470049,0.6874072,0.14575629,0.5010648,0.59855497
2566,0.27827734,0.1928663,0.58240616,0.11460243,0.48468384,0.52668613
2567,0.2948005,0.266761,0.60808516,0.18076174,0.3801204,0.50738996
2568,0.23551716,0.18542296,0.5089302,0.15742865,0.46210808,0.6418123
2569,0.29279417,0.20734999,0.57770413,0.09888185,0.42068082,0.4994322
2570,0.29032165,0.2240323,0.5994512,0.12155487,0.48477545,0.5085231
2571,0.29607528,0.23070806,0.61490184,0.099543214,0.43865454,0.51258445
2572,0.3049338,0.24989417,0.633669,0.11775674,0.4548412,0.5319977
2573,0.25031787,0.23769906,0.60148275,0.17285338,0.4026141,0.54505867
2574,0.29535356,0.23563194,0.6785059,0.14235151,0.4669261,0.559744
2575,0.29923254,0.2588355,0.62688875,0.18510795,0.4405986,0.5633921
2576,0.2905881,0.18856925,0.57891786,0.105422854,0.46319416,0.50874615
2577,0.23622616,0.1962074,0.5421909,0.15336208,0.45677948,0.6114163
2578,0.29027346,0.22855404,0.6679902,0.13482903,0.46442658,0.5563592
2579,0.24881954,0.23570327,0.7227022,0.13867688,0.5164553,0.59264624
2580,0.29720736,0.23845524,0.5771987,0.18677658,0.44920188,0.6148671
2581,0.28849488,0.24412423,0.6222966,0.15147327,0.45747793,0.6071248
2582,0.26236188,0.24128747,0.60274315,0.1582976,0.46346304,0.5922944
2583,0.28848386,0.20030056,0.5820492,0.11795804,0.45907944,0.5041268
2584,0.29525357,0.2708846,0.6313444,0.18233614,0.4037962,0.5257836
2585,0.24380696,0.2522753,0.6536721,0.14751878,0.4349937,0.5654417
2586,0.2993477,0.24416503,0.6573824,0.14370462,0.46554187,0.5663507
2587,0.24470782,0.20755799,0.5602563,0.15065005,0.44088134,0.6011521
2588,0.30711067,0.24778034,0.6007604,0.15213992,0.43049115,0.53455126
2589,0.2877006,0.23393959,0.58997333,0.15138642,0.48259044,0.54252577
2590,0.26480448,0.22880346,0.559258,0.16254914,0.42809114,0.5905599
2591,0.2537475,0.19942968,0.5785882,0.14603852,0.46237358,0.57278776
2592,0.30319643,0.24103907,0.6263199,0.108716354,0.4423843,0.5186004
2593,0.28166324,0.21462868,0.6011378,0.12546116,0.46808773,0.5099831
2594,0.29335883,0.20672473,0.5781147,0.10391405,0.45613447,0.50628
2595,0.24965423,0.25035638,0.66840994,0.15769371,0.47414538,0.58818877
2596,0.2824127,0.23202087,0.60242176,0.1321959,0.50382787,0.52023935
2597,0.2864582,0.2475039,0.6086821,0.1525192,0.43301547,0.56115377
2598,0.25787085,0.24462572,0.6063171,0.17907855,0.39743558,0.54463005
2599,0.2954055,0.24237788,0.646653,0.138716,0.44932452,0.5769579
2600,0.29989126,0.2273485,0.6107137,0.09708863,0.43487516,0.5116464
2601,0.24934791,0.21400076,0.57469577,0.15155485,0.4434159,0.5971686
2602,0.28497112,0.19827735,0.56490856,0.10612719,0.45339158,0.51392734
2603,0.24692363,0.2538231,0.66559327,0.15240471,0.45984897,0.58323574
2604,0.2923072,0.23810276,0.576233,0.17466252,0.4503799,0.6380752
2605,0.25323185,0.19846842,0.5678213,0.15874699,0.48172137,0.6307433
2606,0.29988238,0.26145628,0.62869465,0.17194238,0.43237445,0.53347385
2607,0.28857455,0.20666346,0.5868642,0.12069844,0.4586648,0.5031585
2608,0.2711215,0.23237014,0.57780147,0.15131003,0.433528,0.5780987
2609,0.26176137,0.24228343,0.680683,0.14216244,0.4761929,0.57648134
2610,0.28566527,0.22570091,0.6019926,0.12562588,0.50582916,0.52436054
2611,0.24346256,0.23938641,0.6128746,0.1617094,0.41231954,0.55933595
2612,0.25426584,0.2375844,0.68345505,0.160635,0.50963515,0.6653105
2613,0.28279933,0.19983967,0.5675328,0.10951552,0.46409738,0.5151374
2614,0.30297437,0.25359428,0.62116265,0.12685159,0.44841364,0.54051477
2615,0.29369065,0.22736546,0.6575032,0.13214566,0.43627915,0.5195613
2616,0.28356555,0.24366546,0.6077027,0.16498855,0.44443482,0.5824753
2617,0.2820326,0.22693972,0.6164255,0.123150766,0.5038705,0.5187561
2618,0.3007486,0.24339263,0.5832529,0.1798448,0.4491288,0.584682
2619,0.24160871,0.19845252,0.52442104,0.15908477,0.43170118,0.61187536
2620,0.24550629,0.2501476,0.6681484,0.16261448,0.4778731,0.5954968
2621,0.30614218,0.23848736,0.5800998,0.18721251,0.4332766,0.63173056
2622,0.2629702,0.20211315,0.5724049,0.14094114,0.4429071,0.544665
2623,0.26555985,0.23524389,0.58535135,0.1485984,0.4538019,0.583735
2624,0.28522357,0.19202253,0.57423574,0.10748935,0.4711219,0.5136827
2625,0.28774267,0.23985867,0.60560757,0.13973102,0.4849406,0.5204291
2626,0.28362226,0.21874194,0.6128703,0.14463028,0.42948464,0.5237125
2627,0.26018527,0.23136736,0.6181805,0.15917234,0.45657158,0.60381365
2628,0.2556553,0.24304798,0.6907213,0.14097154,0.49468234,0.5892712
2629,0.2725253,0.25602457,0.63263947,0.19468576,0.40061864,0.5504448
2630,0.29436857,0.2290604,0.6697689,0.13305977,0.45290208,0.53455305
2631,0.30289948,0.23012748,0.586575,0.115841225,0.4640358,0.510749
2632,0.23946032,0.20135677,0.5499619,0.15074177,0.45278767,0.60602295
2633,0.27467936,0.2355577,0.6027017,0.14406295,0.45904586,0.58661467
2634,0.24533132,0.25117904,0.64933354,0.16012532,0.4793616,0.61816615
2635,0.2985062,0.24529898,0.59035575,0.17210644,0.447595,0.6229967
2636,0.28980696,0.19393471,0.56616557,0.106346026,0.4569701,0.5090442
2637,0.2595619,0.24106899,0.66815054,0.15971337,0.49455175,0.63733965
2638,0.2857959,0.22980432,0.58813703,0.13238794,0.50421107,0.5298383
2639,0.29830754,0.24124417,0.5922311,0.13246638,0.48947075,0.53147984
2640,0.27981302,0.24088247,0.6019017,0.16849789,0.4560898,0.6027894
2641,0.27242717,0.22829692,0.6244382,0.13984853,0.47801518,0.60517126
2642,0.28616944,0.20308438,0.5607708,0.10249314,0.43477556,0.5063609
2643,0.26593143,0.2472326,0.60802996,0.18568468,0.39248526,0.5440961
2644,0.3057197,0.23200068,0.59002364,0.10913956,0.4437317,0.5071252
2645,0.27563584,0.23391978,0.61823124,0.14266524,0.46007502,0.58583134
2646,0.28828728,0.2652936,0.62616754,0.19006729,0.37720376,0.51798666
2647,0.27933124,0.22472614,0.616922,0.122709036,0.47889036,0.5016104
2648,0.28285775,0.22317362,0.6082841,0.15115488,0.4544199,0.58885664
2649,0.23766038,0.24463241,0.6588669,0.162268,0.48887327,0.60784537
2650,0.26608938,0.22761449,0.57698953,0.18911897,0.450675,0.6348659
2651,0.29166335,0.23864785,0.59261864,0.15271609,0.47373778,0.56140214
2652,0.24411015,0.24334225,0.61980647,0.14870095,0.41136238,0.5523032
2653,0.25366634,0.2393974,0.7155138,0.15143628,0.5116113,0.6140061
2654,0.25106257,0.19364716,0.56655645,0.15018938,0.48512104,0.60408163
2655,0.28345987,0.23055738,0.5712529,0.199799,0.46043828,0.6363839
2656,0.30675602,0.24371032,0.6170488,0.1169618,0.45636752,0.5226003
2657,0.25847644,0.23049554,0.57119733,0.1592887,0.4366967,0.59444404
2658,0.30729473,0.24422947,0.67144674,0.13448563,0.45095193,0.5563161
2659,0.29513812,0.21495938,0.60304785,0.09598455,0.4232575,0.5038582
2660,0.26404226,0.22870731,0.5838768,0.15661266,0.42717963,0.58450973
2661,0.28685725,0.21494186,0.5919868,0.12040311,0.4642744,0.5023869
2662,0.27801138,0.22643226,0.57010293,0.19466321,0.45384294,0.6343691
2663,0.28088322,0.1962558,0.5652436,0.11353323,0.46503618,0.5079781
2664,0.2489031,0.25329745,0.674177,0.15886836,0.4727464,0.5925674
2665,0.2894021,0.2396682,0.57999814,0.16672933,0.43122393,0.6025148
2666,0.26645344,0.22931096,0.5759259,0.1570965,0.4281922,0.6080024
2667,0.28565902,0.21273421,0.5816417,0.09993288,0.42046803,0.5061387
2668,0.29409757,0.23072588,0.6708363,0.14031586,0.471609,0.5717541
2669,0.30127144,0.2461519,0.60493064,0.14753893,0.4744001,0.54926085
2670,0.25904015,0.24230269,0.685684,0.15324952,0.49467152,0.6169969
2671,0.2873664,0.19374788,0.5638362,0.1084331,0.46712995,0.5215232
2672,0.26164865,0.24503328,0.60730094,0.18642548,0.41937178,0.5819241
2673,0.29213127,0.24712306,0.59874314,0.16088666,0.44676304,0.59904605
2674,0.264148,0.23229116,0.57197696,0.15543428,0.4357337,0.60243607
2675,0.2913345,0.24527203,0.59303683,0.16825265,0.43940178,0.59105873
2676,0.27207932,0.23518209,0.5951456,0.14571717,0.45402354,0.5799399
2677,0.26388684,0.25277734,0.6342769,0.16549358,0.47421995,0.60175157
2678,0.29065433,0.23270449,0.67931104,0.13979715,0.47295672,0.5669851
2679,0.2803207,0.26400936,0.6441953,0.19786485,0.39940292,0.55427396
2680,0.25077772,0.24691194,0.67395276,0.15527797,0.49793577,0.5980391
2681,0.2545597,0.23126999,0.637289,0.16218755,0.48889333,0.64636296
2682,0.29806492,0.21106595,0.58710766,0.102737024,0.4471035,0.51050913
2683,0.30362713,0.24052975,0.68078494,0.13903508,0.46200585,0.5681476
2684,0.24017268,0.20029569,0.5329307,0.15056981,0.43254966,0.59687555
2685,0.29009318,0.23267819,0.5692509,0.17665672,0.43523914,0.6265241
2686,0.2883686,0.20355615,0.568695,0.102860466,0.4424535,0.50998074
2687,0.28881794,0.24569204,0.6009344,0.15975623,0.43492073,0.56594443
2688,0.2991156,0.26331973,0.6279643,0.18111071,0.4228956,0.5485592
2689,0.24235235,0.18924826,0.5189701,0.1598927,0.4580398,0.64524585
2690,0.29395604,0.21867976,0.5719695,0.113052666,0.45524603,0.506104
2691,0.27107686,0.21602345,0.5648737,0.15541765,0.4522547,0.61395067
2692,0.2814821,0.22767085,0.6241949,0.12631303,0.4873811,0.5063051
2693,0.29956207,0.24893314,0.6099393,0.14484698,0.42989784,0.5376052
2694,0.2923513,0.25435552,0.6219851,0.1614635,0.45437276,0.52567685
2695,0.25556907,0.24815977,0.62744445,0.16274743,0.42495877,0.5852397
2696,0.2719708,0.2553723,0.66437215,0.1545865,0.46489373,0.56956464
2697,0.25751466,0.24244805,0.700343,0.15720344,0.50514597,0.6306113
2698,0.27882835,0.22431283,0.61669904,0.1411007,0.47461426,0.61428714
2699,0.29502633,0.2498069,0.6183175,0.13228694,0.44718018,0.5474146
2700,0.26921493,0.23649234,0.588554,0.14500542,0.45428577,0.5783673
2701,0.29785225,0.21776062,0.6100898,0.09388225,0.43240133,0.50725913
2702,0.24493568,0.24299927,0.6746602,0.15210077,0.503476,0.6005419
2703,0.29375365,0.20639598,0.57198846,0.101628564,0.43304175,0.5059963
2704,0.26334068,0.22711608,0.554412,0.1595848,0.42508358,0.5851555
2705,0.2760595,0.21441814,0.6110147,0.14515814,0.4579448,0.5750632
2706,0.2849357,0.21961974,0.6075607,0.120488554,0.47048053,0.4966486
2707,0.27890438,0.26002887,0.6335735,0.18964359,0.38719225,0.5401149
2708,0.28973305,0.23699215,0.63372886,0.14150131,0.45802683,0.5842985
2709,0.31168878,0.25205413,0.606444,0.13406155,0.4493502,0.5312203
2710,0.2351636,0.1896288,0.5072211,0.15882769,0.4365787,0.6196315
2711,0.30290014,0.25079894,0.5994299,0.16075277,0.4234003,0.5804446
2712,0.30891937,0.252224,0.62178695,0.12579465,0.45649678,0.5310968
2713,0.2971918,0.23384094,0.58982956,0.11788565,0.4730751,0.5257006
2714,0.2921398,0.22431403,0.6510272,0.14011472,0.44662634,0.5488369
2715,0.2681075,0.2308169,0.56979144,0.15586872,0.42455956,0.6059427
2716,0.29743198,0.24378125,0.64098555,0.14161974,0.4487164,0.5752895
2717,0.2918488,0.19752169,0.5755769,0.10476581,0.46108985,0.5090512
2718,0.25275287,0.24463575,0.60958874,0.17436478,0.4214212,0.5789622
2719,0.2800687,0.23060334,0.5555049,0.16372985,0.4203094,0.5909494
2720,0.30475587,0.24460992,0.58140135,0.18184218,0.43034273,0.6063043
2721,0.2565551,0.21771343,0.565356,0.15372261,0.42535344,0.5917653
2722,0.3034975,0.24407494,0.57897294,0.17659843,0.4273104,0.6072787
2723,0.26233065,0.2088758,0.56861174,0.14603125,0.4125094,0.51413697
2724,0.28863472,0.26487738,0.634336,0.19652928,0.41107228,0.55632377
2725,0.28722388,0.22609395,0.6098927,0.12106261,0.48444423,0.5032646
2726,0.2869717,0.19899058,0.5670588,0.10440523,0.45171267,0.5120577
2727,0.28845328,0.24392697,0.600609,0.15836674,0.45253623,0.6004801
2728,0.29452458,0.2426498,0.58118945,0.1672622,0.45968935,0.5746768
2729,0.3105301,0.25157547,0.610096,0.15890808,0.42293105,0.54227614
2730,0.25368708,0.21274288,0.5533569,0.15632933,0.4263236,0.60993767
2731,0.28550577,0.22143748,0.63444924,0.14622019,0.45585507,0.57656485
2732,0.27229017,0.23067383,0.5856902,0.20577317,0.45995128,0.64057684
2733,0.29416883,0.2396912,0.5555512,0.1647605,0.41129234,0.5927197
2734,0.25397494,0.25567105,0.6567129,0.16094385,0.47911763,0.6044526
2735,0.2889337,0.21464995,0.5755123,0.10702817,0.4557546,0.51352143
2736,0.2502733,0.24285564,0.6038804,0.17047314,0.41021708,0.5547664
2737,0.29980165,0.24743311,0.6080747,0.14955348,0.43607467,0.5689417
2738,0.24950434,0.23475224,0.6927367,0.14466114,0.50298,0.6010047
2739,0.2616615,0.22886038,0.5661683,0.15614326,0.44068378,0.589565
2740,0.29408056,0.26281834,0.62805784,0.17336887,0.4267214,0.5296399
2741,0.2582832,0.20466524,0.5372213,0.15646894,0.44173345,0.62381136
2742,0.25596762,0.24350047,0.7043602,0.13716602,0.5022986,0.5958593
2743,0.305399,0.23694979,0.6136342,0.10483091,0.44030148,0.51114213
2744,0.3064278,0.24851006,0.599816,0.17316733,0.43152058,0.57792294
2745,0.26254284,0.24111791,0.6313526,0.15027595,0.4635705,0.59078455
2746,0.29294944,0.23670566,0.56197953,0.17022054,0.42061552,0.60980505
2747,0.288472,0.2095905,0.57737184,0.11839579,0.46100235,0.5039375
2748,0.28526384,0.24312602,0.59200776,0.16638069,0.4471418,0.6037217
2749,0.2670705,0.2111735,0.58023536,0.15706569,0.46887043,0.6120212
2750,0.29034021,0.20144606,0.57193094,0.10357201,0.45579267,0.51258475
2751,0.255974,0.22256708,0.595675,0.15538898,0.44716686,0.59559524
2752,0.24043459,0.25404355,0.6576124,0.14430782,0.45641997,0.5865384
2753,0.2956744,0.22061214,0.5877209,0.11803076,0.46323043,0.507145
2754,0.2663216,0.24892414,0.63431907,0.15808511,0.46563524,0.58929574
2755,0.28823692,0.23684822,0.6583743,0.13671094,0.47539264,0.5867485
2756,0.25792667,0.24082643,0.5992371,0.178186,0.42895007,0.5981096
2757,0.28826886,0.24482095,0.5914159,0.16643192,0.4417179,0.5961467
2758,0.2944437,0.24474895,0.6037141,0.17269963,0.45738447,0.55910015
2759,0.26131564,0.25785893,0.6653532,0.16468616,0.48836824,0.6030647
2760,0.2911613,0.18939161,0.56463313,0.11042103,0.46659625,0.51218545
2761,0.27713975,0.2539459,0.6195495,0.20383018,0.43853942,0.59396386
2762,0.30151212,0.24363595,0.6488153,0.14024964,0.45538536,0.56441355
2763,0.26351213,0.2319175,0.5745096,0.15140273,0.4429818,0.5850755
2764,0.30168054,0.24708201,0.6062732,0.14479983,0.447295,0.54074275
2765,0.2845814,0.2425818,0.590729,0.1660693,0.4477324,0.59409034
2766,0.26973662,0.24144924,0.62546176,0.15255275,0.45177034,0.5933199
2767,0.28080562,0.23625469,0.58828497,0.2023878,0.47102326,0.6308851
2768,0.307222,0.2510383,0.6190006,0.13384897,0.4497171,0.53914434
2769,0.28484908,0.23394556,0.66576976,0.13934836,0.49467793,0.61102915
2770,0.29972604,0.2395438,0.68655336,0.13334335,0.48248056,0.5750596
2771,0.27038687,0.23040527,0.56771475,0.1806954,0.4417904,0.61974144
2772,0.2648471,0.22472157,0.57054436,0.15739027,0.4250632,0.60674894
2773,0.30499548,0.23885605,0.6085177,0.113251776,0.46243182,0.52263457
2774,0.2593847,0.2336817,0.5880223,0.15386736,0.45763433,0.58624256
2775,0.2809142,0.22621833,0.5995265,0.1272201,0.51113063,0.5255276
2776,0.30118102,0.24887325,0.61016846,0.15075406,0.43888295,0.5786742
2777,0.27973932,0.19561163,0.5745389,0.112018675,0.47497895,0.5191211
2778,0.29966715,0.24665327,0.626941,0.14334075,0.45125774,0.5656599
2779,0.24578223,0.2452096,0.631547,0.15779091,0.41662,0.5689469
2780,0.2997454,0.2744503,0.6479915,0.19260798,0.38785186,0.5347296
2781,0.2612949,0.2059787,0.59038246,0.14594923,0.454849,0.57174385
2782,0.26347154,0.25146392,0.6815476,0.15190937,0.48850426,0.5881355
2783,0.24304807,0.2501811,0.66524976,0.15599434,0.47488236,0.597059
2784,0.26069364,0.20185235,0.5391611,0.16047665,0.46441615,0.6353171
2785,0.2777569,0.20529619,0.5734307,0.11154429,0.4692331,0.51564145
2786,0.27489296,0.23421872,0.5667657,0.15516058,0.42414206,0.57026035
2787,0.2805652,0.24886602,0.6127491,0.19996817,0.4646704,0.6019212
2788,0.29945445,0.24001685,0.67416155,0.14071536,0.46516365,0.56893015
2789,0.30458128,0.24638164,0.60626084,0.12686285,0.46533722,0.52858454
2790,0.29120606,0.23358369,0.67862594,0.14065948,0.49437696,0.58724123
2791,0.25625104,0.25117266,0.6342567,0.17048438,0.48112825,0.6234927
2792,0.27612743,0.23357037,0.5618695,0.16736118,0.42516688,0.602668
2793,0.2642553,0.2495271,0.61220676,0.18433806,0.3972779,0.54504824
2794,0.28427026,0.18989372,0.58386624,0.10804499,0.47151244,0.5183034
2795,0.28813022,0.24656683,0.6073921,0.19148755,0.4612782,0.5862156
2796,0.29843956,0.2458846,0.58214223,0.17007235,0.42910463,0.5942548
2797,0.2969186,0.24787663,0.61329687,0.137852,0.44086772,0.54413223
2798,0.3029984,0.22071603,0.59103113,0.10520607,0.44389012,0.51476514
2799,0.25095528,0.2496257,0.67224604,0.15762715,0.49046195,0.5947756
2800,0.2669278,0.23599976,0.6013264,0.20561613,0.44988543,0.6252989
2801,0.27099416,0.23399866,0.6007012,0.14709067,0.44827515,0.59130245
2802,0.29091242,0.2231812,0.6014979,0.11828495,0.46281368,0.48991
2803,0.3001087,0.24413733,0.56865263,0.16431667,0.41007993,0.5851005
2804,0.28120816,0.23268664,0.6274309,0.12924656,0.5041094,0.5230001
2805,0.27038854,0.24825913,0.6568136,0.15230143,0.4562255,0.56958115
2806,0.24607927,0.24724641,0.62625253,0.16736041,0.48270407,0.62944597
2807,0.26375747,0.23896891,0.62822336,0.14992183,0.46703726,0.6049142
2808,0.2964745,0.2666761,0.63402015,0.1822097,0.4113306,0.5407681
2809,0.26527047,0.23814483,0.5852962,0.151388,0.45099998,0.5833039
2810,0.30229282,0.25873575,0.62261134,0.1702264,0.43882316,0.53547823
2811,0.27603167,0.22936027,0.558689,0.15712464,0.442781,0.61189574
2812,0.27296245,0.2146787,0.5915561,0.14930393,0.41523498,0.52019674
2813,0.26464874,0.21802004,0.5569928,0.15521474,0.42693052,0.6095762
2814,0.28780174,0.20364442,0.56283396,0.101806976,0.42942524,0.5051419
2815,0.30486655,0.25122514,0.5861354,0.16480497,0.42372006,0.59241647
2816,0.3047806,0.25458157,0.61702764,0.17301552,0.44075876,0.5471836
2817,0.26487792,0.2316711,0.59508467,0.1504154,0.45715916,0.5861448
2818,0.25683916,0.2502181,0.63133395,0.17050014,0.4864228,0.62198114
2819,0.2923149,0.24553287,0.5906738,0.16598743,0.443645,0.60870624
2820,0.29875585,0.2123427,0.59896797,0.09864946,0.43690452,0.51115745
2821,0.28077567,0.23738748,0.6150482,0.13596243,0.49241257,0.51985073
2822,0.26533562,0.20888145,0.58870965,0.14632636,0.44139248,0.55582935
2823,0.26360005,0.23900798,0.5996566,0.19802399,0.43566507,0.612255
2824,0.2683095,0.23327039,0.5922801,0.15561548,0.4349198,0.6017957
2825,0.2825141,0.23605263,0.6103767,0.14688352,0.44649208,0.59973395
2826,0.26565355,0.21044925,0.5957705,0.15015885,0.46173325,0.58153653
2827,0.27041256,0.24243471,0.6057066,0.20987028,0.46015123,0.6274615
2828,0.29251605,0.23034361,0.5963049,0.12144329,0.49035603,0.5216039
2829,0.276309,0.23490617,0.5688628,0.15038547,0.42929655,0.5862552
2830,0.285605,0.19371834,0.57744133,0.1158473,0.46687403,0.50856674
2831,0.28514582,0.2258731,0.60575116,0.14872578,0.45612645,0.6057131
2832,0.2664246,0.25935957,0.6729527,0.15904368,0.48375013,0.5880131
2833,0.28040126,0.20178506,0.5693326,0.11480068,0.46483874,0.5106544
2834,0.24246323,0.18870229,0.54921484,0.16113214,0.4891938,0.6409025
2835,0.2624574,0.2394287,0.5941439,0.1547159,0.45875806,0.6025484
2836,0.24384394,0.24782532,0.6390501,0.14304692,0.4178027,0.5649259
2837,0.28009808,0.23556732,0.5912092,0.14865191,0.44102857,0.5721403
2838,0.29961154,0.23572251,0.5753502,0.1829208,0.44777086,0.64939255
2839,0.29801333,0.24045022,0.59387213,0.12668899,0.48076493,0.53265905
2840,0.27402535,0.23135504,0.5590059,0.16519316,0.42595944,0.5970037
2841,0.26149926,0.2318011,0.5727998,0.1618749,0.4396942,0.60252184
2842,0.31770012,0.25190678,0.5983784,0.16164298,0.41852245,0.5455873
2843,0.29829106,0.25106454,0.61326563,0.15058117,0.46070892,0.52024114
2844,0.24883346,0.23542342,0.6984034,0.14098443,0.5068004,0.5935735
2845,0.29253942,0.23209144,0.6775435,0.13739647,0.4919541,0.59006083
2846,0.3084951,0.24893677,0.5960372,0.13555378,0.4615401,0.5329131
2847,0.2592406,0.24187225,0.6074224,0.1701905,0.46670178,0.6187779
2848,0.30296987,0.22073212,0.6062412,0.1000604,0.4382642,0.5131743
2849,0.27465,0.23963402,0.6027875,0.20611092,0.47037596,0.63755906
2850,0.27588123,0.23414013,0.56631655,0.16985738,0.43025026,0.60881674
2851,0.3048452,0.2415768,0.596189,0.13948886,0.48364547,0.54181516
2852,0.2643301,0.20463958,0.5707468,0.14118612,0.42797977,0.5365899
2853,0.26905027,0.22730388,0.55563176,0.1540907,0.41854495,0.59331554
2854,0.2861595,0.20558363,0.59061444,0.12405519,0.46119076,0.5070682
2855,0.26860306,0.21019208,0.5713923,0.13788715,0.41186658,0.49701205
2856,0.25092584,0.2357868,0.72688794,0.14471836,0.51397836,0.5918938
2857,0.2818213,0.22822766,0.5643478,0.18654945,0.4427758,0.6248351
2858,0.24286807,0.25314343,0.66381276,0.15145989,0.4726438,0.5942174
2859,0.28481343,0.24628302,0.61538315,0.14739487,0.4711756,0.5173788
2860,0.2667484,0.24443567,0.6138988,0.15476969,0.45745224,0.59427285
2861,0.25688672,0.22939941,0.5829888,0.16085377,0.46046475,0.6034922
2862,0.28682482,0.18910253,0.5732675,0.10775496,0.46805003,0.51441455
2863,0.29305965,0.22071955,0.5931609,0.11961845,0.4630638,0.49884984
2864,0.26967964,0.22815886,0.55486137,0.16050379,0.42291212,0.59087735
2865,0.29549608,0.24604674,0.59565204,0.16896065,0.444237,0.61262286
2866,0.30741385,0.23199001,0.6079174,0.103354745,0.43918678,0.5096897
2867,0.2657292,0.23520276,0.5877102,0.15265405,0.44069225,0.6045107
2868,0.2817592,0.25371572,0.61996496,0.19802177,0.44666806,0.59144527
2869,0.29163975,0.2262833,0.6614231,0.1424514,0.45773435,0.57489353
2870,0.25296742,0.23437867,0.59060144,0.1709936,0.45224223,0.62006867
2871,0.25306666,0.23652205,0.59180474,0.16677514,0.45776284,0.6203791
2872,0.25335646,0.24583864,0.61373043,0.15592131,0.4667914,0.61637175
2873,0.25664717,0.24361995,0.6024921,0.15902758,0.45952344,0.6117349
2874,0.2563115,0.24604571,0.62142843,0.15812553,0.44380996,0.598105
2875,0.25394845,0.24487188,0.61229724,0.15832123,0.45480937,0.61156845
2876,0.25532794,0.24008456,0.60149056,0.16704614,0.44612086,0.61327535
2877,0.25746483,0.24277401,0.60506684,0.17304772,0.43863437,0.60482
2878,0.29771224,0.2351675,0.5682777,0.19527969,0.4375405,0.6269617
2879,0.29606682,0.23336616,0.5702664,0.19377467,0.43756747,0.6181289
2880,0.28724742,0.22960831,0.56550515,0.19813234,0.46081814,0.6296042
2881,0.29580376,0.23321818,0.5692322,0.1953672,0.44120097,0.63136005
2882,0.26183963,0.24262267,0.6758977,0.14591736,0.47593114,0.59470487
2883,0.2610609,0.24118325,0.67296773,0.14853677,0.48243657,0.60643035
2884,0.25740167,0.2338337,0.5931204,0.17394388,0.44840565,0.6237366
2885,0.26224566,0.23355463,0.5882982,0.18040584,0.44886282,0.62878066
2886,0.28642812,0.23901564,0.5888771,0.18730108,0.46688277,0.5940654
2887,0.28873807,0.23899496,0.58449405,0.17999762,0.46647498,0.57816184
2888,0.257312,0.23332958,0.5906267,0.16694945,0.46604407,0.6122987
2889,0.2576316,0.239518,0.6096872,0.17062801,0.4753604,0.61960137
2890,0.25409803,0.23482545,0.5973834,0.16970712,0.47737047,0.62442154
2891,0.2542587,0.23977165,0.60910183,0.17180161,0.48003444,0.6249214
2892,0.26909846,0.24899992,0.62401223,0.20590644,0.43647054,0.60249794
2893,0.28840882,0.23637041,0.58832854,0.16950853,0.47496685,0.56934196
2894,0.28542212,0.23544163,0.57891464,0.15914032,0.48285162,0.5765738
2895,0.25867453,0.24094126,0.60557747,0.1630151,0.46366626,0.5968709
2896,0.29771572,0.24276948,0.6017908,0.15164328,0.4646484,0.5267081
2897,0.30181673,0.251202,0.60964966,0.15873191,0.45037526,0.5288321
2898,0.28603435,0.23441881,0.58785546,0.14991377,0.49443778,0.5611564
2899,0.2848828,0.23234588,0.58416474,0.14361787,0.49854973,0.54978436
2900,0.24539989,0.24826702,0.6368575,0.16035205,0.47554463,0.62214017
2901,0.2852688,0.23767841,0.58525795,0.19647728,0.46811843,0.6085062
2902,0.29121393,0.23457092,0.57485694,0.19304328,0.46115056,0.6160788
2903,0.25066447,0.24607876,0.615587,0.16153362,0.47176242,0.62462956
2904,0.25603876,0.24063578,0.5968875,0.16195059,0.45633525,0.6105794
2905,0.26238257,0.23329097,0.5769768,0.16621572,0.4463779,0.61449164
2906,0.2573814,0.23581535,0.5860876,0.16279468,0.45598647,0.6172975
2907,0.29491383,0.23424546,0.589886,0.13243176,0.49750656,0.5284299
2908,0.28643364,0.22873257,0.5972327,0.13008177,0.51080245,0.5320926
2909,0.24108967,0.25097477,0.64950556,0.14373717,0.44229072,0.5814915
2910,0.2410618,0.24837857,0.642614,0.1509489,0.4637112,0.6014626
2911,0.26143682,0.23734005,0.5912827,0.18209636,0.43924898,0.6178953
2912,0.2888112,0.2288219,0.59671855,0.12607822,0.5007777,0.5240375
2913,0.29084653,0.23468052,0.5959003,0.12890613,0.5028405,0.5310825
2914,0.2579304,0.2372435,0.5951584,0.15904297,0.45520777,0.6059991
2915,0.25699937,0.2347942,0.5888218,0.15853117,0.44869584,0.6010002
2916,0.25377285,0.24907741,0.63120776,0.15194964,0.44198674,0.588797
2917,0.2511546,0.25194818,0.644951,0.14735644,0.4293778,0.57290405
2918,0.24705893,0.24888375,0.6364089,0.150576,0.45396197,0.5935061
2919,0.30499122,0.23929639,0.57415086,0.1853473,0.42478073,0.6149225
2920,0.3047056,0.23616078,0.57289124,0.18965678,0.4308377,0.63058317
2921,0.26450482,0.25277635,0.6322423,0.16471754,0.4687111,0.5971569
2922,0.26733798,0.25594327,0.6545793,0.1609756,0.4696328,0.589652
2923,0.26073104,0.23034948,0.57810104,0.17739329,0.44797307,0.6241923
2924,0.26027572,0.23096573,0.5753396,0.17240721,0.44762337,0.6202573
2925,0.26514417,0.23418814,0.58789116,0.19130646,0.4490569,0.62971544
2926,0.26739645,0.22570996,0.5830958,0.19883427,0.46050638,0.6426335
2927,0.260401,0.23005964,0.573494,0.15873386,0.44217294,0.5972067
2928,0.25737768,0.2346925,0.58826894,0.1636061,0.45222765,0.60776854
2929,0.23695523,0.24792601,0.64371437,0.15498161,0.47853905,0.6173392
2930,0.23572749,0.24797553,0.6448325,0.15627575,0.48092952,0.62093854
2931,0.25514686,0.23201862,0.5940967,0.16444655,0.4693131,0.6125363
2932,0.25726643,0.22994025,0.5869994,0.15909651,0.4645133,0.60642046
2933,0.21537234,0.20891531,0.61616886,0.18778023,0.4202628,0.49680972
2934,0.21539687,0.19142607,0.52716935,0.18449584,0.31851894,0.34632993
2935,0.23687641,0.22071151,0.59787387,0.19114941,0.3810654,0.47524685
2936,0.23986551,0.22199778,0.6367635,0.20577408,0.41914976,0.45960662
2937,0.21771595,0.21906614,0.5716377,0.20023257,0.4040355,0.46527135
2938,0.23625946,0.22454634,0.6505684,0.18451746,0.42898202,0.5278283
2939,0.22800094,0.2188134,0.6107193,0.20408264,0.43411696,0.484016
2940,0.2378058,0.22831853,0.57476133,0.23821382,0.45501006,0.46969596
2941,0.2346801,0.22587726,0.5673907,0.2246542,0.443078,0.48592806
2942,0.24149458,0.23555565,0.6476979,0.21568991,0.4322494,0.47113025
2943,0.23387468,0.22688651,0.6836843,0.170296,0.4145248,0.481223
2944,0.23065807,0.23317175,0.58172435,0.21284351,0.38775268,0.42326578
2945,0.24078761,0.21694727,0.6578841,0.16298491,0.40234306,0.48486087
2946,0.23465139,0.21019748,0.57287,0.20466128,0.35411692,0.38460743
2947,0.23816782,0.21584311,0.6039426,0.18731284,0.39085302,0.47047168
2948,0.23583093,0.22272931,0.6341969,0.1821728,0.43410793,0.5317135
2949,0.22489497,0.23684064,0.6367297,0.20179002,0.43537772,0.50326407
2950,0.2586466,0.23366125,0.6556174,0.20883486,0.42174548,0.44427603
2951,0.23177294,0.22471231,0.5682899,0.23112494,0.45578712,0.48253077
2952,0.24281581,0.21702255,0.67096764,0.16312294,0.39299303,0.46507478
2953,0.24684168,0.22058977,0.5863309,0.19453013,0.38360676,0.45708388
2954,0.2513922,0.23523569,0.62736005,0.20072144,0.4138775,0.44939935
2955,0.21952327,0.23028496,0.62150806,0.21099374,0.4465479,0.5123274
2956,0.22869396,0.20642802,0.5506695,0.20614338,0.4002368,0.44261336
2957,0.23418584,0.21144316,0.6486246,0.15839782,0.38933158,0.45936194
2958,0.2344834,0.21884552,0.6083882,0.18568623,0.41807672,0.5150018
2959,0.21752854,0.21405801,0.63582414,0.18773758,0.43624753,0.51637477
2960,0.224757,0.21424676,0.6056709,0.1936771,0.40917736,0.4910295
2961,0.22774029,0.22131334,0.64675087,0.18325989,0.43422583,0.50834674
2962,0.2349971,0.22747582,0.580947,0.24337402,0.45973104,0.467641
2963,0.23271008,0.21774955,0.6661816,0.2103954,0.39606142,0.43224323
2964,0.2441663,0.22512466,0.63013506,0.20131975,0.4373965,0.4779469
2965,0.23645872,0.21275885,0.5679575,0.21221572,0.3696382,0.39980906
2966,0.24387154,0.22715273,0.59198236,0.1980564,0.39264315,0.48917216
2967,0.22249469,0.21176177,0.5558423,0.20414102,0.40697765,0.46025133
2968,0.23941612,0.2217834,0.6505374,0.1749376,0.4229222,0.5161037
2969,0.22987375,0.20638643,0.5668959,0.19764146,0.337501,0.36895174
2970,0.22290921,0.21388097,0.6002557,0.20391965,0.4271957,0.48030943
2971,0.21801415,0.2101089,0.61375767,0.20581777,0.42970014,0.47788417
2972,0.23206359,0.22873677,0.589654,0.24026382,0.45586553,0.46607414
2973,0.25172618,0.223472,0.57798785,0.19246294,0.3724108,0.45650822
2974,0.25489593,0.24127159,0.64475346,0.21184972,0.42012322,0.45352876
2975,0.2354525,0.21449372,0.6728672,0.15963322,0.39780346,0.46605456
2976,0.22698072,0.22704116,0.5900134,0.23077044,0.45193624,0.46285605
2977,0.2626677,0.24312697,0.65956163,0.20903179,0.41751537,0.44702843
2978,0.24143906,0.22532733,0.62498975,0.18725337,0.41315383,0.51182914
2979,0.22287196,0.21145737,0.6182854,0.19612421,0.41364396,0.4788983
2980,0.23472911,0.22138076,0.67887765,0.1653754,0.41635045,0.48391932
2981,0.24435365,0.23113488,0.5857364,0.21183737,0.4113838,0.4870935
2982,0.23628476,0.22877982,0.6058521,0.21082005,0.40739584,0.438829
2983,0.2362282,0.21820898,0.67694235,0.16108352,0.39749223,0.4619487
2984,0.24017583,0.2243721,0.6215687,0.18814293,0.42848188,0.5216157
2985,0.24272332,0.22640136,0.6779881,0.20868413,0.39603415,0.43746367
2986,0.24920252,0.22313273,0.5866197,0.19649035,0.3815207,0.4583919
2987,0.23187867,0.22152983,0.5905907,0.20190856,0.40375963,0.47677857
2988,0.22829534,0.21609448,0.6214003,0.1884217,0.4030854,0.48905253
2989,0.23354056,0.21268174,0.59227693,0.20268503,0.35189986,0.3838917
2990,0.22878267,0.2273658,0.65311414,0.18178985,0.4308209,0.5116929
2991,0.24208018,0.2281025,0.5860487,0.20105734,0.39621553,0.48939085
2992,0.24671245,0.2381475,0.60467327,0.20938875,0.38316923,0.41684702
2993,0.2535807,0.23421866,0.6471902,0.20333189,0.43257332,0.47190848
2994,0.22502989,0.20729038,0.55767274,0.20598412,0.40999964,0.46553254
2995,0.23724884,0.226379,0.5736553,0.21354523,0.4166371,0.48784265
2996,0.23622017,0.21235684,0.66135514,0.15765238,0.39079088,0.45947024
2997,0.21679194,0.2115756,0.615087,0.19796893,0.43673155,0.49366614
2998,0.24247408,0.2183873,0.63881034,0.21101436,0.40157795,0.43350902
2999,0.24725944,0.22822154,0.59936285,0.19876644,0.3867042,0.4797001
3000,0.23288208,0.2232009,0.6743382,0.16893098,0.4130776,0.48211932
3001,0.23142673,0.21337411,0.5967134,0.18529193,0.40681666,0.49077123
3002,0.23857582,0.22986972,0.59899855,0.23119646,0.44983646,0.47514188
3003,0.22439225,0.20261304,0.5249313,0.20769352,0.37858292,0.4080508
3004,0.2215659,0.22459793,0.6561585,0.17652428,0.43260986,0.50033844
3005,0.2370719,0.229409,0.58914196,0.23817566,0.45534828,0.47149983
3006,0.23531243,0.21913585,0.66938674,0.20742741,0.3953994,0.4397602
3007,0.2573436,0.23863187,0.64562994,0.20562832,0.42102912,0.44702604
3008,0.21959542,0.19845638,0.5190856,0.20130998,0.35663617,0.386514
3009,0.23735976,0.22688244,0.64248556,0.19098568,0.43510702,0.5344327
3010,0.23164448,0.2318865,0.5911864,0.2181306,0.40554756,0.42646247
3011,0.21744218,0.21316515,0.6113992,0.19203049,0.42803517,0.4874516
3012,0.23289293,0.21691704,0.6196247,0.18300942,0.39824668,0.4862079
3013,0.21607392,0.2280653,0.5744771,0.20492032,0.40194312,0.4577605
3014,0.21967499,0.2257778,0.61124694,0.2148224,0.4440177,0.51001835
3015,0.23062055,0.20658813,0.53821355,0.20809737,0.39617476,0.43299475
3016,0.2192151,0.21041271,0.6221086,0.20404288,0.43540186,0.48670942
3017,0.22745177,0.22244227,0.652613,0.18596226,0.4395036,0.5183175
3018,0.2406954,0.22901073,0.5727221,0.21943948,0.42665952,0.48899627
3019,0.21848786,0.22112393,0.61715627,0.20180982,0.43925786,0.5030624
3020,0.236664,0.22086762,0.65733963,0.21489203,0.38655815,0.41954246
3021,0.24184772,0.2305144,0.6722305,0.21139917,0.41643134,0.45093137
3022,0.21634263,0.21795994,0.5692235,0.20224789,0.40246633,0.4594956
3023,0.22568494,0.21168663,0.59608734,0.19769058,0.41189322,0.47649926
3024,0.22868496,0.20629129,0.54817724,0.2053103,0.3530168,0.38398713
3025,0.22867543,0.21804774,0.6010498,0.1934109,0.40240255,0.49186212
3026,0.26257908,0.24612793,0.6600367,0.21281318,0.40973923,0.44217128
3027,0.21826676,0.20375921,0.5947628,0.19304232,0.41282046,0.4750021
3028,0.23142079,0.22330666,0.5987061,0.21577856,0.4424644,0.46782386
3029,0.24124347,0.2222667,0.65253866,0.21574084,0.3826138,0.41478842
3030,0.22920048,0.22163336,0.63720775,0.18726724,0.42920017,0.5219406
3031,0.22254102,0.21333362,0.626096,0.20514038,0.4241808,0.46670353
3032,0.25138244,0.24052379,0.6613049,0.21812938,0.42668048,0.4622828
3033,0.24071929,0.22178559,0.67310035,0.17318688,0.4196405,0.5129295
3034,0.2530252,0.2274466,0.64102685,0.2037076,0.43289316,0.46591607
3035,0.22217408,0.19902425,0.53876454,0.1940366,0.33617964,0.36559278
3036,0.22821802,0.22845206,0.5931821,0.22394155,0.42960927,0.44781494
3037,0.24656257,0.22328503,0.6524794,0.21715859,0.38578218,0.41691643
3038,0.23268795,0.22580612,0.6034353,0.21691416,0.4293902,0.46118748
3039,0.24681795,0.22383633,0.60218525,0.19189914,0.37920916,0.46011168
3040,0.23601554,0.22315449,0.5776746,0.20916204,0.40522033,0.4777875
3041,0.21980268,0.21005455,0.6067947,0.20330188,0.42819056,0.48021752
3042,0.23363945,0.22878224,0.6692634,0.1820084,0.44069514,0.5287026
3043,0.22273012,0.21175835,0.60155034,0.2070424,0.4319783,0.47931683
3044,0.22386259,0.21193449,0.630867,0.20170441,0.43355846,0.48524296
3045,0.24191062,0.23294032,0.67039615,0.21401899,0.42445853,0.46186522
3046,0.24810365,0.22901021,0.65268743,0.20922458,0.4307106,0.46155998
3047,0.23115744,0.22687414,0.5892656,0.2214134,0.4417829,0.48172477
3048,0.24928582,0.22561792,0.6469163,0.20800486,0.4311,0.46441117
3049,0.229846,0.21400979,0.6085845,0.18335317,0.4102203,0.49863297
3050,0.25867754,0.23345754,0.6429476,0.19862023,0.41175956,0.4386816
3051,0.22550449,0.22818473,0.66457564,0.1788827,0.4347255,0.5123128
3052,0.23364067,0.23246315,0.60367644,0.20696536,0.41395524,0.45719254
3053,0.23646402,0.22422747,0.6319227,0.18772784,0.42206112,0.52183676
3054,0.23645277,0.21816924,0.6314415,0.20311669,0.43089086,0.4747804
3055,0.24389194,0.22386949,0.5969528,0.19450837,0.37932667,0.46931502
3056,0.25622806,0.23305082,0.6319283,0.20046198,0.3988235,0.42786744
3057,0.23920795,0.22356135,0.68138427,0.16998646,0.41837984,0.493775
3058,0.23930809,0.21561064,0.60402966,0.20995668,0.38677156,0.41989273
3059,0.21768841,0.22948027,0.5714876,0.2048395,0.38880348,0.4384209
3060,0.2207974,0.2127827,0.61646384,0.18594714,0.41320318,0.49712235
3061,0.22181517,0.21421973,0.6193503,0.20187967,0.4401036,0.49366114
3062,0.24347326,0.2242779,0.6198183,0.20580533,0.4286946,0.46514148
3063,0.23919933,0.22568361,0.6085452,0.20483348,0.4199176,0.45245945
3064,0.21511102,0.22412007,0.56716263,0.20075165,0.38224173,0.44490474
3065,0.23397492,0.22501415,0.5661065,0.21962282,0.43379074,0.48766848
3066,0.24100718,0.22386606,0.6481678,0.20444413,0.43022963,0.4700962
3067,0.23502019,0.21980183,0.621577,0.1846031,0.4108585,0.50339097
3068,0.21866474,0.21157065,0.62131023,0.19568488,0.43227074,0.49041563
3069,0.22151747,0.22316918,0.60375106,0.20999733,0.43713915,0.49499992
3070,0.2243526,0.21881302,0.5973331,0.20940793,0.42897785,0.47575507
3071,0.22330602,0.2154453,0.6287387,0.18645489,0.42223036,0.51065034
3072,0.25828636,0.23365393,0.6471914,0.20359747,0.42667827,0.4526969
3073,0.22022295,0.21622941,0.58465177,0.20376115,0.43088716,0.48271984
3074,0.23226658,0.21642728,0.6118436,0.20376936,0.36894658,0.4018737
3075,0.2390927,0.22120753,0.62073493,0.18810104,0.38994876,0.47431073
3076,0.25964943,0.23364839,0.643183,0.202616,0.41502938,0.43840167
3077,0.23079759,0.22548616,0.5882046,0.21354763,0.42903376,0.48080042
3078,0.21779957,0.21719551,0.6081446,0.20027891,0.43902665,0.49747756
3079,0.22115535,0.22647904,0.5812603,0.20519263,0.4054871,0.46215498
3080,0.23343626,0.226777,0.65625924,0.19021891,0.4396358,0.52713287
3081,0.23396301,0.22875653,0.661523,0.1818305,0.4313885,0.5127907
3082,0.24173544,0.22689234,0.6134968,0.21638454,0.42266315,0.44991553
3083,0.23539752,0.22221881,0.5786176,0.2021724,0.39841115,0.4870734
3084,0.2368476,0.22013992,0.6224207,0.20792958,0.37167367,0.40667224
3085,0.23939562,0.2349091,0.6140276,0.21183662,0.4182253,0.46123415
3086,0.23722735,0.22198644,0.62211484,0.20260414,0.43245137,0.47016883
3087,0.23790881,0.22476563,0.6055712,0.21871662,0.44131297,0.46684492
3088,0.23465778,0.22642533,0.64158577,0.19111647,0.43779686,0.53587914
3089,0.21203929,0.1856578,0.5179924,0.17787063,0.2976464,0.3306597
3090,0.21653986,0.19397956,0.5150629,0.19329078,0.33451247,0.36362326
3091,0.22082502,0.21427542,0.6064359,0.20701183,0.42496046,0.46606764
3092,0.23199707,0.21840319,0.5836757,0.200397,0.39762053,0.4850576
3093,0.24184589,0.22278038,0.6159322,0.18880646,0.37907434,0.46514302
3094,0.2236451,0.2335487,0.64519674,0.18820967,0.43889907,0.51049864
3095,0.2192183,0.20819534,0.56770873,0.20419458,0.42336345,0.47837168
3096,0.22420576,0.2163302,0.64179015,0.18735173,0.43125218,0.49958616
3097,0.23572269,0.21905118,0.6431691,0.2119903,0.37855163,0.41416037
3098,0.22348078,0.21495861,0.63112104,0.1884701,0.4213634,0.4860475
3099,0.23416355,0.23513104,0.5991283,0.20607544,0.39960706,0.44428474
3100,0.23225006,0.22053462,0.6148775,0.20765686,0.41435397,0.45149514
3101,0.22130193,0.20952174,0.6127056,0.2001438,0.4149381,0.4729234
3102,0.22966796,0.22459075,0.5728999,0.22879907,0.45523962,0.4865883
3103,0.23258752,0.22597292,0.59644854,0.22813335,0.4574553,0.47802663
3104,0.22115967,0.21884489,0.62912554,0.19203997,0.43351346,0.5064864
3105,0.25838172,0.23744167,0.6307505,0.19953057,0.39708465,0.42393145
3106,0.2290283,0.21693458,0.6225208,0.18687081,0.4123827,0.5022813
3107,0.214496,0.2052831,0.5972525,0.18771692,0.4104343,0.4839382
3108,0.23201784,0.22372706,0.58423805,0.20755056,0.42266673,0.48388636
3109,0.23352158,0.22933406,0.6721855,0.1771357,0.42813343,0.50690585
3110,0.21932727,0.20726304,0.6008796,0.18617298,0.40825146,0.4881958
3111,0.24305204,0.21751362,0.60862243,0.20820248,0.36464646,0.39629224
3112,0.22107914,0.22858445,0.635905,0.19407073,0.43684137,0.51137847
3113,0.24816626,0.22510204,0.6235357,0.20755242,0.4166462,0.45219865
3114,0.23753309,0.22149143,0.586502,0.19936812,0.3937844,0.4868543
3115,0.24017057,0.22492066,0.59601164,0.19979802,0.390686,0.48383763
3116,0.22578171,0.21623206,0.6160423,0.20684583,0.4302213,0.47350013
3117,0.23382398,0.2217527,0.63930106,0.2081859,0.41227537,0.45139778
3118,0.2530913,0.22639787,0.59148693,0.19466607,0.37566084,0.4586342
3119,0.251675,0.22805853,0.59968054,0.19692604,0.3779498,0.46322957
3120,0.23705336,0.22043225,0.64317364,0.20882124,0.4118589,0.4492082
3121,0.24295506,0.2222754,0.6546478,0.21215467,0.40756136,0.44124764
3122,0.23075974,0.22395389,0.61504066,0.2065039,0.42318988,0.4658235
3123,0.22504862,0.22352308,0.59228957,0.20558973,0.4164897,0.46457335
3124,0.23068061,0.21044284,0.5843038,0.20897287,0.42102188,0.4643155
3125,0.22665682,0.20818418,0.5781329,0.2064064,0.42152447,0.46998814
3126,0.24538618,0.22571024,0.67998606,0.21303214,0.39224002,0.426018
3127,0.24549189,0.22618966,0.67494345,0.21237461,0.3959752,0.43014592
3128,0.2456892,0.22498754,0.682333,0.21747392,0.39835516,0.43000302
3129,0.24596882,0.22631785,0.6789251,0.2230496,0.3903325,0.41948107
3130,0.23307975,0.21897094,0.6274716,0.18539996,0.41429502,0.5095907
3131,0.23136716,0.21784294,0.6226228,0.18403625,0.41112584,0.5039027
3132,0.2354267,0.21050297,0.5695243,0.20898472,0.39052433,0.42446837
3133,0.23230667,0.2099534,0.57395965,0.20795777,0.4078904,0.44860792
3134,0.23304582,0.21582648,0.6220027,0.20999846,0.4237783,0.4648282
3135,0.23272195,0.21421866,0.6118104,0.21012704,0.41878176,0.45391053
3136,0.29797915,0.27010658,0.69258904,0.20771448,0.47669637,0.6228553
3137,0.2645624,0.26124817,0.8470973,0.17131314,0.44782728,0.5397676
3138,0.27382207,0.2512102,0.6650568,0.21863481,0.47893348,0.5782416
3139,0.28678787,0.26269028,0.690096,0.22697297,0.50136954,0.61015695
3140,0.30953464,0.25502992,0.73830724,0.17352763,0.4726224,0.5913739
3141,0.33719882,0.2403442,0.6472776,0.17285249,0.464839,0.5668343
3142,0.27107227,0.22372714,0.6481042,0.17540115,0.46566746,0.5362754
3143,0.2650646,0.2663222,0.6950662,0.20913559,0.48456216,0.5952468
3144,0.26570576,0.24884886,0.6483946,0.23647228,0.53564763,0.6623496
3145,0.32917914,0.24528968,0.6643457,0.18368256,0.48685083,0.57949007
3146,0.2790094,0.22849736,0.59535414,0.21366529,0.4318305,0.50382185
3147,0.2813139,0.2556827,0.64427423,0.24292415,0.5280933,0.6522262
3148,0.27525222,0.26817796,0.71103954,0.20003414,0.4830963,0.5753852
3149,0.2834038,0.23389062,0.6524573,0.18031615,0.46469757,0.5381912
3150,0.25860447,0.2460757,0.6409208,0.23053756,0.5053593,0.61048377
3151,0.31867832,0.25245076,0.691928,0.17133982,0.4473478,0.57597834
3152,0.2932422,0.27624953,0.71811414,0.2084339,0.46735758,0.6124571
3153,0.29142106,0.25689864,0.6554572,0.241682,0.5162403,0.63086635
3154,0.2974146,0.2654124,0.6959037,0.2000723,0.46066788,0.58383995
3155,0.2840504,0.2707846,0.8189783,0.17064199,0.47287843,0.55266833
3156,0.25752753,0.26960775,0.7430873,0.17416318,0.47443804,0.5539143
3157,0.26674092,0.21415828,0.6182914,0.17078754,0.45384523,0.5023467
3158,0.2892051,0.2544078,0.63716406,0.24525909,0.51099133,0.62091035
3159,0.26817936,0.24665686,0.6498469,0.22312966,0.48982137,0.589012
3160,0.33167434,0.24020994,0.6456131,0.17209862,0.45455056,0.5736468
3161,0.28904676,0.2677195,0.7163846,0.2209725,0.4783879,0.58847564
3162,0.2770688,0.25937456,0.68858814,0.21411031,0.46195167,0.5677179
3163,0.289889,0.26136735,0.67291397,0.20162496,0.4721735,0.6214339
3164,0.27933392,0.24355096,0.6580923,0.20359878,0.47608766,0.5663928
3165,0.28183603,0.27877533,0.76104224,0.17980328,0.4778723,0.5611077
3166,0.3391043,0.2457673,0.6593216,0.17857435,0.4787191,0.5782264
3167,0.26281875,0.24959156,0.6472121,0.22723214,0.49064037,0.5919302
3168,0.2759418,0.26635575,0.86361283,0.17047511,0.46836573,0.55810916
3169,0.2740171,0.22388956,0.6295417,0.19021375,0.44990543,0.5075433
3170,0.30156532,0.2699433,0.7041827,0.22091496,0.4941557,0.62484694
3171,0.27070037,0.25206542,0.65426075,0.235836,0.51178527,0.6168174
3172,0.2841908,0.25954974,0.6862715,0.23171373,0.5109285,0.6261878
3173,0.26778874,0.24794456,0.64425147,0.23279206,0.5245055,0.6559555
3174,0.29447794,0.26218826,0.774073,0.18133989,0.48349804,0.58311236
3175,0.30045557,0.28065097,0.73137593,0.21735083,0.46778852,0.594558
3176,0.31330815,0.25640127,0.71483827,0.17360222,0.46019575,0.58379304
3177,0.28138375,0.2503305,0.66364,0.21073584,0.46834862,0.56430376
3178,0.2876324,0.23760636,0.6114576,0.21925569,0.43714875,0.52396697
3179,0.27541608,0.2512226,0.636693,0.2308596,0.5116626,0.6434484
3180,0.30953503,0.24504608,0.65830445,0.19314513,0.4961037,0.62322354
3181,0.3024671,0.282632,0.72686195,0.22035697,0.46377367,0.5773708
3182,0.25359598,0.25264013,0.8064946,0.16737579,0.43335584,0.5233721
3183,0.26853383,0.21617365,0.60426694,0.1842115,0.44248343,0.4977669
3184,0.2607438,0.24769554,0.6440612,0.23244019,0.5089889,0.6126852
3185,0.27449948,0.22663082,0.6486192,0.17664972,0.46561643,0.5386202
3186,0.33761656,0.24362934,0.6488198,0.17677954,0.47203127,0.57359946
3187,0.28302294,0.26405072,0.8371452,0.16957213,0.48708665,0.5756271
3188,0.27773854,0.25405532,0.6407032,0.23275521,0.5154204,0.645609
3189,0.29339057,0.25158936,0.66023666,0.22632308,0.5251215,0.66587394
3190,0.27188683,0.27440894,0.80282617,0.17600161,0.46668005,0.55599636
3191,0.28868696,0.27674484,0.72218704,0.22419842,0.4743018,0.59363616
3192,0.32815015,0.24498524,0.6670422,0.16863212,0.43984017,0.5727882
3193,0.2696159,0.2544066,0.66754574,0.22188768,0.47708115,0.5755429
3194,0.2887457,0.26467705,0.800054,0.17576626,0.49035567,0.5757922
3195,0.28804696,0.25153583,0.65897626,0.23315902,0.52339983,0.65347683
3196,0.28674546,0.24623275,0.6628324,0.20124415,0.46374547,0.5518435
3197,0.27017993,0.21685736,0.631495,0.17210338,0.45365226,0.50207937
3198,0.29142094,0.26961824,0.698649,0.23295474,0.4914516,0.6014608
3199,0.30046296,0.2547284,0.6617534,0.20234403,0.4883786,0.63297457
3200,0.27359384,0.26996687,0.69184077,0.2119487,0.47084236,0.6127426
3201,0.27212852,0.22028273,0.64329934,0.17213327,0.45829153,0.5166514
3202,0.28385398,0.2539903,0.63330734,0.24335474,0.5142799,0.631058
3203,0.2954977,0.2546934,0.7718597,0.17542309,0.48531395,0.59260535
3204,0.2741527,0.2682773,0.71884036,0.19454625,0.49189672,0.58388376
3205,0.2893042,0.26089472,0.67254186,0.20233436,0.46999493,0.62172747
3206,0.27003586,0.25095177,0.6535385,0.23202401,0.52140546,0.6540731
3207,0.23734808,0.23794383,0.76445115,0.15791152,0.41162625,0.50019634
3208,0.27551064,0.24550611,0.651734,0.21527606,0.48691338,0.57767344
3209,0.33155,0.24330084,0.6466867,0.18555155,0.4787289,0.5803347
3210,0.28477547,0.27181095,0.71679544,0.22320037,0.48073256,0.5982052
3211,0.2724735,0.2664898,0.6792688,0.20971364,0.4643962,0.62084264
3212,0.271792,0.25224638,0.6571907,0.23656844,0.52581346,0.651685
3213,0.31457907,0.247987,0.6625967,0.185218,0.47054935,0.60175675
3214,0.28569597,0.256155,0.6530069,0.24643764,0.5280098,0.6435685
3215,0.28646347,0.25966954,0.80413187,0.17250821,0.49020892,0.5877099
3216,0.290553,0.26665494,0.6915881,0.24640505,0.5174665,0.6304468
3217,0.27563918,0.25630707,0.6724403,0.22102076,0.4729153,0.57434994
3218,0.2878298,0.24600454,0.6283216,0.2233568,0.47280684,0.5900043
3219,0.26548964,0.27628583,0.749525,0.17367761,0.4917159,0.5771851
3220,0.3052688,0.24983971,0.6621535,0.20150408,0.501225,0.6375057
3221,0.26716402,0.24599828,0.64456964,0.22484004,0.50017387,0.60245585
3222,0.2805867,0.23181449,0.574409,0.22926499,0.45028278,0.5447972
3223,0.29366812,0.26030242,0.669753,0.20548178,0.48085722,0.6305588
3224,0.27833325,0.2559929,0.6644082,0.23374057,0.51747453,0.6443137
3225,0.27531368,0.2805059,0.7703073,0.17216188,0.4803841,0.559991
3226,0.2906938,0.264637,0.70147973,0.22484417,0.49661914,0.61083996
3227,0.2934647,0.26817873,0.6960295,0.2393559,0.5111295,0.62155074
3228,0.2542829,0.25913122,0.7945317,0.17335102,0.44884664,0.5375729
3229,0.2632769,0.23469058,0.6467789,0.20660385,0.50326204,0.6024667
3230,0.29314828,0.25594682,0.6722928,0.22065687,0.5264676,0.67359984
3231,0.28031418,0.2573217,0.64666575,0.23859219,0.52950704,0.6568483
3232,0.2727872,0.25164866,0.65776026,0.2238632,0.48156488,0.5773028
3233,0.30906132,0.2521209,0.6654895,0.18929994,0.46536878,0.5982063
3234,0.27205494,0.2641421,0.6829618,0.19945534,0.4734869,0.6367175
3235,0.31835407,0.24559115,0.65462357,0.18419239,0.4790696,0.6045482
3236,0.27305987,0.254806,0.6620572,0.23930046,0.5225918,0.63407433
3237,0.26183897,0.24369939,0.64536387,0.22886124,0.5305586,0.6469811
3238,0.27421433,0.25293273,0.6538198,0.23384726,0.51925576,0.6482789
3239,0.29399455,0.2649421,0.70560825,0.19760922,0.46144074,0.56847686
3240,0.2486383,0.25420842,0.7793759,0.17165996,0.44380486,0.5296885
3241,0.29533482,0.25940788,0.674325,0.20969236,0.49436593,0.6454905
3242,0.29399484,0.25662148,0.65054053,0.24481751,0.51057905,0.6251589
3243,0.2916872,0.26630005,0.681629,0.22961234,0.49287787,0.59980965
3244,0.27888355,0.2541331,0.6451802,0.23482922,0.52656513,0.65873617
3245,0.24147783,0.24128959,0.77892685,0.16096371,0.41392562,0.50365365
3246,0.29611596,0.26497036,0.6837199,0.20385748,0.47400266,0.6218673
3247,0.2814492,0.23616257,0.6422661,0.1952146,0.45299184,0.52630657
3248,0.26881957,0.25013602,0.6513339,0.23378071,0.5136311,0.6209849
3249,0.30119112,0.25960362,0.73763555,0.18100204,0.47629362,0.5868632
3250,0.29276595,0.26075578,0.6701809,0.23525077,0.5199095,0.6441766
3251,0.27279988,0.27322054,0.735759,0.18672648,0.4942702,0.586236
3252,0.2887992,0.24493887,0.6065217,0.22984882,0.46300608,0.5841837
3253,0.3110663,0.25063136,0.66218257,0.19142343,0.47970513,0.6113585
3254,0.29378375,0.25290984,0.6684992,0.21451774,0.52765083,0.67484915
3255,0.29853052,0.27468336,0.7130918,0.23162954,0.4970418,0.6192756
3256,0.28326696,0.2631299,0.6762978,0.20627964,0.463895,0.6166419
3257,0.28707802,0.2760383,0.78154826,0.17928784,0.48017797,0.55303043
3258,0.2654883,0.2372306,0.64080167,0.20818812,0.49874023,0.5945233
3259,0.286564,0.26798883,0.6998041,0.19884236,0.4691141,0.62448555
3260,0.31803846,0.2577569,0.6772978,0.18115708,0.44683015,0.5860586
3261,0.28175813,0.23978917,0.5873913,0.24021535,0.47615632,0.5798761
3262,0.2923065,0.25092316,0.61979246,0.23020557,0.47960296,0.6031905
3263,0.29839337,0.2758482,0.7270215,0.21756418,0.47827652,0.6101151
3264,0.26515096,0.2738066,0.77472615,0.17413992,0.47019446,0.55372006
3265,0.2968378,0.26318002,0.67041767,0.20021236,0.46610683,0.612054
3266,0.2807851,0.2657982,0.7049024,0.20218177,0.4733733,0.5783569
3267,0.28023976,0.24633458,0.65406454,0.21105208,0.4768162,0.5640671
3268,0.29995513,0.26412958,0.73422295,0.18461291,0.47219297,0.57252574
3269,0.27246884,0.24153315,0.64553225,0.20894785,0.4917043,0.5895211
3270,0.29001436,0.2740009,0.7139319,0.22634566,0.47998744,0.5940939
3271,0.25655413,0.26596063,0.7659132,0.1769261,0.4643799,0.54724133
3272,0.27533972,0.24683556,0.63608503,0.22671154,0.5007306,0.6256161
3273,0.29301062,0.27099913,0.7451467,0.1824659,0.47653428,0.5519529
3274,0.29278597,0.2597301,0.66635615,0.24602832,0.51572657,0.6300091
3275,0.2850515,0.25507498,0.6345088,0.23983717,0.5140958,0.6407356
3276,0.30015528,0.28211248,0.7264971,0.2257376,0.482633,0.5959052
3277,0.27029398,0.2561132,0.6854338,0.21286388,0.46278366,0.56380713
3278,0.28141096,0.2621276,0.6726432,0.20379312,0.47456825,0.63092744
3279,0.28370613,0.2797271,0.7966254,0.17503902,0.47187948,0.55115616
3280,0.2829071,0.2673203,0.686073,0.20788476,0.4636346,0.60753185
3281,0.29047552,0.25963533,0.67112666,0.20403051,0.4740876,0.62426746
3282,0.27726486,0.23587058,0.64844435,0.19096841,0.4763494,0.55719095
3283,0.2960987,0.2602562,0.68167055,0.21394658,0.51835215,0.67381513
3284,0.30930763,0.26266778,0.67911285,0.19005927,0.4522521,0.58649313
3285,0.2868186,0.2539698,0.62749505,0.23195207,0.4947397,0.62708527
3286,0.2707324,0.22853874,0.64636576,0.18711013,0.47782552,0.5566132
3287,0.29730654,0.26884133,0.71662104,0.1905339,0.46681386,0.55668867
3288,0.2887498,0.271329,0.71035695,0.20230635,0.46667743,0.6201321
3289,0.28304672,0.25884473,0.6688782,0.23747483,0.5220957,0.6448345
3290,0.2820354,0.2585733,0.66346735,0.24667639,0.53196514,0.6540818
3291,0.30190742,0.27246702,0.70506907,0.23079944,0.4987943,0.6236688
3292,0.3091218,0.2562024,0.6710879,0.18777935,0.45741212,0.5931848
3293,0.28662682,0.24059266,0.6580773,0.19280155,0.46410927,0.54887164
3294,0.3079421,0.25850353,0.71075803,0.18089233,0.46055868,0.5827759
3295,0.30005747,0.28015226,0.7357167,0.22227582,0.48485383,0.61266804
3296,0.27180532,0.2759195,0.74555004,0.1783793,0.4894905,0.57809776
3297,0.28940246,0.25459063,0.67126536,0.22807804,0.5259027,0.66572034
3298,0.28545672,0.26103812,0.6756239,0.24915144,0.5305902,0.6506847
3299,0.27668652,0.26999086,0.8235177,0.17371592,0.45888883,0.5475115
3300,0.301052,0.26542324,0.6836783,0.21969447,0.504158,0.64831156
3301,0.2940161,0.26588628,0.6861752,0.24526665,0.51688427,0.62707466
3302,0.2994072,0.2558136,0.6647603,0.20023611,0.47675535,0.6196385
3303,0.31592253,0.2600445,0.69706666,0.1820453,0.4499665,0.58058226
3304,0.28189105,0.26747233,0.7120236,0.19840534,0.47821444,0.5686661
3305,0.27347076,0.2660771,0.69291127,0.20815642,0.47826353,0.60109484
3306,0.29814252,0.26360947,0.6888231,0.22645307,0.51030666,0.6398771
3307,0.29178512,0.26703542,0.6876257,0.23138045,0.48352134,0.5906817
3308,0.26538634,0.24813713,0.6484245,0.23551148,0.52845764,0.6453324
3309,0.30568343,0.27160966,0.6963152,0.21439745,0.48440987,0.6198821
3310,0.29671237,0.25486615,0.6661245,0.20884374,0.5124272,0.6620056
3311,0.3012368,0.26681474,0.6870157,0.21024957,0.48258173,0.62704825
3312,0.28689194,0.25274864,0.62137824,0.24074802,0.49555323,0.6211371
3313,0.28827015,0.26913851,0.7026714,0.22654672,0.4802928,0.5908872
3314,0.2835636,0.24819782,0.6133398,0.24289279,0.5012313,0.6135328
3315,0.28844535,0.26309216,0.6746934,0.24149698,0.511495,0.6278593
3316,0.32151985,0.2479816,0.66775596,0.18002833,0.45564368,0.59591764
3317,0.2978912,0.2656692,0.689632,0.23711257,0.5120523,0.6332575
3318,0.27408838,0.22683148,0.6484892,0.18294846,0.4602656,0.5314614
3319,0.30371627,0.25990945,0.70590365,0.1888881,0.46136954,0.581394
3320,0.30078825,0.26108924,0.7138319,0.18620968,0.46262875,0.57645524
3321,0.28286165,0.27202457,0.7319869,0.18534155,0.48824805,0.57137954
3322,0.28317276,0.27397674,0.74369365,0.18367645,0.48863107,0.5700316
3323,0.2958554,0.27012736,0.7212406,0.1872923,0.46993715,0.5490153
3324,0.28711325,0.27023476,0.72279036,0.1898498,0.47975203,0.5633216
3325,0.2983573,0.2653175,0.7549133,0.18195114,0.47804275,0.56221527
3326,0.30089402,0.26953673,0.7338227,0.18323116,0.4688881,0.548174
3327,0.29138774,0.268262,0.68450385,0.20838463,0.45971274,0.6005229
3328,0.29544646,0.26877356,0.68642616,0.2035565,0.45765132,0.59218955
3329,0.30609655,0.26361004,0.6911193,0.19120887,0.45824915,0.58996737
3330,0.30128217,0.26793027,0.68657655,0.19626655,0.45702243,0.5905873
3331,0.29126668,0.26523322,0.6768346,0.20445451,0.45913172,0.6072897
3332,0.29637572,0.26796308,0.6777927,0.19953975,0.4557105,0.59905416
3333,0.28690094,0.26751122,0.6925431,0.2073881,0.46615008,0.5903894
3334,0.28946406,0.26686057,0.69624895,0.2047549,0.4630327,0.58219314
3335,0.28981736,0.2696264,0.7819416,0.17812364,0.48643744,0.564057
3336,0.24747883,0.21962562,0.62487346,0.16683398,0.3906815,0.46881902
3337,0.2718186,0.22249097,0.6394383,0.16846557,0.47243673,0.52979535
3338,0.269222,0.25178587,0.66585207,0.22882752,0.44056502,0.5529748
3339,0.28034297,0.25798792,0.6313262,0.21362877,0.46320492,0.5939261
3340,0.26932976,0.25444204,0.73907334,0.18630171,0.45263246,0.54861146
3341,0.28870466,0.26466995,0.641609,0.21186325,0.45663783,0.5941399
3342,0.23283726,0.23456922,0.6568732,0.19149229,0.42989093,0.49579066
3343,0.27352974,0.22298466,0.6506654,0.16729015,0.4626873,0.5289554
3344,0.262212,0.26578337,0.715126,0.20869179,0.44840607,0.5761191
3345,0.25049484,0.21695575,0.66308933,0.16864142,0.39897406,0.46679053
3346,0.26105517,0.25460115,0.6847438,0.23140281,0.45493847,0.5595163
3347,0.24347845,0.21065886,0.65821373,0.15917566,0.39468068,0.45979947
3348,0.26356304,0.2473046,0.6372905,0.22140887,0.44171983,0.5601003
3349,0.2620833,0.2498859,0.69122326,0.20186636,0.45927727,0.5581543
3350,0.27853513,0.25818264,0.67350674,0.22047679,0.46493787,0.5782458
3351,0.27314895,0.25575596,0.7398578,0.18006214,0.43677336,0.5323832
3352,0.2716198,0.25143638,0.65191954,0.22253174,0.45981753,0.57684875
3353,0.23747736,0.23677859,0.6610476,0.19651031,0.43409562,0.5018635
3354,0.29879123,0.26475903,0.6485089,0.22154862,0.45097342,0.58218557
3355,0.2856428,0.24705009,0.6280774,0.19148493,0.5145004,0.6081445
3356,0.2931006,0.26215416,0.63531524,0.20170766,0.4854535,0.5963416
3357,0.23700902,0.2142672,0.66332626,0.15504938,0.3892661,0.45609915
3358,0.270714,0.26010746,0.7034681,0.21107349,0.46453828,0.58159554
3359,0.25655776,0.24707429,0.63024485,0.21945412,0.44837257,0.564809
3360,0.28161353,0.23186,0.6272015,0.17605916,0.49821988,0.5594261
3361,0.27936786,0.25090435,0.66056675,0.2192583,0.4292192,0.5386648
3362,0.2640167,0.2517598,0.7197209,0.19450207,0.4550403,0.5506303
3363,0.28569573,0.25644767,0.6541278,0.22494218,0.46818528,0.602859
3364,0.23154719,0.24030256,0.6491729,0.20276825,0.4314583,0.5050394
3365,0.24761859,0.22640279,0.6120142,0.180681,0.4061391,0.49261647
3366,0.2910362,0.2381033,0.6611227,0.18475461,0.45751023,0.5367478
3367,0.27055103,0.24206959,0.7015012,0.1925807,0.42770818,0.49860325
3368,0.27038977,0.25311878,0.64528066,0.21925548,0.45370468,0.5851274
3369,0.25265306,0.23933424,0.638544,0.21686596,0.4527302,0.5500587
3370,0.30029798,0.26822793,0.6509266,0.21758077,0.44916227,0.58742684
3371,0.2761315,0.2554868,0.64248693,0.21913946,0.45222098,0.5794215
3372,0.2923454,0.24180341,0.660974,0.1916118,0.44829103,0.5386679
3373,0.24836707,0.24188882,0.672571,0.19656263,0.43220574,0.4974435
3374,0.2916447,0.2582759,0.6463791,0.22124004,0.45884806,0.59286153
3375,0.28113326,0.25106084,0.66618204,0.2146543,0.43487427,0.541703
3376,0.23269753,0.20916668,0.6384631,0.15726474,0.39062646,0.4612125
3377,0.25195444,0.23833144,0.6186732,0.20267728,0.4370029,0.534294
3378,0.2602476,0.25192666,0.6727191,0.23109105,0.45684457,0.56646144
3379,0.23474213,0.20813158,0.6466727,0.15486988,0.38900477,0.45771953
3380,0.2832752,0.25468782,0.6453762,0.2009596,0.47046828,0.5789955
3381,0.28382927,0.2478543,0.65890247,0.20386474,0.4575807,0.55808055
3382,0.2700057,0.2174454,0.6360711,0.16691802,0.46595356,0.5131743
3383,0.24887104,0.22923917,0.61066294,0.18821165,0.42305678,0.50700295
3384,0.25587976,0.26978216,0.6922291,0.22190595,0.4595731,0.5859061
3385,0.27419275,0.22535808,0.6235152,0.17713347,0.4916604,0.54945815
3386,0.26997566,0.24693957,0.6469238,0.21938905,0.45137435,0.562
3387,0.2738352,0.2552926,0.6782598,0.22193618,0.449513,0.5706647
3388,0.26131803,0.2503533,0.68924606,0.20036007,0.4316698,0.5031098
3389,0.2793026,0.26352784,0.6858402,0.22061798,0.45447055,0.5790806
3390,0.26604807,0.24907592,0.6387719,0.21491516,0.43493244,0.5413614
3391,0.28480887,0.25685227,0.6435839,0.20358297,0.4743464,0.5896257
3392,0.26423824,0.24073839,0.69630176,0.19414446,0.435897,0.5054362
3393,0.26317394,0.2526936,0.7014233,0.20205797,0.45922253,0.5678915
3394,0.2808564,0.24403918,0.6463926,0.18589215,0.48949024,0.58965117
3395,0.28003207,0.2525724,0.6550372,0.2121395,0.439934,0.5441979
3396,0.26952177,0.27216107,0.6887382,0.20510267,0.43383476,0.5402668
3397,0.2513544,0.23404361,0.60455287,0.19183707,0.4253501,0.5101887
3398,0.27081048,0.25259975,0.69800884,0.2160164,0.44345492,0.5373394
3399,0.25565475,0.24483123,0.6522101,0.22571558,0.46378958,0.5659776
3400,0.27665064,0.25341517,0.6496084,0.22593781,0.4751119,0.60353655
3401,0.26721638,0.26880467,0.6994487,0.21293586,0.43452257,0.52894366
3402,0.25990987,0.23998225,0.6234727,0.20039777,0.4321825,0.52533114
3403,0.28022707,0.26038677,0.6351576,0.21594027,0.45603558,0.5918397
3404,0.25333318,0.22498387,0.6825557,0.16773975,0.40263277,0.46160936
3405,0.245988,0.21828298,0.676464,0.16005495,0.38949302,0.45207763
3406,0.26474705,0.24154754,0.63151413,0.21054554,0.43969792,0.5385226
3407,0.26649722,0.26547137,0.70649284,0.2083225,0.45175457,0.57902986
3408,0.2920614,0.2650291,0.6438961,0.21616557,0.45397663,0.58844525
3409,0.26400632,0.23904106,0.6838293,0.19390902,0.42986235,0.5127334
3410,0.2796639,0.22787592,0.6505111,0.17430073,0.46421155,0.53878236
3411,0.24304229,0.21353051,0.63328505,0.16050433,0.387479,0.46051115
3412,0.2603591,0.2427594,0.6724067,0.21469268,0.4475218,0.5419351
3413,0.28053218,0.254839,0.6650496,0.21739453,0.45127922,0.56808853
3414,0.28268248,0.2542009,0.6456406,0.1990541,0.5068374,0.616925
3415,0.26987955,0.26408255,0.7325546,0.19360198,0.44598958,0.5617094
3416,0.24376614,0.2227191,0.6782623,0.16978516,0.40845507,0.46403748
3417,0.27450886,0.2553083,0.6372217,0.21274424,0.46635127,0.59418243
3418,0.2714333,0.2538803,0.6422057,0.2175651,0.44950476,0.5751601
3419,0.26540366,0.2536084,0.6956736,0.20491582,0.4356186,0.51472056
3420,0.24834184,0.22744349,0.6064563,0.1772959,0.4130218,0.4941482
3421,0.28505313,0.24908221,0.65285695,0.20878835,0.44199637,0.5507522
3422,0.26392126,0.23192519,0.69319737,0.17993063,0.40852857,0.46849057
3423,0.27252844,0.22634485,0.6377827,0.17508419,0.4880836,0.5615552
3424,0.26861235,0.25123262,0.6402835,0.22311296,0.44627392,0.5662688
3425,0.25905606,0.24896751,0.6386557,0.22218582,0.4524882,0.57590735
3426,0.26602748,0.25963596,0.68381596,0.2282455,0.45596135,0.5833496
3427,0.2642076,0.26959923,0.6949022,0.22357935,0.4497647,0.5780414
3428,0.28979492,0.26225677,0.6450634,0.20519504,0.46465075,0.59577715
3429,0.24840653,0.22968468,0.62272537,0.1950807,0.42628288,0.51822484
3430,0.28908688,0.24869248,0.65644157,0.20597483,0.42144325,0.5184543
3431,0.2729931,0.2198841,0.6459469,0.16555244,0.46205762,0.5208873
3432,0.25355878,0.21799676,0.6829227,0.16879085,0.39808184,0.46029502
3433,0.22812231,0.21972057,0.6644445,0.17227072,0.419148,0.4795264
3434,0.27084762,0.25898665,0.72917604,0.19232415,0.4527306,0.56429034
3435,0.27281338,0.25250235,0.6463453,0.22379497,0.4435317,0.5623212
3436,0.27526218,0.23799124,0.6445924,0.18249059,0.5170541,0.6100248
3437,0.271654,0.2507259,0.6448635,0.22333838,0.43785295,0.54254246
3438,0.2945835,0.26260597,0.65236884,0.22244778,0.44974366,0.58504355
3439,0.26039618,0.26725453,0.6966083,0.22786327,0.4501697,0.56796205
3440,0.26473412,0.26237556,0.71360457,0.22078118,0.4496425,0.5463463
3441,0.25171566,0.2371515,0.62122226,0.20692772,0.44209296,0.53957164
3442,0.28420958,0.2591734,0.6427774,0.22016138,0.45171124,0.58406365
3443,0.2692474,0.2640129,0.6883055,0.22338353,0.4503747,0.5794544
3444,0.274494,0.25669044,0.6276889,0.21562192,0.4534734,0.58348703
3445,0.2570133,0.23530641,0.6566382,0.19394907,0.42926958,0.52217853
3446,0.26034203,0.25684458,0.6790172,0.22934411,0.45911333,0.57625186
3447,0.28268427,0.25029728,0.6708575,0.21513264,0.42252016,0.53011096
3448,0.28924972,0.24971816,0.6576059,0.20568356,0.41568083,0.51619744
3449,0.27376142,0.25572824,0.6374358,0.2169303,0.45023295,0.57423675
3450,0.25336775,0.22515713,0.66762435,0.17982005,0.4132681,0.4884594
3451,0.24930066,0.22313446,0.61405075,0.16860601,0.39193493,0.47135025
3452,0.27797008,0.22639796,0.6480241,0.16551001,0.46160445,0.5255493
3453,0.25783518,0.24822728,0.6741407,0.23146659,0.46170443,0.56534165
3454,0.26418686,0.25164965,0.64605635,0.22771254,0.45053625,0.5729718
3455,0.25564644,0.24790332,0.6420838,0.22858058,0.45795044,0.56990504
3456,0.2953971,0.26596817,0.6554115,0.21156012,0.45258322,0.5979522
3457,0.26712668,0.25317013,0.6787064,0.22369045,0.45051005,0.57510006
3458,0.27969173,0.2565714,0.65413046,0.21959926,0.45921808,0.5960169
3459,0.25380573,0.24488197,0.63427025,0.22209021,0.45623446,0.56552243
3460,0.27742213,0.22983941,0.6457714,0.16941959,0.47183096,0.5417892
3461,0.23470493,0.20877773,0.654155,0.15566248,0.39104825,0.4566238
3462,0.26650548,0.251414,0.6777639,0.22932363,0.44619298,0.5613424
3463,0.28363055,0.23944135,0.6495482,0.1779715,0.46488154,0.5419455
3464,0.2594173,0.22475764,0.6854409,0.17923705,0.4090211,0.47503805
3465,0.25675023,0.23732176,0.68561924,0.18902709,0.42536318,0.4864938
3466,0.25911617,0.25150114,0.6627792,0.23229215,0.4549356,0.56103325
3467,0.26934913,0.254094,0.6451842,0.22159597,0.4554267,0.57868767
3468,0.27844828,0.23148812,0.64804965,0.17323218,0.463892,0.54045504
3469,0.23889142,0.21925996,0.6732872,0.15992883,0.39616275,0.46067742
3470,0.29162225,0.26466447,0.64399207,0.20381162,0.45613223,0.5960804
3471,0.24737169,0.2308789,0.6741579,0.18208036,0.42041364,0.46876565
3472,0.26679382,0.25029916,0.71379447,0.20897886,0.44889057,0.531312
3473,0.25701344,0.22535641,0.63939935,0.17469616,0.39587742,0.4746107
3474,0.25756449,0.26500505,0.69585156,0.2074564,0.45135885,0.569921
3475,0.26656336,0.2586752,0.7182691,0.22601792,0.45004505,0.5498723
3476,0.2624279,0.24854594,0.63875806,0.22094232,0.45264488,0.5805595
3477,0.26976657,0.25087917,0.643286,0.21982343,0.4653008,0.6024207
3478,0.28419635,0.2607876,0.63745666,0.21436083,0.46539998,0.5993466
3479,0.2727444,0.22148311,0.6267794,0.17060596,0.47961214,0.5293438
3480,0.27903906,0.24848625,0.6463276,0.20796864,0.44875064,0.56306493
3481,0.2872216,0.24798252,0.65067244,0.20224887,0.43060642,0.54018676
3482,0.2789306,0.24367228,0.6535945,0.19106025,0.473571,0.5746523
3483,0.27985552,0.24168947,0.655223,0.18848091,0.4733595,0.56300247
3484,0.28212145,0.24344724,0.65683067,0.19321853,0.46944633,0.56279737
3485,0.28533247,0.24553655,0.65349567,0.19757792,0.4566291,0.55525964
3486,0.2884881,0.24434637,0.65485716,0.19692591,0.44048333,0.5395812
3487,0.27413276,0.24704316,0.64385843,0.20482379,0.4623573,0.5813875
3488,0.2747475,0.25264156,0.6434334,0.20631087,0.46842661,0.5878883
3489,0.28514144,0.24133003,0.65676683,0.18606344,0.46231043,0.54462135
3490,0.27091742,0.25575298,0.6411556,0.21897413,0.461439,0.5817175
3491,0.26961815,0.25432163,0.6406988,0.21622863,0.4596029,0.5788201
3492,0.27209517,0.25538415,0.6320936,0.21457167,0.4555336,0.581002
3493,0.27029186,0.2541061,0.63315535,0.21441251,0.45722127,0.57957983
3494,0.29046953,0.24643591,0.65766823,0.19910684,0.42880553,0.525993
3495,0.2919457,0.24354932,0.66144073,0.19528608,0.43845686,0.5327265
3496,0.28977495,0.24435121,0.6620586,0.19112521,0.4550424,0.5439077
3497,0.2912339,0.24019536,0.6625651,0.18635467,0.45586592,0.53983974
3498,0.28008917,0.2518414,0.6617269,0.21348798,0.46729112,0.57481235
3499,0.27653915,0.25356174,0.6646578,0.21826482,0.47006977,0.581642
3500,0.28768092,0.18389863,0.5497563,0.10888092,0.47046155,0.51679486
3501,0.29189056,0.18053353,0.53700334,0.11300397,0.47529882,0.5280366
3502,0.28930396,0.18923071,0.5517557,0.111693926,0.4711705,0.5227157
3503,0.2866356,0.18004324,0.5459958,0.11015651,0.47485942,0.52370334
3504,0.2891278,0.18010676,0.53615195,0.1143139,0.47305214,0.52949035
3505,0.28992462,0.17985147,0.53930604,0.11220985,0.4789332,0.5334469
3506,0.28925472,0.1878378,0.5588594,0.11061278,0.47174558,0.5167516
3507,0.28852996,0.18017429,0.5343815,0.11772993,0.47197187,0.5273913
3508,0.28850576,0.1845819,0.53998315,0.11234266,0.4713382,0.52637184
3509,0.28592628,0.18091562,0.53678095,0.11443322,0.4722474,0.5282431
3510,0.2280336,0.22748682,0.7332224,0.17953384,0.4077522,0.48666114
3511,0.23122999,0.23142682,0.7273608,0.17505267,0.42047223,0.498753
3512,0.25584176,0.2574722,0.72405267,0.17992753,0.442024,0.51645774
3513,0.24305354,0.24152094,0.6768598,0.17386112,0.4159993,0.49494076
3514,0.23874095,0.2347947,0.74126065,0.18185565,0.41293204,0.49692976
3515,0.23263857,0.2309094,0.7511036,0.15746374,0.39991286,0.48806867
3516,0.24736157,0.24415028,0.6691714,0.1838674,0.42165107,0.5046271
3517,0.25416294,0.26253343,0.73996335,0.17872755,0.4568812,0.53024733
3518,0.2473134,0.2390923,0.72848713,0.18680188,0.419033,0.4978408
3519,0.22043951,0.2213585,0.73040634,0.17552924,0.3920314,0.4730671
3520,0.2538566,0.24564014,0.7058285,0.18593767,0.42264044,0.50053334
3521,0.23691642,0.2356134,0.6988815,0.17260227,0.41983423,0.496495
3522,0.24894382,0.24542029,0.73664147,0.18043885,0.43091115,0.51292473
3523,0.25154445,0.24241807,0.68914306,0.1834413,0.41440156,0.49206895
3524,0.2277019,0.22472422,0.7345276,0.1628052,0.390791,0.47945613
3525,0.2591095,0.2536336,0.69416696,0.18068278,0.43045342,0.5065384
3526,0.24401133,0.24375638,0.7651924,0.1715796,0.42546374,0.5121654
3527,0.24637893,0.24086411,0.70350444,0.1778635,0.41655546,0.49156356
3528,0.24177,0.23693824,0.7458004,0.17810042,0.41536927,0.50503093
3529,0.2525633,0.24463412,0.6678639,0.18125564,0.41227633,0.49760777
3530,0.2502352,0.25320253,0.76257885,0.17681581,0.4428419,0.52201873
3531,0.25886393,0.24749681,0.6737079,0.18347155,0.41470432,0.49812454
3532,0.22651953,0.2260721,0.731233,0.17005968,0.39114004,0.47816327
3533,0.2389771,0.2383528,0.7276538,0.18048173,0.42060578,0.495831
3534,0.2920782,0.2532719,0.6410214,0.24030004,0.5092869,0.624347
3535,0.32097584,0.24399275,0.6086979,0.20836589,0.43811256,0.52083087
3536,0.32821363,0.24536932,0.6446358,0.1976264,0.46383613,0.5558561
3537,0.3164888,0.24104843,0.61260235,0.19469567,0.44733533,0.5245235
3538,0.27751678,0.22400124,0.57136095,0.21083488,0.4340971,0.50845194
3539,0.2952364,0.25119254,0.6486064,0.23417743,0.5133165,0.6350019
3540,0.32647598,0.24458386,0.63222253,0.19341356,0.45773828,0.5409255
3541,0.28435495,0.22979489,0.56152666,0.22775672,0.44496316,0.53456783
3542,0.32655218,0.24632871,0.6453831,0.20117112,0.4729615,0.5806024
3543,0.27364108,0.21694173,0.5964417,0.18263258,0.43376267,0.48836637
3544,0.29509044,0.22889023,0.61134344,0.17990498,0.43629178,0.48155296
3545,0.30180758,0.24779183,0.6633284,0.20695387,0.51559997,0.65012634
3546,0.29835802,0.22947375,0.5900081,0.19454324,0.41541412,0.46965155
3547,0.2976238,0.2501496,0.653748,0.22103435,0.51371455,0.6415336
3548,0.2944528,0.25225267,0.62490547,0.24339928,0.4996384,0.6049431
3549,0.31349725,0.24030815,0.5861774,0.2078781,0.4214889,0.48885834
3550,0.30487692,0.23542076,0.60493726,0.18975832,0.4441098,0.5091256
3551,0.29092693,0.24047971,0.5821916,0.23761256,0.472614,0.5714439
3552,0.31583875,0.24516629,0.61837703,0.21582352,0.46862757,0.5625305
3553,0.3139372,0.24841343,0.66000074,0.20908111,0.49721646,0.61589324
3554,0.30058688,0.23922402,0.57662576,0.22367617,0.44717363,0.53268325
3555,0.29735625,0.24773563,0.61956334,0.23080868,0.4910805,0.59815776
3556,0.27411819,0.21556285,0.61050105,0.17138028,0.44961908,0.50009876
3557,0.30011168,0.23472801,0.5685353,0.21827675,0.42329437,0.49332115
3558,0.3102404,0.24991788,0.6440593,0.22175848,0.4901215,0.6025348
3559,0.28273648,0.21967968,0.612993,0.17294493,0.44346178,0.4892311
3560,0.29660973,0.25014728,0.6922934,0.14394695,0.5003586,0.6617639
3561,0.3337039,0.23895355,0.6608969,0.16234604,0.43256673,0.5596411
3562,0.29045537,0.23020238,0.61572945,0.17377645,0.4765672,0.52178264
3563,0.24348795,0.23889703,0.8071166,0.16467153,0.42048165,0.50962555
3564,0.2816919,0.25452358,0.86094743,0.16406198,0.4860342,0.5893941
3565,0.29783797,0.24193688,0.7054913,0.14892331,0.5034064,0.61454654
3566,0.28572184,0.23383361,0.6358307,0.14411803,0.5006784,0.6351581
3567,0.34618706,0.2383691,0.6454743,0.16338077,0.43807757,0.5467099
3568,0.33700907,0.24397111,0.68557835,0.17523727,0.49898392,0.59480953
3569,0.28897208,0.22824478,0.6174613,0.17315722,0.46351272,0.5083063
3570,0.30648977,0.24627489,0.7693761,0.165277,0.5158419,0.7026181
3571,0.3470564,0.23989956,0.6551361,0.16529271,0.45569238,0.5507513
3572,0.30721834,0.23966168,0.6302225,0.18261789,0.4806772,0.5554347
3573,0.28245246,0.2323629,0.5718284,0.1696852,0.49024263,0.60646987
3574,0.31177145,0.24211454,0.63007915,0.18704638,0.49621615,0.5652617
3575,0.29663223,0.23222633,0.6197809,0.17202169,0.4779454,0.52676076
3576,0.2712751,0.21677119,0.6187731,0.16706742,0.46455085,0.5118423
3577,0.28843546,0.26422387,0.7683873,0.15716118,0.5097712,0.69690883
3578,0.24845159,0.22307605,0.7190747,0.16300194,0.4505975,0.59772646
3579,0.28140715,0.24393989,0.61954,0.15987122,0.5048374,0.67188567
3580,0.32992285,0.24571458,0.68195385,0.17665577,0.49885708,0.5911852
3581,0.30697048,0.24721602,0.7655095,0.1658229,0.4726055,0.59437925
3582,0.31566262,0.24974552,0.70855093,0.16238001,0.52572083,0.5997492
3583,0.2566851,0.228312,0.64650613,0.16322981,0.47941777,0.62988585
3584,0.29927412,0.24147195,0.69937503,0.14729795,0.49739692,0.6038526
3585,0.25935906,0.23872957,0.6853681,0.16709453,0.50392437,0.6643159
3586,0.30604553,0.24032658,0.63230836,0.1824334,0.5064297,0.560593
3587,0.28767902,0.25675654,0.8527712,0.17455423,0.5387426,0.74622476
3588,0.27758008,0.2280195,0.5952253,0.15665023,0.49799716,0.61650836
3589,0.3277339,0.25067073,0.7225449,0.1518826,0.49958622,0.5745149
3590,0.3127854,0.2500796,0.7349635,0.16127376,0.50395155,0.6594504
3591,0.27620944,0.22021428,0.61855257,0.16664505,0.4678601,0.51171553
3592,0.25706223,0.25070146,0.86214703,0.16949846,0.45421952,0.550264
3593,0.32356936,0.25072396,0.684407,0.17251053,0.5036747,0.5811603
3594,0.3437444,0.24258356,0.6707789,0.16903062,0.48139322,0.5838869
3595,0.31848705,0.24356113,0.64985406,0.17936976,0.4975898,0.5784927
3596,0.27984828,0.23476675,0.5894242,0.16253382,0.48941845,0.63175106
3597,0.22518735,0.18875007,0.50263625,0.16158947,0.43877858,0.56413436
3598,0.31731784,0.24032712,0.6963071,0.16086775,0.4524771,0.5777774
3599,0.32412967,0.24331844,0.6532857,0.1770955,0.4938277,0.55062664
3600,0.3001202,0.2333254,0.6190151,0.17240952,0.47768444,0.5208826
3601,0.28607935,0.2557701,0.7132883,0.16453025,0.5047788,0.68666553
3602,0.3362561,0.25034964,0.7343544,0.16574134,0.54201484,0.63636816
3603,0.28564522,0.23172554,0.5901397,0.16074078,0.48528928,0.60154617
3604,0.24532898,0.2373609,0.8326621,0.17067592,0.43588352,0.5383786
3605,0.29571742,0.24987665,0.82027495,0.16830346,0.484468,0.6070526
3606,0.31703624,0.24871197,0.724839,0.15204993,0.509391,0.6059213
3607,0.22721985,0.22456212,0.7564528,0.15423924,0.39369634,0.48190558
3608,0.29027244,0.23403963,0.6395482,0.14213088,0.46760982,0.5980948
3609,0.27337584,0.25899324,0.9018225,0.17338035,0.5020809,0.6578839
3610,0.29458642,0.2369189,0.68594396,0.14597136,0.4701982,0.5910799
3611,0.29258808,0.2317393,0.62015814,0.17941485,0.4740583,0.5288409
3612,0.3125589,0.24308673,0.7295713,0.16144602,0.46372256,0.5900743
3613,0.29935044,0.23755057,0.6713207,0.14298558,0.45132166,0.58024335
3614,0.30114755,0.2506643,0.73913115,0.1516753,0.48920858,0.62996376
3615,0.3181471,0.24546576,0.71672344,0.15648802,0.53440696,0.62889946
3616,0.3388968,0.25148445,0.71056986,0.1671412,0.51363,0.5862382
3617,0.3371578,0.24487607,0.72281504,0.16104682,0.52103305,0.627684
3618,0.29334003,0.2700931,0.7858341,0.15389153,0.5128877,0.7140071
3619,0.2701925,0.26019925,0.8842674,0.1639131,0.4807986,0.5796997
3620,0.32197636,0.24595185,0.6762231,0.1727628,0.51188415,0.5869288
3621,0.2798605,0.26197195,0.9339683,0.17383416,0.53492206,0.7172575
3622,0.3241649,0.24519527,0.6763887,0.16651978,0.4917311,0.5478163
3623,0.3205552,0.24547014,0.7130407,0.16280685,0.5196372,0.65971017
3624,0.3260272,0.24661589,0.6958191,0.17143452,0.51799905,0.5901965
3625,0.3161788,0.24986795,0.72927994,0.14970244,0.5039569,0.59296733
3626,0.28693247,0.22648966,0.6144031,0.17053679,0.47169948,0.51594913
3627,0.26988405,0.25368467,0.88531584,0.16485216,0.4743134,0.5900942
3628,0.31496495,0.2415269,0.70865154,0.1602138,0.49359977,0.6484356
3629,0.29905462,0.24126193,0.7019748,0.14873677,0.47380927,0.5995107
3630,0.2645616,0.24967706,0.8099881,0.16765098,0.49416485,0.6543337
3631,0.3136713,0.250784,0.7378962,0.15693201,0.5029041,0.64184284
3632,0.2857679,0.25603065,0.9046255,0.16818227,0.49512827,0.6199596
3633,0.2792338,0.22368276,0.6169616,0.16968769,0.47474542,0.52172995
3634,0.279961,0.22981656,0.61728454,0.14439149,0.49049872,0.61817974
3635,0.34539333,0.24316168,0.6924039,0.16575727,0.49276966,0.59534883
3636,0.26681587,0.24756257,0.7175403,0.17303161,0.51066595,0.6902952
3637,0.29615915,0.26278794,0.803473,0.1641089,0.513811,0.70757616
3638,0.3291938,0.23821603,0.69069695,0.15876867,0.48783773,0.62907296
3639,0.2920784,0.25255626,0.66427875,0.15263756,0.4959166,0.6574133
3640,0.3230343,0.24842478,0.7267931,0.16322324,0.53593475,0.61473906
3641,0.29096138,0.25410956,0.8840263,0.175655,0.51358414,0.67964566
3642,0.31466192,0.241095,0.64103603,0.17762706,0.49690092,0.55216384
3643,0.31477502,0.2482765,0.7125541,0.15436903,0.50671756,0.63174224
3644,0.2733171,0.25994372,0.8256556,0.16885948,0.50832903,0.6923245
3645,0.30375817,0.2462008,0.80686355,0.16893974,0.497541,0.65049523
3646,0.2173481,0.21452115,0.7296956,0.17046416,0.38519567,0.46512955
3647,0.33740973,0.24969356,0.70510477,0.17205586,0.5130207,0.60991627
3648,0.30335,0.25482845,0.78158176,0.16386685,0.5115013,0.68357396
3649,0.2824302,0.22238402,0.6162747,0.16830535,0.45983675,0.5034638
3650,0.3266911,0.24804161,0.7271583,0.15336522,0.5137278,0.59042746
3651,0.30982998,0.24145177,0.7298963,0.16006322,0.473049,0.6155289
3652,0.22165792,0.21792921,0.7383543,0.15892985,0.38884068,0.4710058
3653,0.3282752,0.24632816,0.67446434,0.17025656,0.50030535,0.5590701
3654,0.32308137,0.24693914,0.73791975,0.16174456,0.54620194,0.6432502
3655,0.3039263,0.2371918,0.6326301,0.17297181,0.49020463,0.54192924
3656,0.3466439,0.23929955,0.66074055,0.15830281,0.44918227,0.5624122
3657,0.34935522,0.24023838,0.68948007,0.1574491,0.47941643,0.57885313
3658,0.27767318,0.26706895,0.8772639,0.1659012,0.5285546,0.7409853
3659,0.28603792,0.23418462,0.5989054,0.15801439,0.4895712,0.6180868
3660,0.30179167,0.25312823,0.7229269,0.14929974,0.504292,0.659436
3661,0.2582065,0.24641198,0.85113204,0.16970515,0.46342203,0.59091866
3662,0.32134968,0.24512832,0.726202,0.162729,0.53770256,0.661502
3663,0.29556006,0.23950955,0.6709317,0.142614,0.47860944,0.6073303
3664,0.30339402,0.23690552,0.6382143,0.17432302,0.48377436,0.543607
3665,0.32617083,0.24678573,0.7131372,0.16931535,0.53614753,0.6128234
3666,0.32319707,0.23918597,0.67751795,0.16186224,0.46201742,0.59806764
3667,0.32012707,0.24891846,0.7160314,0.1628725,0.5305016,0.60377073
3668,0.3406785,0.24940664,0.7159931,0.16688171,0.5154994,0.6139194
3669,0.30874038,0.24038586,0.6299541,0.17639056,0.4868353,0.5332588
3670,0.28217196,0.26721922,0.8880694,0.1732583,0.5394722,0.7564506
